,Hours_Studied,Attendance,Parental_Involvement,Access_to_Resources,Sleep_Hours,Previous_Scores,Motivation_Level,Tutoring_Sessions,Family_Income,Teacher_Quality,Physical_Activity,Parental_Education_Level,Distance_from_Home,Exam_Score,Gender_Male,Gender_Female,School_Type_Public,School_Type_Private,Extracurricular_Activities_No,Extracurricular_Activities_Yes,Internet_Access_No,Internet_Access_Yes,Learning_Disabilities_No,Learning_Disabilities_Yes,Peer_Influence_Negative,Peer_Influence_Neutral,Peer_Influence_Positive
0,23,84,0,2,7,73,0,0,0,1,3,0,0,67,1,0,1,0,1,0,0,1,1,0,0,0,1
1,19,64,0,1,8,59,0,2,1,1,4,1,1,61,0,1,1,0,1,0,0,1,1,0,1,0,0
2,24,98,1,1,7,91,1,2,1,1,4,2,0,74,1,0,1,0,0,1,0,1,1,0,0,1,0
3,29,89,0,1,8,98,1,1,1,1,4,0,1,71,1,0,1,0,0,1,0,1,1,0,1,0,0
4,19,92,1,1,6,65,1,3,1,2,4,1,0,70,0,1,1,0,0,1,0,1,1,0,0,1,0
5,19,88,1,1,8,89,1,3,1,1,3,2,0,71,1,0,1,0,0,1,0,1,1,0,0,0,1
6,29,84,1,0,7,68,0,1,0,1,2,0,1,67,1,0,0,1,0,1,0,1,1,0,0,1,0
7,25,78,0,2,6,50,1,1,2,2,2,0,2,66,1,0,1,0,0,1,0,1,1,0,1,0,0
8,17,94,1,2,6,80,2,0,1,0,1,1,0,69,1,0,0,1,1,0,0,1,1,0,0,1,0
9,23,98,1,1,8,71,1,0,2,2,5,0,1,72,1,0,1,0,0,1,0,1,1,0,0,0,1
10,17,80,0,2,8,88,1,4,1,2,4,1,1,68,1,0,0,1,1,0,1,0,1,0,0,1,0
11,17,97,1,2,6,87,0,2,0,2,2,0,0,71,1,0,0,1,0,1,0,1,1,0,0,1,0
12,21,83,1,1,8,97,0,2,1,1,4,0,0,70,1,0,1,0,0,1,0,1,1,0,0,0,1
13,9,82,1,1,8,72,1,2,1,1,3,2,0,66,1,0,0,1,0,1,0,1,1,0,0,0,1
14,10,78,1,2,8,74,1,1,0,1,4,2,0,65,1,0,0,1,0,1,0,1,1,0,0,1,0
15,17,68,1,1,8,70,1,2,1,1,4,0,0,64,0,1,0,1,1,0,0,1,1,0,0,0,1
16,14,60,1,0,10,65,0,0,2,1,3,1,0,60,1,0,0,1,0,1,0,1,1,0,0,0,1
17,22,70,0,1,6,82,1,1,0,2,3,0,0,65,0,1,1,0,0,1,0,1,1,0,0,1,0
18,15,80,1,1,9,91,0,3,0,1,2,1,1,67,0,1,1,0,0,1,0,1,1,0,0,0,1
19,12,75,1,2,7,58,1,3,1,1,4,1,0,66,1,0,0,1,0,1,0,1,1,0,0,0,1
20,29,78,1,1,5,99,2,0,2,1,1,0,1,69,0,1,1,0,1,0,0,1,1,0,1,0,0
21,19,99,1,2,6,84,1,1,1,2,3,0,0,72,1,0,1,0,1,0,0,1,1,0,0,1,0
22,20,74,1,2,8,89,0,1,1,1,2,1,1,66,0,1,1,0,1,0,0,1,1,0,1,0,0
23,11,78,2,1,8,100,2,1,0,1,3,0,1,66,1,0,1,0,0,1,0,1,1,0,0,1,0
24,17,65,0,2,5,75,1,2,0,1,3,0,0,63,0,1,1,0,0,1,0,1,1,0,0,0,1
25,21,62,2,0,6,54,2,0,2,2,3,2,2,64,1,0,1,0,0,1,0,1,1,0,0,0,1
26,13,91,0,1,6,90,1,1,2,1,2,0,1,65,0,1,1,0,1,0,0,1,0,1,1,0,0
27,22,83,2,2,6,94,1,0,2,1,2,1,1,71,1,0,1,0,0,1,0,1,1,0,0,1,0
28,16,90,1,1,4,58,1,1,0,1,3,0,1,66,0,1,1,0,1,0,0,1,1,0,0,1,0
29,18,66,2,2,4,51,0,2,0,1,2,1,0,64,1,0,0,1,1,0,0,1,1,0,0,1,0
30,16,83,0,1,6,57,1,0,2,0,4,0,0,63,0,1,1,0,1,0,0,1,0,1,0,0,1
31,31,70,1,2,7,66,1,1,2,1,3,1,0,69,1,0,1,0,0,1,0,1,1,0,1,0,0
32,20,69,1,1,8,96,1,2,1,2,3,0,0,67,1,0,1,0,0,1,0,1,1,0,0,0,1
33,14,60,2,1,5,50,1,2,1,1,3,1,0,61,0,1,1,0,1,0,0,1,1,0,0,1,0
34,25,65,2,1,5,90,1,2,1,1,3,1,1,68,0,1,1,0,1,0,0,1,1,0,0,0,1
35,13,72,0,1,6,93,0,1,0,1,3,0,0,61,1,0,1,0,1,0,0,1,1,0,1,0,0
36,21,65,1,0,7,91,0,2,1,2,3,0,2,64,0,1,1,0,0,1,0,1,1,0,0,0,1
37,8,99,1,1,9,54,0,2,0,1,5,2,0,67,0,1,1,0,1,0,0,1,1,0,0,1,0
38,12,72,0,1,8,84,1,1,0,1,5,0,0,63,0,1,1,0,0,1,0,1,1,0,0,0,1
39,21,65,0,1,6,98,0,1,1,2,4,0,0,64,1,0,1,0,0,1,0,1,1,0,1,0,0
40,24,68,2,1,8,56,0,3,2,2,1,1,0,67,1,0,1,0,1,0,0,1,1,0,0,1,0
41,21,84,1,1,6,52,0,1,1,2,2,1,2,65,0,1,1,0,0,1,0,1,0,1,0,1,0
42,19,63,0,2,7,94,1,1,1,1,3,0,1,64,1,0,0,1,1,0,0,1,1,0,0,0,1
43,18,94,1,2,7,82,1,3,1,1,2,1,0,70,1,0,0,1,0,1,0,1,0,1,1,0,0
44,11,98,1,1,9,82,0,1,1,1,3,2,2,68,1,0,0,1,0,1,0,1,1,0,0,0,1
45,16,70,1,1,8,98,1,2,1,1,3,0,1,65,1,0,1,0,0,1,0,1,1,0,0,0,1
46,17,78,1,1,6,88,1,1,1,2,3,1,0,68,0,1,0,1,0,1,0,1,1,0,0,0,1
47,26,61,1,0,6,70,1,2,0,1,3,0,1,64,0,1,1,0,0,1,0,1,1,0,0,0,1
48,22,86,0,1,7,72,0,3,0,2,2,0,1,68,1,0,1,0,0,1,0,1,1,0,0,0,1
49,9,77,1,1,5,57,1,2,1,2,3,0,0,63,1,0,1,0,1,0,0,1,1,0,0,1,0
50,22,71,0,1,7,65,0,1,1,0,4,1,1,64,1,0,1,0,0,1,0,1,1,0,0,0,1
51,18,68,2,1,7,72,1,0,1,1,3,1,0,64,1,0,1,0,1,0,0,1,1,0,0,1,0
52,16,86,0,1,8,63,1,2,1,1,4,0,0,67,1,0,1,0,0,1,0,1,1,0,0,0,1
53,24,77,2,0,8,96,1,0,1,1,3,0,0,67,0,1,1,0,1,0,0,1,1,0,0,1,0
54,26,67,1,2,7,51,0,2,2,2,4,2,2,66,0,1,0,1,0,1,0,1,0,1,0,1,0
55,26,88,1,2,5,79,1,1,0,2,4,1,1,72,1,0,0,1,0,1,0,1,1,0,0,0,1
56,15,83,1,2,5,89,0,1,1,2,2,0,0,65,0,1,1,0,1,0,1,0,0,1,0,1,0
57,18,94,1,1,6,87,2,1,1,1,4,0,0,71,1,0,1,0,0,1,0,1,1,0,0,0,1
58,22,65,2,0,8,82,1,2,1,2,1,2,0,66,0,1,1,0,1,0,0,1,1,0,0,0,1
59,26,91,1,0,8,71,1,0,0,1,3,0,1,68,1,0,0,1,0,1,0,1,1,0,0,1,0
60,17,87,1,1,7,96,1,1,2,1,5,2,0,70,0,1,1,0,1,0,0,1,1,0,1,0,0
61,19,65,1,1,10,66,0,0,0,1,3,0,1,62,1,0,1,0,0,1,0,1,1,0,0,0,1
62,13,88,0,2,9,88,2,2,0,2,4,2,2,68,1,0,0,1,0,1,0,1,1,0,1,0,0
63,13,78,1,2,9,96,2,2,0,1,3,1,1,67,1,0,1,0,0,1,0,1,1,0,0,1,0
64,25,98,0,2,8,56,1,0,1,2,3,2,0,71,1,0,0,1,0,1,1,0,1,0,0,1,0
65,28,66,1,2,8,97,1,0,1,1,2,0,0,68,1,0,1,0,0,1,0,1,1,0,0,1,0
66,20,86,1,1,8,89,1,1,0,1,3,2,0,69,1,0,1,0,0,1,0,1,1,0,1,0,0
67,26,75,0,2,4,81,2,3,1,2,2,0,1,70,1,0,0,1,0,1,0,1,1,0,0,0,1
68,22,98,1,2,5,69,0,1,0,2,4,0,1,69,0,1,1,0,1,0,1,0,1,0,1,0,0
69,16,73,1,1,7,95,1,1,0,1,4,1,0,65,1,0,1,0,1,0,0,1,1,0,1,0,0
70,22,98,1,0,7,52,1,3,1,1,3,1,0,70,0,1,1,0,0,1,1,0,1,0,0,0,1
71,29,96,1,0,7,72,1,1,0,1,3,0,1,71,1,0,1,0,0,1,0,1,1,0,0,0,1
72,20,71,1,1,7,88,1,1,0,0,4,1,0,65,0,1,1,0,0,1,0,1,1,0,0,1,0
73,29,92,0,1,4,91,1,2,1,1,1,2,0,72,0,1,1,0,1,0,0,1,1,0,1,0,0
74,4,100,2,2,8,60,2,0,1,2,4,1,1,69,1,0,0,1,0,1,0,1,1,0,0,0,1
75,25,70,1,1,7,52,1,1,1,1,3,2,0,66,0,1,1,0,1,0,0,1,1,0,0,0,1
76,21,77,0,1,7,90,1,4,1,1,3,2,1,68,1,0,0,1,0,1,0,1,1,0,0,1,0
77,18,81,2,0,8,71,1,0,1,1,3,0,1,65,0,1,1,0,0,1,0,1,1,0,0,1,0
78,21,72,1,1,5,57,1,1,2,1,5,1,1,64,1,0,1,0,0,1,0,1,0,1,0,1,0
79,8,61,1,1,7,54,1,1,2,1,3,1,0,60,1,0,1,0,0,1,0,1,1,0,0,0,1
80,19,69,1,2,7,82,2,1,0,1,2,0,0,65,1,0,1,0,0,1,0,1,1,0,1,0,0
81,22,71,2,1,6,79,2,1,0,0,3,0,0,66,1,0,1,0,1,0,0,1,1,0,0,0,1
82,29,78,2,2,4,93,0,5,1,2,3,1,0,74,1,0,1,0,0,1,0,1,1,0,0,1,0
83,17,67,1,1,5,52,2,2,1,1,3,0,2,62,0,1,0,1,0,1,0,1,1,0,1,0,0
84,15,95,1,1,7,93,1,2,0,1,4,1,1,70,1,0,1,0,1,0,0,1,1,0,0,0,1
85,17,88,1,2,7,94,0,0,1,1,3,0,0,69,1,0,1,0,0,1,0,1,1,0,0,1,0
86,25,63,1,2,7,72,1,3,1,2,4,1,2,67,1,0,0,1,0,1,0,1,1,0,1,0,0
87,22,86,0,0,6,54,1,2,1,1,0,0,1,64,1,0,1,0,1,0,0,1,1,0,0,1,0
88,17,86,1,2,5,97,2,3,2,1,3,1,0,71,1,0,1,0,1,0,0,1,1,0,0,1,0
89,23,98,1,0,7,54,0,0,1,1,3,1,0,68,0,1,1,0,0,1,0,1,1,0,1,0,0
90,21,60,2,1,7,80,1,0,1,2,4,1,0,64,1,0,1,0,1,0,0,1,0,1,0,1,0
91,26,70,1,0,8,75,1,1,1,0,4,0,2,63,0,1,0,1,0,1,0,1,0,1,0,1,0
92,16,97,1,1,6,92,0,0,2,1,4,1,0,71,1,0,0,1,0,1,0,1,1,0,0,0,1
93,18,97,2,1,4,75,0,0,0,1,3,0,1,69,1,0,1,0,0,1,0,1,1,0,0,0,1
95,11,91,1,1,6,94,1,3,1,1,3,1,1,68,1,0,1,0,1,0,0,1,1,0,0,1,0
96,22,64,0,1,7,98,0,1,1,1,3,0,0,62,1,0,1,0,1,0,1,0,1,0,1,0,0
97,22,81,1,1,7,77,0,2,1,1,3,2,2,68,0,1,1,0,0,1,0,1,1,0,0,0,1
98,20,69,2,2,6,73,1,2,0,1,3,0,2,66,1,0,0,1,0,1,0,1,1,0,0,0,1
99,19,67,0,1,5,92,2,0,1,1,3,1,0,64,1,0,1,0,1,0,0,1,1,0,0,0,1
100,12,92,1,1,4,92,2,2,1,2,3,0,1,67,1,0,1,0,1,0,0,1,0,1,0,1,0
101,17,65,1,2,8,66,1,1,2,2,4,2,1,65,0,1,1,0,0,1,0,1,0,1,0,1,0
102,18,79,1,1,7,79,1,0,0,2,3,1,2,65,1,0,0,1,0,1,0,1,1,0,0,1,0
103,15,98,2,1,6,58,2,0,0,2,3,1,0,69,1,0,1,0,1,0,0,1,1,0,0,0,1
104,19,67,1,1,5,82,2,1,0,0,3,0,0,63,1,0,0,1,1,0,0,1,1,0,1,0,0
105,22,99,1,0,6,92,0,3,1,1,4,2,1,72,1,0,1,0,0,1,0,1,1,0,1,0,0
107,21,82,1,2,7,66,2,3,0,1,3,1,0,69,0,1,1,0,0,1,0,1,0,1,0,0,1
108,22,67,1,1,7,72,2,3,0,2,2,2,1,67,0,1,1,0,0,1,0,1,1,0,0,0,1
109,20,73,2,1,9,92,1,2,1,2,3,1,0,69,1,0,1,0,0,1,0,1,1,0,0,0,1
110,8,77,2,1,6,87,1,0,0,1,2,0,1,63,1,0,1,0,0,1,0,1,1,0,0,1,0
111,20,72,1,1,9,66,1,3,0,2,3,2,0,67,1,0,0,1,1,0,0,1,1,0,0,0,1
112,20,71,0,2,7,62,2,2,1,1,5,1,0,66,1,0,1,0,0,1,0,1,1,0,1,0,0
114,19,66,1,1,8,74,1,1,2,1,3,0,0,64,0,1,1,0,1,0,0,1,1,0,0,1,0
115,22,89,2,2,6,80,1,1,2,2,3,0,0,73,0,1,1,0,0,1,0,1,1,0,0,0,1
116,20,60,0,2,7,82,2,2,0,2,4,0,0,63,1,0,1,0,1,0,0,1,0,1,0,0,1
117,13,84,1,1,5,78,1,1,0,2,2,0,0,65,1,0,1,0,1,0,0,1,1,0,0,0,1
118,27,97,0,2,8,81,1,0,2,1,5,0,0,73,0,1,1,0,0,1,0,1,1,0,0,0,1
119,25,72,2,2,8,94,0,2,0,1,4,1,1,70,0,1,0,1,0,1,0,1,1,0,0,0,1
120,25,67,2,1,9,93,2,2,0,2,3,0,0,68,0,1,1,0,1,0,0,1,0,1,0,0,1
121,15,86,1,1,7,57,1,1,1,1,3,1,0,65,1,0,1,0,0,1,0,1,1,0,1,0,0
122,28,89,0,2,9,79,2,0,0,1,1,1,1,71,0,1,0,1,0,1,0,1,1,0,0,0,1
123,12,88,0,1,6,72,0,2,1,1,2,1,2,64,1,0,1,0,1,0,0,1,1,0,0,0,1
124,24,73,1,2,8,64,1,4,2,1,3,1,1,68,1,0,0,1,0,1,0,1,0,1,0,1,0
125,33,70,1,1,6,82,0,1,0,2,4,1,0,69,1,0,1,0,0,1,0,1,1,0,0,1,0
126,14,98,1,1,7,76,1,0,1,2,4,1,1,69,0,1,0,1,1,0,0,1,1,0,0,0,1
127,17,97,1,1,8,89,1,1,0,1,4,0,2,69,1,0,1,0,1,0,0,1,1,0,0,1,0
128,21,78,1,1,10,55,1,1,2,0,2,1,0,67,1,0,0,1,0,1,0,1,1,0,0,0,1
129,17,94,0,1,8,65,0,4,1,1,6,0,2,68,0,1,1,0,0,1,0,1,1,0,0,1,0
130,11,78,1,2,8,51,1,2,0,1,3,2,0,64,1,0,1,0,0,1,0,1,1,0,0,1,0
131,20,77,1,1,6,87,0,0,0,2,4,0,0,66,0,1,1,0,1,0,0,1,1,0,0,0,1
132,14,66,2,0,7,96,1,3,0,2,3,0,0,63,1,0,1,0,1,0,0,1,1,0,1,0,0
133,23,77,1,1,7,79,1,0,0,2,2,0,1,66,1,0,1,0,0,1,0,1,1,0,0,1,0
134,14,81,1,1,9,81,1,1,0,2,3,2,0,66,0,1,0,1,1,0,0,1,1,0,1,0,0
135,29,61,1,2,7,52,0,3,0,1,3,1,0,67,0,1,0,1,0,1,0,1,1,0,0,0,1
136,15,78,2,2,9,75,0,1,0,1,1,0,0,65,1,0,1,0,1,0,0,1,1,0,1,0,0
137,18,91,0,1,5,76,1,1,1,1,3,0,0,68,0,1,1,0,0,1,0,1,1,0,0,1,0
138,25,87,1,0,9,52,2,1,0,2,2,0,0,68,1,0,0,1,1,0,0,1,1,0,0,0,1
139,13,85,2,1,6,89,1,0,2,1,1,0,0,65,1,0,0,1,1,0,0,1,0,1,0,1,0
140,21,96,1,1,8,64,2,2,1,2,0,1,0,71,1,0,1,0,1,0,0,1,1,0,0,1,0
141,28,61,1,2,6,86,2,1,0,1,3,2,2,65,1,0,0,1,1,0,0,1,0,1,1,0,0
142,10,82,1,0,8,70,1,3,0,2,1,2,0,64,0,1,1,0,1,0,0,1,0,1,0,0,1
143,21,91,2,1,6,100,1,0,2,1,2,2,0,72,0,1,0,1,1,0,0,1,1,0,0,1,0
144,22,82,1,1,9,61,1,2,0,1,2,0,0,65,0,1,1,0,1,0,0,1,0,1,1,0,0
145,25,73,1,2,8,53,2,0,0,2,5,2,0,66,0,1,0,1,1,0,1,0,1,0,1,0,0
146,13,65,0,2,6,99,1,0,0,1,4,0,0,61,1,0,0,1,1,0,0,1,1,0,1,0,0
147,12,96,0,2,8,62,1,2,1,2,3,1,0,68,0,1,1,0,0,1,0,1,1,0,1,0,0
148,23,79,2,2,8,82,0,3,1,1,3,2,1,69,0,1,1,0,0,1,0,1,0,1,1,0,0
149,22,95,1,2,6,69,1,1,0,1,3,1,0,72,0,1,1,0,0,1,0,1,1,0,0,0,1
150,22,83,1,2,5,82,1,2,0,2,3,2,0,71,0,1,1,0,0,1,0,1,1,0,0,0,1
151,22,87,2,2,5,80,0,2,0,2,3,0,0,70,0,1,1,0,1,0,0,1,1,0,1,0,0
152,16,92,1,2,5,85,0,1,0,1,2,0,1,68,1,0,1,0,0,1,0,1,1,0,0,1,0
153,21,86,0,1,5,51,1,2,0,2,2,0,1,67,0,1,1,0,0,1,0,1,1,0,0,0,1
154,22,76,1,1,8,92,1,1,0,2,4,0,0,68,0,1,1,0,0,1,0,1,1,0,0,1,0
155,16,81,1,1,8,74,1,3,1,1,2,2,0,68,0,1,1,0,0,1,0,1,1,0,0,0,1
156,31,92,1,1,4,76,1,2,1,2,4,0,2,72,1,0,1,0,0,1,0,1,0,1,0,0,1
157,23,75,0,2,6,71,0,0,1,1,2,1,0,65,1,0,1,0,1,0,0,1,1,0,0,1,0
158,13,76,1,2,5,99,0,2,1,1,4,0,0,66,0,1,0,1,1,0,0,1,1,0,0,0,1
159,24,64,1,1,8,90,2,0,0,2,3,0,0,65,1,0,1,0,0,1,0,1,1,0,1,0,0
160,14,97,1,1,6,66,1,2,1,1,3,1,0,67,0,1,1,0,0,1,0,1,0,1,1,0,0
161,25,64,1,2,5,89,0,2,1,1,4,1,2,66,1,0,1,0,1,0,0,1,1,0,0,1,0
162,27,86,1,1,7,72,0,1,1,2,4,0,2,69,1,0,1,0,1,0,0,1,1,0,0,0,1
163,15,77,1,1,8,94,0,0,2,2,3,1,1,66,1,0,1,0,0,1,0,1,1,0,0,0,1
164,26,76,1,2,6,52,1,4,2,0,3,0,0,69,1,0,1,0,0,1,0,1,1,0,0,1,0
165,22,87,2,0,7,68,1,0,0,1,2,0,0,67,1,0,1,0,0,1,1,0,1,0,0,1,0
166,25,63,2,1,6,71,1,1,1,0,3,0,0,66,1,0,0,1,0,1,0,1,1,0,0,0,1
167,31,84,1,1,9,87,1,2,0,1,3,1,2,71,1,0,0,1,0,1,0,1,1,0,0,1,0
168,19,91,2,0,6,59,1,5,1,2,4,1,1,70,1,0,1,0,1,0,0,1,1,0,0,1,0
169,15,93,2,1,6,64,1,2,1,2,4,2,0,71,1,0,1,0,1,0,0,1,1,0,0,0,1
170,15,67,1,1,7,86,2,1,2,1,3,2,0,66,1,0,0,1,0,1,0,1,1,0,0,0,1
171,15,96,1,1,7,54,2,3,1,2,2,0,0,67,1,0,1,0,1,0,1,0,1,0,1,0,0
172,20,86,2,0,8,60,1,1,1,1,4,1,2,66,0,1,1,0,1,0,0,1,0,1,0,1,0
173,22,95,1,2,9,88,0,0,0,2,2,2,0,72,1,0,1,0,1,0,0,1,1,0,0,0,1
174,22,79,1,1,9,94,1,1,1,1,3,0,0,68,1,0,1,0,1,0,0,1,1,0,0,0,1
175,25,82,1,1,6,86,1,3,0,2,3,0,0,69,0,1,1,0,1,0,1,0,1,0,0,0,1
176,20,97,1,1,7,76,0,2,0,0,3,2,0,71,1,0,0,1,0,1,0,1,1,0,0,0,1
177,29,96,1,1,9,55,0,0,1,1,2,2,2,70,0,1,1,0,0,1,1,0,1,0,0,1,0
178,18,78,1,1,9,91,2,2,2,0,4,1,2,67,0,1,1,0,1,0,0,1,1,0,0,1,0
179,36,71,1,1,6,56,1,2,2,1,2,0,2,69,1,0,1,0,0,1,0,1,1,0,0,0,1
180,24,76,0,2,8,69,0,2,1,1,1,0,1,65,1,0,1,0,1,0,0,1,1,0,0,1,0
181,15,76,2,2,8,53,1,1,0,1,4,1,0,65,1,0,1,0,1,0,0,1,1,0,0,1,0
182,14,71,1,1,8,85,0,2,1,2,4,0,0,64,1,0,1,0,0,1,0,1,1,0,0,1,0
183,23,71,0,0,9,75,0,1,0,1,2,1,0,63,1,0,1,0,0,1,0,1,1,0,1,0,0
184,19,94,0,1,5,95,1,3,0,0,2,0,1,69,1,0,1,0,0,1,0,1,1,0,0,0,1
185,24,63,1,0,6,57,1,1,0,2,5,1,0,64,0,1,0,1,0,1,0,1,1,0,0,1,0
186,23,87,2,2,8,91,2,0,2,1,3,0,1,72,1,0,0,1,0,1,0,1,1,0,0,0,1
187,20,67,0,1,7,76,1,0,1,1,4,0,0,63,1,0,1,0,0,1,0,1,1,0,0,1,0
188,15,74,0,2,4,68,0,3,0,1,3,0,0,64,0,1,1,0,0,1,0,1,1,0,0,0,1
189,11,62,1,2,5,82,1,3,2,1,4,1,1,64,1,0,0,1,0,1,0,1,1,0,0,1,0
190,17,71,1,1,8,90,1,5,1,1,1,2,2,67,1,0,1,0,0,1,0,1,1,0,0,0,1
191,25,91,1,1,8,72,0,2,1,2,0,2,0,71,1,0,1,0,1,0,0,1,1,0,0,0,1
192,21,95,1,1,5,62,2,1,1,0,4,0,0,70,1,0,1,0,1,0,0,1,1,0,0,0,1
193,13,69,1,0,9,96,0,0,2,1,4,0,2,61,0,1,0,1,0,1,0,1,1,0,0,1,0
194,21,79,1,2,7,66,0,2,0,1,4,1,1,67,1,0,1,0,0,1,0,1,1,0,1,0,0
195,22,79,2,1,5,100,1,4,2,2,3,1,0,72,1,0,1,0,1,0,0,1,1,0,1,0,0
196,15,95,0,0,6,88,0,1,0,1,5,0,0,66,1,0,1,0,0,1,0,1,1,0,1,0,0
197,21,91,1,2,5,84,1,1,2,0,2,0,0,70,1,0,1,0,0,1,0,1,1,0,0,1,0
198,20,81,2,1,6,51,2,3,1,1,4,0,0,67,1,0,1,0,0,1,1,0,0,1,0,1,0
199,13,87,2,0,4,72,1,2,1,2,3,0,1,67,0,1,1,0,0,1,0,1,1,0,0,1,0
200,22,94,0,1,7,75,2,2,2,1,2,1,0,71,0,1,1,0,0,1,0,1,1,0,0,1,0
201,23,60,2,1,8,69,1,1,0,1,4,1,0,66,1,0,0,1,0,1,0,1,1,0,0,0,1
202,26,76,1,1,5,57,1,1,1,1,4,0,0,68,1,0,1,0,0,1,0,1,1,0,0,0,1
203,26,96,1,1,7,68,1,3,2,1,3,1,0,74,0,1,0,1,0,1,0,1,1,0,0,0,1
204,12,90,1,0,6,54,1,1,2,1,3,0,0,64,1,0,1,0,0,1,1,0,1,0,0,1,0
205,14,82,1,1,8,65,1,1,0,1,3,1,0,65,1,0,0,1,1,0,0,1,1,0,0,0,1
206,23,81,0,1,4,54,1,1,0,1,3,1,0,66,1,0,1,0,0,1,0,1,1,0,0,1,0
207,23,74,1,2,8,88,0,0,1,2,3,0,0,66,1,0,1,0,0,1,0,1,0,1,1,0,0
208,23,81,1,0,4,84,1,2,1,1,5,0,0,68,1,0,1,0,1,0,0,1,1,0,0,0,1
210,23,77,1,2,6,69,0,1,1,1,2,0,1,67,0,1,0,1,0,1,0,1,1,0,0,0,1
211,27,89,1,2,6,89,1,3,1,1,3,0,0,74,1,0,0,1,0,1,0,1,1,0,0,0,1
212,26,94,1,2,5,79,2,1,0,2,2,2,0,74,1,0,1,0,1,0,0,1,1,0,0,0,1
213,24,66,1,0,9,82,0,1,1,1,2,0,0,62,0,1,1,0,1,0,0,1,0,1,0,1,0
214,18,78,2,1,5,77,1,2,1,1,4,0,2,66,1,0,1,0,0,1,1,0,1,0,0,1,0
215,25,76,1,1,5,89,2,3,1,2,3,0,2,69,0,1,1,0,0,1,0,1,1,0,0,1,0
216,15,87,1,2,10,52,1,2,0,2,3,1,0,68,1,0,0,1,0,1,0,1,1,0,0,0,1
218,17,86,2,0,5,55,0,2,2,1,4,1,0,66,1,0,0,1,1,0,1,0,1,0,0,1,0
219,20,95,0,1,7,64,0,2,1,2,3,0,0,68,0,1,1,0,0,1,1,0,1,0,0,1,0
220,34,77,1,0,7,80,0,0,1,1,3,0,0,69,1,0,1,0,0,1,0,1,1,0,0,0,1
221,9,96,1,1,4,82,2,0,0,1,4,1,0,67,1,0,1,0,0,1,1,0,1,0,0,0,1
222,24,100,2,2,6,86,0,2,1,1,5,0,0,75,1,0,0,1,0,1,0,1,1,0,0,0,1
223,10,64,1,2,7,64,2,0,1,1,4,0,1,60,0,1,1,0,1,0,0,1,0,1,0,0,1
224,17,69,2,1,9,83,1,2,1,2,4,1,1,66,0,1,0,1,0,1,0,1,0,1,0,0,1
225,27,98,0,2,7,56,0,1,2,1,3,1,0,73,0,1,0,1,0,1,0,1,1,0,0,0,1
226,20,98,1,0,7,50,0,1,1,2,2,0,0,68,0,1,0,1,1,0,0,1,1,0,0,1,0
227,14,64,1,1,6,85,1,0,1,1,3,0,0,62,1,0,1,0,0,1,0,1,1,0,0,1,0
228,16,61,1,1,9,86,0,2,0,2,2,0,0,62,1,0,1,0,1,0,0,1,1,0,0,0,1
229,24,66,2,0,8,81,2,1,1,1,4,0,2,65,1,0,1,0,0,1,0,1,1,0,0,1,0
230,16,100,2,0,8,63,2,2,0,1,3,0,1,69,1,0,1,0,0,1,0,1,1,0,1,0,0
231,21,67,1,1,7,96,0,3,0,1,2,0,2,64,0,1,1,0,1,0,0,1,1,0,0,1,0
232,20,80,1,2,5,94,1,0,0,0,4,2,1,67,0,1,0,1,1,0,0,1,0,1,0,0,1
233,16,94,2,2,9,76,1,0,0,2,2,0,0,70,1,0,1,0,0,1,0,1,1,0,0,1,0
234,33,61,1,1,7,99,2,2,1,2,3,1,0,70,0,1,1,0,1,0,0,1,1,0,0,1,0
235,24,84,2,0,7,65,0,3,1,2,3,0,0,69,0,1,1,0,1,0,0,1,1,0,0,0,1
236,8,71,2,0,8,75,1,0,1,2,3,0,0,61,1,0,1,0,1,0,0,1,1,0,0,0,1
237,21,94,1,1,7,96,0,0,1,1,2,2,1,69,1,0,0,1,1,0,0,1,0,1,0,1,0
238,16,71,2,1,5,73,1,1,1,1,0,0,0,63,1,0,1,0,0,1,0,1,0,1,0,1,0
239,25,87,1,0,7,74,0,0,1,2,4,0,0,67,1,0,1,0,0,1,0,1,0,1,0,1,0
240,15,87,0,1,4,54,1,1,1,1,6,0,1,65,1,0,1,0,1,0,0,1,1,0,0,1,0
241,19,69,1,1,7,61,2,3,2,2,4,0,1,66,1,0,1,0,0,1,0,1,1,0,0,1,0
242,23,61,0,1,9,58,1,4,1,1,2,0,0,63,1,0,1,0,1,0,0,1,1,0,0,1,0
243,25,76,1,2,4,78,1,2,1,1,3,0,1,68,0,1,0,1,0,1,0,1,1,0,1,0,0
244,13,72,2,2,7,66,1,0,0,2,4,2,0,65,1,0,1,0,1,0,0,1,1,0,0,1,0
245,18,92,0,1,8,54,1,1,1,1,3,0,0,67,1,0,1,0,0,1,0,1,1,0,0,0,1
246,17,92,0,0,8,75,1,2,1,2,3,2,0,68,0,1,1,0,0,1,0,1,1,0,0,1,0
247,16,78,1,2,6,83,1,0,0,0,3,1,0,64,1,0,1,0,1,0,0,1,0,1,0,1,0
248,31,84,1,1,5,87,2,0,1,1,3,1,1,71,1,0,0,1,1,0,0,1,1,0,0,0,1
249,22,84,1,1,6,92,0,0,1,1,5,0,0,69,0,1,1,0,0,1,0,1,1,0,0,1,0
250,12,93,1,1,9,74,0,1,1,1,3,2,1,67,1,0,1,0,0,1,0,1,1,0,0,1,0
251,26,77,0,1,4,70,0,2,2,0,3,1,1,65,0,1,1,0,1,0,0,1,0,1,0,1,0
252,33,71,0,1,5,84,1,1,1,1,2,0,0,68,1,0,1,0,1,0,0,1,1,0,0,0,1
253,26,71,2,1,6,51,0,1,2,1,3,2,1,67,1,0,0,1,0,1,1,0,1,0,0,0,1
254,11,81,1,1,6,82,2,3,1,2,4,0,0,67,1,0,1,0,0,1,0,1,1,0,0,1,0
255,17,78,1,2,7,70,1,2,0,2,3,0,0,66,1,0,1,0,0,1,1,0,1,0,0,0,1
256,28,78,2,1,9,73,2,2,1,1,4,1,1,70,0,1,1,0,1,0,0,1,1,0,0,1,0
257,16,64,2,0,5,65,1,3,1,2,4,2,1,65,0,1,0,1,0,1,0,1,1,0,0,0,1
258,23,89,0,0,7,56,0,4,1,0,4,2,0,69,0,1,0,1,0,1,0,1,1,0,0,0,1
259,25,69,1,1,7,70,0,1,2,2,4,0,2,65,0,1,1,0,0,1,1,0,1,0,0,0,1
260,14,68,2,1,6,65,1,1,2,1,3,1,0,63,1,0,1,0,1,0,0,1,0,1,0,1,0
261,20,77,1,1,5,98,0,2,0,2,2,2,2,67,0,1,0,1,1,0,0,1,1,0,0,1,0
262,1,69,2,1,6,97,1,1,0,1,3,0,0,61,0,1,1,0,0,1,0,1,1,0,0,0,1
263,14,83,1,0,6,82,1,0,1,1,2,0,0,65,0,1,1,0,0,1,0,1,1,0,0,0,1
264,18,75,0,2,8,95,1,1,0,0,2,1,0,66,0,1,1,0,0,1,0,1,1,0,0,1,0
265,13,78,1,2,8,88,2,0,2,0,3,1,0,66,1,0,1,0,0,1,0,1,1,0,0,1,0
266,30,81,1,0,5,67,1,1,2,2,1,0,0,69,1,0,1,0,0,1,0,1,1,0,1,0,0
267,11,68,1,1,6,80,1,2,1,1,3,1,1,63,0,1,1,0,1,0,0,1,1,0,0,0,1
268,17,66,0,2,6,61,1,1,2,1,6,2,0,65,1,0,1,0,1,0,0,1,1,0,0,0,1
269,21,95,0,0,10,84,0,0,2,1,4,0,0,67,1,0,1,0,1,0,0,1,0,1,0,1,0
270,29,77,2,2,7,52,1,2,2,1,3,0,0,69,0,1,1,0,0,1,0,1,0,1,1,0,0
271,11,76,0,1,5,92,1,4,1,0,2,2,0,65,1,0,1,0,0,1,0,1,1,0,1,0,0
272,27,61,1,1,6,79,1,1,0,1,3,0,1,65,1,0,1,0,1,0,0,1,1,0,0,0,1
273,20,80,2,0,6,53,1,0,0,1,2,1,1,65,1,0,1,0,0,1,0,1,1,0,0,1,0
274,14,82,1,2,8,94,0,2,0,2,5,1,2,67,0,1,1,0,0,1,0,1,1,0,1,0,0
275,23,82,0,1,8,94,1,1,1,1,2,0,0,66,1,0,1,0,0,1,0,1,0,1,1,0,0
276,21,88,1,2,7,93,1,4,0,1,3,0,0,72,0,1,1,0,1,0,0,1,1,0,0,0,1
277,16,67,1,2,7,89,2,3,0,1,3,1,0,66,1,0,1,0,1,0,0,1,1,0,0,0,1
278,20,70,1,1,7,84,0,2,1,2,4,1,2,65,1,0,0,1,0,1,1,0,1,0,0,1,0
279,18,92,2,1,7,70,1,1,0,1,3,0,1,69,1,0,1,0,0,1,0,1,1,0,0,1,0
280,21,98,1,0,4,57,1,2,2,0,2,0,0,68,0,1,1,0,1,0,0,1,1,0,0,1,0
281,24,65,1,0,7,64,0,1,2,1,1,2,0,64,1,0,1,0,1,0,0,1,1,0,0,1,0
282,30,80,0,2,6,67,1,3,1,1,4,1,1,69,0,1,1,0,1,0,0,1,1,0,1,0,0
283,13,69,1,0,5,68,0,0,2,1,1,0,1,59,0,1,1,0,0,1,0,1,0,1,0,0,1
284,33,62,2,1,10,78,1,0,1,1,3,0,1,68,0,1,0,1,0,1,0,1,1,0,0,0,1
285,8,73,1,1,7,60,1,0,2,1,3,0,0,60,0,1,0,1,1,0,1,0,1,0,0,1,0
286,19,66,1,2,7,59,1,1,2,1,3,0,2,62,1,0,1,0,1,0,0,1,1,0,1,0,0
287,24,88,0,1,6,86,0,0,0,0,3,1,0,67,1,0,1,0,0,1,0,1,1,0,1,0,0
288,22,81,0,2,8,50,2,4,1,1,5,0,2,68,0,1,0,1,0,1,0,1,1,0,0,0,1
289,16,66,1,2,5,57,2,3,1,1,3,0,1,64,0,1,1,0,0,1,0,1,1,0,0,0,1
290,19,60,1,2,7,72,2,3,0,2,3,0,1,65,0,1,1,0,0,1,0,1,1,0,0,0,1
291,17,92,0,0,6,57,1,2,1,1,2,0,1,65,0,1,0,1,0,1,0,1,0,1,0,0,1
292,16,67,2,1,8,98,1,0,0,0,3,0,0,63,0,1,1,0,1,0,0,1,1,0,0,1,0
293,25,84,1,0,6,84,0,2,1,2,3,0,0,70,1,0,1,0,0,1,0,1,1,0,0,0,1
294,22,73,0,1,9,72,0,3,1,1,3,0,0,66,0,1,1,0,0,1,0,1,1,0,0,0,1
295,16,83,1,2,7,56,0,4,2,1,3,0,0,68,0,1,1,0,0,1,0,1,1,0,0,0,1
296,25,73,0,0,8,69,1,3,1,1,3,0,0,66,0,1,0,1,1,0,0,1,1,0,0,0,1
297,22,63,0,0,8,83,1,3,1,1,1,1,0,63,1,0,0,1,1,0,0,1,1,0,1,0,0
298,25,69,2,1,9,98,1,1,0,1,3,1,1,66,0,1,1,0,0,1,0,1,0,1,1,0,0
299,24,68,1,1,6,74,1,1,1,1,3,0,0,65,0,1,1,0,0,1,0,1,1,0,0,1,0
300,15,77,1,1,8,85,2,1,0,1,2,2,1,66,1,0,1,0,0,1,0,1,1,0,0,0,1
301,17,86,2,0,4,60,2,2,2,0,3,1,1,67,0,1,0,1,0,1,0,1,0,1,0,0,1
302,24,71,1,1,7,81,1,0,0,1,3,0,0,66,1,0,0,1,0,1,0,1,1,0,0,0,1
303,24,60,0,1,6,62,2,4,0,2,3,0,0,63,0,1,1,0,1,0,0,1,1,0,1,0,0
304,20,81,1,1,5,60,0,3,1,1,4,0,0,66,1,0,1,0,0,1,0,1,0,1,0,0,1
305,21,84,1,1,6,75,0,1,2,1,3,1,1,67,1,0,1,0,1,0,1,0,1,0,0,0,1
306,28,99,1,1,6,61,1,1,0,1,3,0,0,71,1,0,1,0,0,1,1,0,1,0,0,0,1
307,16,84,1,2,7,86,1,1,0,1,2,0,0,67,0,1,0,1,0,1,0,1,1,0,0,1,0
308,23,79,1,2,6,97,1,1,2,0,4,0,1,69,1,0,1,0,0,1,0,1,1,0,0,1,0
309,19,83,1,1,7,70,1,2,0,1,4,2,0,67,0,1,1,0,0,1,0,1,0,1,1,0,0
310,19,97,2,1,6,66,2,2,1,1,2,1,1,72,0,1,0,1,0,1,0,1,1,0,0,0,1
311,27,93,2,0,6,59,2,2,0,1,4,0,0,70,0,1,0,1,1,0,0,1,1,0,1,0,0
312,25,73,1,2,7,70,0,0,0,1,4,2,1,67,1,0,0,1,0,1,0,1,1,0,0,1,0
313,25,69,0,2,7,78,1,0,0,2,3,0,2,64,0,1,1,0,0,1,0,1,1,0,1,0,0
314,28,71,1,1,8,69,2,1,1,2,1,1,1,67,0,1,0,1,1,0,0,1,1,0,0,1,0
315,20,80,0,2,8,81,1,3,1,1,4,2,0,69,1,0,0,1,1,0,0,1,1,0,1,0,0
316,24,90,0,0,7,83,1,0,0,1,3,1,0,68,1,0,0,1,1,0,0,1,1,0,0,0,1
317,18,80,1,1,8,55,0,2,0,0,3,0,1,63,1,0,1,0,1,0,0,1,1,0,0,1,0
318,22,63,1,2,7,85,1,4,2,2,3,1,0,68,0,1,1,0,0,1,0,1,1,0,1,0,0
319,19,89,2,1,7,95,1,0,1,1,3,0,0,70,1,0,1,0,0,1,0,1,1,0,0,0,1
320,21,92,1,0,8,51,0,0,1,1,2,1,1,66,1,0,1,0,0,1,0,1,1,0,0,1,0
321,24,72,2,2,6,78,2,0,0,2,6,0,0,68,0,1,1,0,1,0,0,1,1,0,1,0,0
322,15,87,2,0,4,80,2,0,0,1,3,1,0,67,1,0,0,1,0,1,0,1,1,0,0,0,1
323,33,77,0,2,5,85,1,0,0,1,5,0,2,69,0,1,0,1,0,1,0,1,1,0,0,1,0
324,14,96,1,0,9,69,2,0,1,1,3,1,0,66,0,1,0,1,0,1,0,1,0,1,1,0,0
325,13,94,1,1,7,91,0,3,0,1,3,0,0,68,1,0,1,0,0,1,0,1,1,0,0,1,0
326,27,81,1,1,7,77,1,2,1,0,2,2,1,69,0,1,1,0,0,1,0,1,0,1,0,1,0
327,25,88,1,1,7,70,0,1,1,1,3,2,1,70,1,0,0,1,0,1,0,1,1,0,0,0,1
328,24,95,1,2,8,86,2,1,1,2,3,1,0,74,1,0,0,1,0,1,0,1,1,0,0,1,0
329,24,80,1,2,7,96,2,0,0,2,0,1,1,70,0,1,1,0,0,1,0,1,1,0,0,0,1
330,20,73,1,1,7,91,0,1,1,2,2,2,1,66,1,0,1,0,0,1,0,1,1,0,0,1,0
331,15,90,2,1,8,97,1,1,0,2,3,1,0,69,0,1,0,1,0,1,0,1,1,0,1,0,0
332,20,69,1,2,6,63,0,0,0,1,3,2,0,64,1,0,1,0,1,0,0,1,1,0,1,0,0
333,16,76,0,2,8,56,1,1,0,1,1,0,0,62,1,0,1,0,0,1,1,0,1,0,0,0,1
334,26,95,0,2,7,77,1,0,1,1,3,0,1,70,0,1,1,0,1,0,0,1,1,0,0,1,0
335,19,89,2,1,7,52,1,2,1,1,4,0,1,68,1,0,1,0,0,1,0,1,1,0,1,0,0
336,15,76,1,1,6,84,0,0,1,2,3,1,0,65,0,1,1,0,0,1,0,1,1,0,0,1,0
337,18,69,2,2,7,62,0,3,1,1,3,0,1,65,1,0,1,0,1,0,0,1,1,0,0,0,1
338,22,74,2,2,6,73,0,3,2,2,4,2,1,71,0,1,1,0,0,1,0,1,1,0,0,0,1
339,17,71,2,1,9,83,0,2,1,1,5,0,0,66,1,0,1,0,0,1,0,1,1,0,0,1,0
340,15,67,1,1,4,74,1,0,0,1,3,1,1,61,1,0,1,0,1,0,0,1,1,0,1,0,0
341,21,90,0,1,8,62,0,2,1,2,5,0,0,67,1,0,1,0,0,1,0,1,0,1,1,0,0
342,21,70,0,2,4,94,1,0,0,2,2,1,2,65,1,0,0,1,0,1,0,1,1,0,0,1,0
343,17,78,1,2,8,88,1,0,0,1,3,0,0,65,0,1,1,0,1,0,0,1,1,0,1,0,0
344,17,75,1,2,6,80,1,1,0,1,5,0,1,65,1,0,0,1,0,1,1,0,1,0,0,0,1
345,21,99,1,1,8,85,2,4,1,1,4,0,1,73,1,0,1,0,1,0,0,1,1,0,0,0,1
346,11,76,1,1,7,71,1,1,1,0,2,1,0,62,1,0,1,0,0,1,1,0,1,0,0,1,0
347,12,63,1,2,5,69,0,0,1,2,2,1,1,60,0,1,1,0,0,1,0,1,1,0,1,0,0
348,16,64,0,1,9,58,0,1,1,1,3,1,1,61,0,1,1,0,0,1,0,1,1,0,0,0,1
349,19,84,0,1,8,90,2,2,0,1,3,2,2,67,1,0,0,1,0,1,0,1,1,0,0,1,0
350,22,84,2,1,8,69,1,3,1,2,4,1,0,70,1,0,0,1,1,0,1,0,1,0,0,1,0
351,29,77,0,2,6,85,1,1,1,1,1,1,0,69,1,0,1,0,1,0,0,1,1,0,0,0,1
352,25,77,1,0,8,65,2,0,1,1,5,1,2,66,0,1,1,0,0,1,1,0,1,0,0,0,1
353,19,62,1,1,5,90,0,2,0,2,3,1,1,64,1,0,1,0,1,0,0,1,1,0,0,0,1
354,20,81,2,1,4,55,1,1,2,1,2,2,1,68,1,0,0,1,0,1,0,1,1,0,0,0,1
355,14,80,2,1,5,81,1,1,0,1,4,2,2,67,0,1,1,0,0,1,0,1,1,0,0,0,1
356,20,66,1,1,6,90,2,0,1,1,1,1,0,64,0,1,1,0,1,0,0,1,1,0,0,1,0
357,18,64,1,1,6,83,2,2,0,1,2,1,0,65,1,0,1,0,0,1,0,1,1,0,0,0,1
358,22,65,0,2,6,85,1,2,2,1,3,2,0,66,0,1,1,0,0,1,0,1,0,1,0,0,1
359,15,64,1,1,6,76,2,2,1,1,4,0,0,63,0,1,0,1,0,1,0,1,0,1,0,0,1
360,23,84,2,1,6,78,0,2,0,0,2,0,1,68,0,1,1,0,0,1,0,1,1,0,1,0,0
361,29,68,1,2,4,53,1,1,1,1,4,0,2,66,1,0,0,1,0,1,0,1,1,0,1,0,0
362,19,70,1,1,7,63,0,3,0,0,5,0,0,63,1,0,1,0,1,0,1,0,1,0,0,1,0
363,22,67,0,1,7,86,0,1,0,1,3,0,1,63,0,1,1,0,1,0,0,1,1,0,0,0,1
364,24,98,2,1,6,97,1,1,1,1,4,1,2,74,1,0,1,0,0,1,0,1,1,0,0,0,1
365,18,94,1,2,9,77,0,1,1,2,2,1,1,70,1,0,1,0,0,1,0,1,1,0,0,0,1
366,21,69,2,2,7,86,1,2,0,1,3,0,0,68,1,0,0,1,0,1,0,1,1,0,0,1,0
367,20,73,1,1,7,84,1,0,1,1,4,2,1,66,0,1,1,0,0,1,0,1,1,0,0,1,0
368,21,68,1,0,8,100,0,0,1,1,4,0,2,63,1,0,1,0,1,0,0,1,1,0,0,0,1
369,15,80,0,2,5,90,1,4,0,1,3,1,2,67,0,1,1,0,1,0,0,1,1,0,0,0,1
370,20,61,1,1,7,81,1,1,1,0,3,0,1,62,1,0,1,0,1,0,0,1,1,0,0,1,0
371,23,87,2,2,8,56,1,1,1,2,3,2,1,71,1,0,1,0,1,0,0,1,1,0,0,0,1
372,29,81,2,1,7,68,1,2,1,1,4,2,0,72,1,0,1,0,1,0,0,1,1,0,0,1,0
373,26,96,1,1,5,63,1,1,2,1,2,2,0,72,1,0,0,1,0,1,1,0,1,0,0,0,1
374,33,67,1,1,6,93,2,0,0,2,3,0,2,68,0,1,1,0,0,1,0,1,1,0,0,1,0
375,15,92,1,0,7,72,0,1,1,1,5,0,0,66,0,1,1,0,0,1,0,1,1,0,1,0,0
376,25,92,1,1,4,77,1,0,0,1,3,0,0,70,1,0,1,0,1,0,0,1,1,0,0,0,1
377,21,65,1,0,5,98,2,2,0,1,4,2,0,66,1,0,0,1,0,1,1,0,1,0,0,0,1
378,33,76,1,1,10,92,0,1,2,1,3,2,0,72,0,1,0,1,0,1,0,1,1,0,0,0,1
379,15,67,2,1,8,89,0,0,2,2,4,0,1,64,0,1,1,0,0,1,0,1,1,0,0,1,0
380,15,70,2,1,9,57,1,1,1,1,3,0,0,63,0,1,0,1,1,0,0,1,1,0,1,0,0
381,16,71,1,1,8,51,1,0,0,1,2,2,2,61,0,1,1,0,1,0,0,1,1,0,1,0,0
382,7,82,2,2,8,56,1,0,0,1,2,0,2,62,1,0,0,1,0,1,0,1,1,0,1,0,0
383,17,76,1,2,7,87,2,1,1,2,4,0,0,68,0,1,1,0,1,0,0,1,1,0,0,0,1
384,15,98,0,1,8,71,0,1,1,1,3,0,0,68,1,0,1,0,0,1,0,1,1,0,0,0,1
385,21,65,0,1,9,56,2,1,1,1,5,0,1,63,1,0,1,0,1,0,0,1,1,0,0,0,1
386,22,99,1,0,8,87,0,1,1,1,4,0,1,70,0,1,0,1,0,1,0,1,1,0,0,1,0
387,31,69,2,0,7,60,1,1,0,1,3,2,0,68,0,1,1,0,0,1,0,1,1,0,0,1,0
388,26,91,2,1,7,79,1,1,0,1,5,0,0,72,0,1,0,1,0,1,0,1,1,0,0,1,0
389,17,74,1,1,8,87,1,4,0,0,3,1,0,67,1,0,1,0,0,1,0,1,1,0,0,0,1
390,15,66,0,2,6,80,1,1,0,1,1,1,0,61,1,0,0,1,1,0,1,0,1,0,0,1,0
391,23,94,0,1,8,100,1,0,0,1,3,2,0,69,1,0,1,0,1,0,1,0,1,0,0,1,0
392,12,72,1,0,6,72,2,2,0,2,2,0,1,61,0,1,0,1,0,1,0,1,1,0,1,0,0
393,31,86,2,2,6,66,1,3,1,1,3,1,1,75,1,0,1,0,0,1,0,1,1,0,0,0,1
394,27,83,2,0,5,60,1,0,2,0,2,1,1,68,0,1,1,0,1,0,0,1,1,0,0,1,0
395,17,79,1,0,6,75,0,1,1,2,4,0,0,65,1,0,1,0,0,1,0,1,1,0,0,1,0
396,10,80,2,1,6,93,2,4,1,1,3,1,1,67,0,1,1,0,0,1,0,1,1,0,1,0,0
397,28,89,1,2,10,97,2,3,1,0,6,0,0,75,0,1,1,0,0,1,0,1,1,0,1,0,0
398,19,64,0,1,6,99,1,1,1,1,3,1,0,64,1,0,1,0,1,0,0,1,1,0,0,0,1
399,27,87,1,1,8,77,1,1,0,2,4,0,1,70,1,0,1,0,1,0,0,1,1,0,0,1,0
400,10,96,2,2,6,80,1,0,1,1,4,0,1,67,0,1,1,0,1,0,1,0,1,0,0,1,0
401,16,62,1,1,7,79,0,2,1,1,3,0,0,63,1,0,1,0,0,1,0,1,1,0,0,1,0
402,20,66,2,2,7,73,1,1,1,1,4,1,0,65,0,1,1,0,1,0,0,1,1,0,1,0,0
403,20,89,1,1,4,58,1,1,1,1,3,0,2,67,0,1,1,0,0,1,0,1,1,0,0,0,1
405,24,76,0,2,6,72,2,3,1,2,3,0,1,67,0,1,1,0,1,0,0,1,0,1,0,1,0
406,14,65,2,1,5,59,0,1,2,1,4,2,2,63,1,0,1,0,1,0,0,1,1,0,0,0,1
407,19,80,1,1,7,94,1,0,1,0,3,1,1,66,0,1,1,0,1,0,0,1,1,0,0,1,0
408,21,65,2,2,7,88,0,2,0,1,1,0,0,65,1,0,0,1,1,0,0,1,1,0,0,1,0
409,23,79,1,1,5,81,1,1,1,1,3,0,0,67,0,1,0,1,1,0,0,1,1,0,0,1,0
410,24,91,1,1,7,52,0,0,2,2,4,1,0,69,1,0,1,0,1,0,0,1,1,0,0,1,0
411,13,70,2,2,6,81,1,2,1,0,2,2,0,66,1,0,1,0,1,0,0,1,1,0,0,0,1
412,11,79,1,1,7,81,1,1,2,1,2,0,1,64,1,0,1,0,0,1,0,1,1,0,0,1,0
413,28,100,2,0,6,72,1,1,0,1,2,2,0,73,0,1,1,0,0,1,0,1,1,0,1,0,0
414,22,87,0,1,8,83,0,1,0,1,1,1,2,66,1,0,1,0,1,0,0,1,1,0,0,1,0
415,16,94,1,1,9,93,0,1,0,1,4,2,0,68,0,1,1,0,1,0,0,1,1,0,1,0,0
416,29,77,2,0,8,88,0,0,1,2,4,1,1,70,1,0,1,0,0,1,0,1,1,0,0,0,1
417,21,91,2,1,9,74,1,2,0,0,2,0,0,69,0,1,0,1,1,0,0,1,1,0,1,0,0
418,27,62,1,2,5,63,0,4,2,1,4,0,0,67,0,1,1,0,0,1,0,1,1,0,1,0,0
419,20,65,1,0,6,74,0,0,1,1,3,1,1,62,1,0,0,1,1,0,0,1,1,0,0,0,1
420,32,68,1,0,8,97,2,1,0,1,2,0,0,68,1,0,1,0,1,0,0,1,1,0,0,0,1
421,31,76,1,2,9,91,1,1,0,1,4,2,0,72,1,0,0,1,0,1,0,1,1,0,0,1,0
422,19,94,0,1,8,51,1,3,1,0,5,2,0,69,1,0,0,1,1,0,0,1,1,0,0,0,1
423,26,74,0,0,5,89,0,3,2,2,2,0,0,66,1,0,0,1,1,0,0,1,1,0,1,0,0
424,24,86,2,2,6,59,1,1,0,1,3,0,1,70,0,1,1,0,1,0,0,1,1,0,0,0,1
425,28,88,2,1,8,79,1,0,1,1,3,0,2,71,1,0,1,0,1,0,0,1,1,0,0,0,1
426,14,83,1,1,7,90,1,0,0,0,3,1,0,65,0,1,1,0,0,1,0,1,1,0,1,0,0
427,24,74,2,1,6,78,1,3,0,2,3,1,0,70,0,1,1,0,0,1,0,1,1,0,0,0,1
428,26,83,0,0,7,70,2,2,1,2,4,0,1,65,1,0,1,0,1,0,1,0,0,1,1,0,0
429,9,74,1,2,7,66,0,1,2,2,3,0,2,62,0,1,0,1,1,0,0,1,1,0,0,1,0
430,13,63,2,1,5,65,1,2,2,1,2,0,2,62,1,0,0,1,0,1,0,1,1,0,0,1,0
431,8,100,2,1,8,92,1,1,1,2,3,2,1,70,0,1,1,0,0,1,0,1,1,0,0,1,0
432,18,65,1,2,6,91,1,5,0,1,3,1,0,66,1,0,0,1,0,1,1,0,1,0,0,1,0
433,24,63,2,0,7,91,0,4,0,1,4,0,0,67,0,1,0,1,0,1,0,1,1,0,0,0,1
434,29,95,1,0,9,64,1,1,1,2,3,0,0,72,0,1,1,0,1,0,0,1,1,0,0,0,1
435,20,72,2,0,7,90,0,0,0,2,3,2,0,66,0,1,0,1,0,1,0,1,1,0,1,0,0
436,30,86,1,0,8,52,1,2,1,1,2,1,1,68,0,1,1,0,0,1,0,1,0,1,1,0,0
437,12,73,2,1,5,60,1,1,0,1,4,0,1,62,1,0,1,0,1,0,0,1,1,0,1,0,0
438,10,76,0,1,8,76,1,2,2,2,3,2,1,64,1,0,0,1,0,1,0,1,0,1,0,0,1
439,20,70,1,1,8,70,1,0,0,1,5,2,0,65,0,1,1,0,1,0,0,1,1,0,0,1,0
440,22,74,1,0,6,56,0,4,1,2,3,2,1,66,1,0,1,0,0,1,0,1,1,0,1,0,0
441,20,76,1,0,7,52,1,2,0,2,3,0,0,64,0,1,0,1,1,0,0,1,1,0,0,1,0
442,8,89,1,2,7,81,0,4,0,1,3,1,0,67,1,0,1,0,0,1,0,1,1,0,0,1,0
443,19,80,2,1,7,66,0,4,1,1,4,1,0,69,0,1,1,0,0,1,0,1,1,0,1,0,0
444,12,98,2,1,8,51,1,0,1,0,5,2,1,68,1,0,1,0,0,1,0,1,1,0,0,0,1
445,24,62,1,1,6,72,2,2,0,0,4,0,0,64,1,0,1,0,1,0,0,1,1,0,0,1,0
446,22,80,2,1,7,65,1,2,2,1,2,0,1,68,0,1,0,1,0,1,0,1,1,0,0,1,0
447,14,83,0,0,9,79,1,1,1,0,3,0,0,64,1,0,1,0,0,1,0,1,1,0,0,0,1
448,17,97,1,2,9,96,2,0,2,1,1,2,0,71,1,0,1,0,1,0,0,1,1,0,1,0,0
449,14,62,2,2,8,65,0,3,0,1,2,0,2,61,1,0,1,0,0,1,0,1,1,0,1,0,0
450,20,83,0,1,7,100,1,4,0,1,3,1,0,68,1,0,1,0,1,0,0,1,1,0,1,0,0
451,26,94,2,1,10,54,0,2,2,1,5,0,0,73,1,0,1,0,0,1,0,1,1,0,0,1,0
452,14,70,2,1,9,54,1,3,1,1,1,1,0,64,1,0,1,0,0,1,1,0,1,0,0,0,1
453,23,95,1,1,7,86,1,3,0,1,4,2,2,72,1,0,1,0,0,1,0,1,0,1,0,0,1
454,17,61,1,1,7,87,2,5,1,1,3,0,0,65,1,0,1,0,0,1,0,1,1,0,0,1,0
455,15,89,1,1,6,71,1,1,1,2,4,0,0,68,0,1,1,0,0,1,0,1,1,0,0,0,1
456,19,97,2,0,8,64,1,2,0,2,3,0,0,71,1,0,1,0,0,1,0,1,1,0,0,0,1
457,14,86,1,0,8,90,1,3,1,1,3,2,0,65,1,0,1,0,0,1,1,0,0,1,1,0,0
458,17,78,1,1,8,98,0,2,1,1,2,0,0,66,1,0,0,1,1,0,0,1,1,0,0,0,1
459,13,62,0,2,7,99,1,4,1,0,1,2,1,63,0,1,1,0,1,0,0,1,1,0,0,0,1
460,32,97,1,2,5,82,1,1,1,1,3,0,1,74,1,0,1,0,1,0,0,1,1,0,0,1,0
461,20,79,2,0,7,87,0,2,1,2,4,0,0,66,0,1,0,1,0,1,1,0,0,1,0,1,0
462,16,61,1,0,8,91,2,2,1,2,3,1,1,63,1,0,1,0,1,0,0,1,1,0,0,1,0
463,21,88,2,1,6,90,2,2,2,1,4,0,1,72,1,0,0,1,0,1,0,1,1,0,0,1,0
464,19,79,1,2,7,100,0,1,2,2,2,1,2,69,0,1,1,0,1,0,0,1,1,0,0,0,1
465,19,65,1,2,9,91,1,1,1,2,4,1,0,67,1,0,1,0,0,1,0,1,1,0,0,0,1
466,24,69,0,2,5,83,0,3,0,1,3,0,0,66,1,0,0,1,1,0,0,1,1,0,0,1,0
467,25,63,2,1,7,69,1,0,0,2,5,0,1,64,0,1,0,1,1,0,0,1,1,0,1,0,0
468,17,83,0,1,9,80,1,4,1,2,2,1,0,67,0,1,1,0,1,0,0,1,1,0,1,0,0
469,17,85,1,0,7,94,2,4,0,1,3,1,0,69,0,1,1,0,1,0,0,1,1,0,0,0,1
470,18,80,1,0,6,65,1,2,0,2,2,1,0,65,0,1,1,0,0,1,0,1,1,0,1,0,0
471,6,93,1,1,7,52,2,0,1,1,2,1,0,64,0,1,1,0,1,0,0,1,1,0,0,1,0
472,11,94,1,0,8,66,2,1,2,0,4,0,0,65,0,1,1,0,0,1,1,0,1,0,0,1,0
473,28,85,1,2,7,98,1,2,0,2,1,0,0,72,1,0,0,1,0,1,0,1,0,1,0,0,1
474,30,61,0,2,8,90,1,2,0,2,2,0,1,66,0,1,1,0,0,1,0,1,1,0,1,0,0
475,19,88,1,0,7,59,1,2,0,1,3,1,0,66,0,1,1,0,1,0,0,1,1,0,0,1,0
476,23,77,2,2,7,51,1,1,0,0,3,1,1,67,1,0,0,1,0,1,0,1,1,0,0,0,1
477,22,83,1,1,8,83,2,1,2,1,3,2,1,69,1,0,0,1,0,1,0,1,0,1,1,0,0
478,38,86,0,2,7,79,0,3,0,1,3,0,0,73,1,0,1,0,0,1,0,1,1,0,1,0,0
479,27,74,1,2,6,54,1,3,1,1,3,1,0,69,0,1,1,0,1,0,0,1,1,0,0,1,0
480,19,97,1,0,8,98,1,1,0,1,4,0,0,68,1,0,0,1,1,0,0,1,0,1,0,1,0
481,14,65,0,1,7,81,1,1,0,1,3,0,1,61,0,1,1,0,0,1,0,1,1,0,0,0,1
482,10,87,1,0,6,83,1,0,0,1,4,0,0,63,1,0,1,0,0,1,1,0,1,0,0,0,1
483,21,60,1,2,8,93,0,0,0,1,2,0,2,63,0,1,1,0,0,1,0,1,1,0,0,0,1
484,15,97,0,1,9,67,1,1,0,2,2,1,0,68,1,0,1,0,0,1,0,1,1,0,0,1,0
485,11,65,1,2,7,78,1,2,0,1,3,2,0,63,0,1,1,0,1,0,0,1,1,0,0,1,0
486,16,64,2,1,7,79,1,3,1,1,4,2,0,66,0,1,0,1,0,1,0,1,0,1,0,0,1
487,14,73,2,1,5,98,1,2,0,1,4,0,1,65,0,1,1,0,0,1,0,1,1,0,1,0,0
488,30,75,2,2,7,57,2,0,0,1,1,1,0,68,0,1,1,0,1,0,0,1,0,1,0,1,0
489,25,69,1,1,7,88,2,0,0,1,4,1,0,66,0,1,1,0,0,1,0,1,1,0,1,0,0
490,20,83,0,0,7,79,0,2,1,1,5,2,1,66,1,0,1,0,1,0,1,0,1,0,0,0,1
491,29,78,2,1,6,92,1,2,0,1,4,0,0,70,1,0,0,1,1,0,0,1,1,0,1,0,0
492,20,61,0,0,8,92,1,0,1,1,2,0,0,61,0,1,1,0,0,1,0,1,1,0,1,0,0
493,15,73,1,0,7,51,1,2,0,2,3,0,1,61,1,0,0,1,0,1,0,1,1,0,1,0,0
494,29,92,1,1,10,63,2,1,0,2,4,0,1,71,1,0,0,1,0,1,0,1,1,0,1,0,0
495,23,88,0,1,7,59,1,1,1,1,2,0,0,67,1,0,1,0,0,1,0,1,1,0,1,0,0
496,14,89,2,2,4,73,1,2,1,2,3,1,0,70,1,0,1,0,0,1,0,1,1,0,1,0,0
497,19,88,2,1,5,95,1,2,0,1,4,1,1,69,1,0,0,1,1,0,0,1,1,0,1,0,0
498,15,72,2,2,8,50,1,2,1,1,4,0,0,65,0,1,1,0,1,0,0,1,1,0,0,1,0
499,12,64,2,0,6,74,2,0,1,1,2,0,1,61,1,0,1,0,0,1,0,1,1,0,0,0,1
500,26,71,1,0,6,94,0,3,0,1,4,2,0,68,1,0,1,0,1,0,0,1,1,0,0,0,1
501,31,93,2,0,5,96,1,2,0,1,2,0,0,74,1,0,1,0,0,1,0,1,1,0,0,0,1
502,12,99,1,1,6,83,0,1,1,1,3,0,0,67,0,1,1,0,1,0,0,1,1,0,1,0,0
503,23,80,1,1,7,91,0,5,2,1,1,0,0,70,0,1,1,0,0,1,0,1,1,0,1,0,0
504,16,60,0,1,8,66,0,1,2,2,2,0,1,59,0,1,0,1,0,1,0,1,0,1,0,1,0
505,17,66,2,2,5,64,0,0,1,2,2,1,0,64,1,0,0,1,1,0,0,1,1,0,0,1,0
506,16,73,2,1,8,52,1,2,1,2,4,1,0,66,0,1,1,0,0,1,0,1,1,0,0,0,1
507,15,83,0,0,5,75,1,1,1,1,3,0,2,63,0,1,1,0,0,1,0,1,1,0,0,1,0
508,20,63,0,0,8,73,0,0,2,1,3,1,0,61,0,1,1,0,0,1,0,1,1,0,0,1,0
509,15,98,0,2,8,69,0,2,0,1,4,0,1,68,0,1,1,0,0,1,0,1,1,0,0,1,0
510,22,75,1,1,6,56,0,3,1,1,3,0,2,65,1,0,0,1,1,0,0,1,1,0,0,0,1
511,20,97,1,2,5,62,1,1,1,1,4,0,2,69,1,0,0,1,1,0,0,1,1,0,0,1,0
512,19,91,2,0,8,60,1,2,0,1,4,0,1,68,1,0,0,1,0,1,0,1,1,0,0,1,0
513,15,90,1,0,6,97,0,2,2,2,2,0,0,69,1,0,1,0,0,1,0,1,1,0,0,0,1
514,17,84,1,0,7,98,2,1,0,2,2,1,2,67,0,1,1,0,0,1,0,1,1,0,0,1,0
515,25,85,2,2,8,50,2,1,2,1,1,1,1,70,0,1,1,0,1,0,0,1,1,0,0,1,0
516,23,86,1,1,8,59,0,1,0,1,3,2,1,68,0,1,1,0,0,1,0,1,1,0,0,1,0
517,14,85,1,1,6,94,0,0,2,1,4,1,0,67,1,0,1,0,1,0,0,1,1,0,0,0,1
518,21,82,2,1,7,52,1,4,0,1,3,0,2,67,1,0,1,0,1,0,0,1,1,0,0,1,0
519,25,99,2,1,6,97,2,0,1,1,3,1,1,75,1,0,1,0,0,1,0,1,1,0,0,0,1
520,10,89,0,0,8,69,0,3,0,1,4,1,1,63,1,0,1,0,0,1,0,1,1,0,1,0,0
521,23,91,0,1,9,77,2,1,0,1,5,0,0,70,1,0,1,0,1,0,0,1,1,0,0,0,1
522,16,95,1,0,6,88,0,2,2,2,4,0,0,70,0,1,1,0,0,1,0,1,1,0,0,0,1
523,23,69,1,2,7,62,1,1,1,1,4,0,2,64,1,0,1,0,0,1,0,1,0,1,0,1,0
524,15,63,1,0,8,55,0,0,1,0,3,1,0,59,0,1,1,0,1,0,0,1,1,0,0,1,0
525,9,79,1,0,7,90,2,1,2,0,3,0,0,63,1,0,1,0,1,0,0,1,1,0,0,1,0
526,10,81,2,1,8,99,1,2,1,1,4,2,1,67,0,1,1,0,0,1,1,0,1,0,0,0,1
527,20,93,0,2,7,83,1,0,1,1,2,0,0,68,1,0,0,1,0,1,0,1,0,1,1,0,0
528,22,78,1,1,5,91,0,0,1,2,3,2,0,68,1,0,0,1,0,1,0,1,1,0,1,0,0
530,24,81,1,0,9,61,1,1,0,0,4,1,0,66,0,1,1,0,1,0,0,1,1,0,0,0,1
531,10,62,1,0,7,68,2,3,1,1,3,2,0,61,1,0,1,0,1,0,0,1,1,0,0,1,0
532,20,85,2,1,9,61,2,2,2,1,3,1,0,70,1,0,1,0,1,0,0,1,1,0,0,0,1
533,13,93,0,0,4,53,2,1,1,0,1,2,0,65,1,0,1,0,0,1,0,1,1,0,0,0,1
534,16,66,0,1,8,87,2,3,1,1,2,0,1,64,0,1,1,0,0,1,0,1,1,0,0,0,1
535,20,84,1,2,6,57,2,2,1,1,4,0,2,69,0,1,1,0,0,1,0,1,1,0,0,0,1
536,15,84,1,2,6,55,0,1,1,1,2,0,0,64,1,0,0,1,1,0,0,1,1,0,1,0,0
537,18,67,0,0,9,68,0,2,0,2,2,2,0,61,1,0,0,1,0,1,0,1,1,0,1,0,0
538,26,65,0,1,7,53,0,3,2,1,2,0,0,64,0,1,1,0,1,0,0,1,1,0,0,0,1
539,17,99,1,2,6,59,1,0,1,1,3,0,1,68,1,0,1,0,1,0,0,1,1,0,0,1,0
540,25,76,1,2,8,53,2,1,2,2,3,0,2,67,0,1,1,0,1,0,0,1,0,1,0,0,1
541,13,69,2,0,4,94,1,3,0,0,3,0,0,62,1,0,1,0,1,0,0,1,0,1,0,0,1
542,23,67,1,1,9,89,1,2,0,2,2,0,0,66,0,1,1,0,0,1,0,1,1,0,0,1,0
543,29,87,1,2,10,93,2,1,0,1,4,0,1,72,1,0,1,0,0,1,0,1,1,0,0,1,0
544,5,84,1,1,8,93,2,4,2,2,3,1,1,68,1,0,1,0,0,1,0,1,1,0,0,0,1
545,15,86,1,2,8,97,1,4,2,1,3,0,0,71,1,0,1,0,0,1,0,1,1,0,0,0,1
546,23,64,1,1,7,59,2,3,1,1,2,0,1,65,0,1,1,0,0,1,0,1,1,0,0,0,1
547,19,96,1,0,5,95,0,2,1,0,3,0,1,68,0,1,0,1,0,1,1,0,1,0,0,1,0
548,22,76,1,0,9,76,1,2,0,2,5,0,2,65,0,1,1,0,1,0,0,1,1,0,0,1,0
549,16,73,2,0,8,58,1,1,1,1,4,0,0,64,0,1,1,0,0,1,0,1,1,0,0,1,0
550,21,78,1,0,8,83,1,2,1,1,4,0,2,65,1,0,1,0,1,0,0,1,0,1,0,0,1
551,19,76,2,2,8,66,0,0,0,2,4,0,0,65,1,0,0,1,0,1,0,1,0,1,1,0,0
552,27,95,2,1,7,52,2,3,1,2,3,1,1,73,0,1,0,1,1,0,0,1,1,0,1,0,0
553,22,97,1,2,6,54,1,1,0,2,3,2,0,72,1,0,1,0,0,1,0,1,1,0,0,0,1
554,22,72,0,1,10,71,1,1,1,1,1,1,0,64,1,0,0,1,0,1,0,1,1,0,1,0,0
555,18,95,1,1,7,91,0,0,0,1,4,2,1,69,1,0,1,0,0,1,0,1,0,1,0,0,1
556,17,91,1,1,6,66,2,1,2,1,3,0,0,69,1,0,0,1,1,0,0,1,1,0,0,0,1
557,17,97,1,2,9,88,1,0,1,1,2,0,0,70,1,0,1,0,0,1,1,0,1,0,0,0,1
559,17,83,2,1,7,70,0,3,0,1,5,2,0,68,0,1,0,1,1,0,0,1,1,0,0,1,0
561,32,93,1,1,8,93,2,1,1,2,3,2,2,75,0,1,1,0,0,1,0,1,1,0,1,0,0
562,25,60,0,2,8,98,1,1,1,1,5,2,0,67,0,1,1,0,1,0,0,1,1,0,0,1,0
563,18,83,1,2,5,66,1,0,2,1,4,2,0,69,1,0,0,1,0,1,0,1,1,0,0,0,1
564,27,74,2,1,8,99,2,3,1,1,4,0,0,71,1,0,1,0,1,0,1,0,1,0,0,0,1
565,18,73,1,0,5,88,1,1,1,1,5,1,0,66,0,1,1,0,0,1,0,1,1,0,0,0,1
566,8,86,1,2,6,50,2,1,1,1,2,1,0,65,1,0,1,0,1,0,0,1,1,0,0,0,1
567,14,94,2,1,7,74,1,1,2,1,5,1,0,70,1,0,0,1,1,0,0,1,1,0,0,0,1
568,9,84,2,0,7,92,2,1,0,2,4,2,0,66,1,0,1,0,1,0,0,1,1,0,1,0,0
569,18,94,2,1,8,77,1,3,1,2,4,2,0,74,1,0,1,0,0,1,0,1,1,0,0,0,1
570,20,71,2,1,8,77,1,0,2,1,4,0,1,66,1,0,0,1,1,0,0,1,1,0,0,1,0
571,30,81,1,2,8,72,0,0,0,1,2,0,1,68,1,0,1,0,1,0,0,1,1,0,0,1,0
572,22,78,1,2,5,70,1,2,0,1,1,1,0,68,1,0,1,0,0,1,0,1,1,0,0,0,1
573,19,60,1,2,10,51,1,0,1,1,3,1,0,62,0,1,1,0,1,0,0,1,0,1,0,0,1
574,25,82,1,2,7,81,1,2,1,1,2,2,1,71,1,0,0,1,0,1,0,1,1,0,0,1,0
575,7,86,1,0,9,88,1,2,0,1,2,1,0,63,0,1,1,0,1,0,0,1,1,0,1,0,0
576,21,84,2,2,4,90,1,2,1,0,3,0,2,69,1,0,1,0,1,0,0,1,1,0,0,1,0
577,25,89,1,1,7,81,2,3,1,1,0,1,0,71,1,0,1,0,0,1,0,1,1,0,1,0,0
578,11,83,2,0,5,67,1,1,1,1,2,2,0,66,1,0,1,0,0,1,0,1,1,0,0,0,1
579,27,63,1,2,6,51,0,0,0,1,2,2,1,64,1,0,1,0,1,0,0,1,1,0,0,0,1
580,22,65,1,1,7,95,0,3,0,1,2,0,1,65,0,1,1,0,0,1,0,1,1,0,0,0,1
581,18,84,1,2,6,71,1,4,1,0,2,0,0,69,0,1,1,0,1,0,0,1,1,0,0,0,1
582,24,71,1,0,9,80,1,2,1,2,3,0,0,66,0,1,0,1,1,0,0,1,1,0,0,0,1
583,34,63,1,2,10,60,0,1,1,1,4,0,0,67,0,1,1,0,0,1,0,1,1,0,1,0,0
584,21,77,1,0,6,57,1,4,0,1,5,0,2,65,1,0,1,0,0,1,0,1,1,0,1,0,0
585,21,82,0,0,6,54,2,3,0,1,2,1,1,65,1,0,1,0,0,1,0,1,1,0,1,0,0
586,17,73,2,1,5,90,2,1,0,1,4,0,0,67,1,0,0,1,1,0,0,1,1,0,0,0,1
587,15,89,0,1,9,82,0,1,1,1,3,1,0,66,1,0,1,0,0,1,0,1,1,0,0,1,0
588,25,86,1,1,7,81,0,1,2,0,1,0,0,69,1,0,1,0,0,1,0,1,1,0,0,0,1
589,15,73,1,2,7,96,0,1,0,1,2,1,0,64,1,0,1,0,1,0,0,1,1,0,1,0,0
590,20,90,1,1,7,58,2,1,2,2,4,0,0,70,1,0,0,1,0,1,0,1,1,0,0,1,0
591,17,86,2,1,7,59,0,3,0,1,3,2,1,68,1,0,1,0,0,1,0,1,1,0,0,0,1
592,23,85,2,0,6,59,0,1,1,1,1,0,0,68,1,0,1,0,0,1,0,1,1,0,1,0,0
593,22,82,2,1,7,71,0,1,2,1,3,0,0,69,0,1,0,1,0,1,0,1,1,0,0,0,1
594,26,60,1,1,7,94,2,3,2,1,2,0,1,68,0,1,1,0,0,1,0,1,1,0,0,0,1
595,17,88,1,1,8,94,1,5,1,1,2,1,0,70,0,1,1,0,0,1,0,1,0,1,0,1,0
596,18,75,2,1,5,80,1,2,0,2,3,0,0,67,0,1,1,0,0,1,0,1,1,0,0,1,0
597,14,98,2,2,7,83,1,3,0,1,3,1,0,72,1,0,1,0,0,1,1,0,1,0,0,0,1
598,17,93,2,0,6,95,1,1,0,1,4,0,0,69,1,0,1,0,1,0,0,1,1,0,0,1,0
599,22,84,2,1,7,81,1,1,1,0,3,0,1,69,1,0,0,1,1,0,0,1,1,0,0,0,1
600,25,70,0,1,8,61,0,3,0,1,4,1,1,64,0,1,1,0,0,1,1,0,1,0,0,0,1
601,14,68,0,1,6,85,1,2,1,1,3,0,0,63,0,1,1,0,0,1,0,1,1,0,0,1,0
602,25,74,2,2,9,88,1,3,1,2,3,0,0,70,1,0,1,0,0,1,0,1,0,1,0,1,0
603,28,79,2,1,4,82,1,0,1,1,3,0,0,70,1,0,0,1,0,1,0,1,1,0,0,0,1
604,22,72,2,1,9,64,0,1,1,1,2,1,0,66,0,1,1,0,0,1,0,1,1,0,1,0,0
605,31,81,1,1,9,70,0,1,0,1,4,2,0,70,0,1,1,0,1,0,0,1,1,0,0,1,0
606,15,67,1,2,6,74,2,0,2,1,2,2,0,66,0,1,1,0,0,1,0,1,1,0,0,0,1
607,13,99,1,1,6,57,1,1,0,1,5,1,0,68,1,0,1,0,0,1,0,1,1,0,1,0,0
608,9,64,1,1,5,73,1,1,1,1,4,1,0,61,1,0,1,0,1,0,0,1,1,0,0,0,1
609,29,97,1,1,8,58,1,1,2,1,4,1,1,72,0,1,0,1,1,0,0,1,1,0,1,0,0
610,24,97,2,0,7,75,0,1,1,1,2,0,1,69,0,1,1,0,1,0,0,1,1,0,1,0,0
611,20,81,1,0,6,53,0,0,1,0,4,0,2,63,0,1,1,0,0,1,0,1,1,0,0,1,0
612,22,89,1,2,5,97,1,2,1,1,5,0,0,72,1,0,0,1,0,1,0,1,1,0,0,1,0
613,13,77,1,1,10,62,1,1,2,1,4,1,1,65,1,0,0,1,0,1,0,1,1,0,0,1,0
614,35,85,1,2,6,73,2,1,2,1,5,0,1,74,0,1,1,0,0,1,0,1,1,0,1,0,0
615,21,74,1,0,7,52,0,1,2,1,4,0,2,62,1,0,1,0,0,1,0,1,1,0,1,0,0
616,21,72,2,1,7,60,0,0,0,1,4,2,0,65,1,0,0,1,1,0,0,1,1,0,0,1,0
617,24,83,0,2,6,85,0,1,0,2,4,0,1,68,0,1,1,0,1,0,0,1,1,0,0,1,0
618,23,80,1,0,6,56,1,3,1,1,2,0,0,66,1,0,1,0,0,1,0,1,0,1,0,0,1
619,21,83,2,1,6,81,0,3,2,1,4,2,1,71,1,0,1,0,0,1,0,1,1,0,1,0,0
620,15,71,1,2,8,50,0,1,1,1,2,2,0,62,0,1,1,0,1,0,0,1,0,1,0,1,0
621,23,75,0,2,6,73,0,1,0,1,2,0,1,65,0,1,1,0,0,1,0,1,1,0,0,0,1
622,31,63,1,2,9,86,0,0,2,1,3,2,1,68,1,0,1,0,1,0,0,1,1,0,0,1,0
623,28,62,1,2,6,96,1,4,1,2,3,0,0,70,1,0,1,0,1,0,0,1,1,0,0,0,1
624,30,70,0,1,8,75,1,1,1,1,2,0,0,67,0,1,0,1,1,0,0,1,1,0,0,0,1
625,17,63,1,1,4,92,1,2,0,1,4,0,0,63,0,1,1,0,1,0,0,1,1,0,1,0,0
626,14,64,2,2,6,90,0,0,0,2,2,0,0,63,0,1,0,1,0,1,0,1,1,0,1,0,0
627,19,93,1,2,6,65,1,0,1,2,3,0,0,69,1,0,1,0,1,0,0,1,1,0,0,1,0
628,20,62,0,1,5,94,2,3,1,1,3,2,0,66,1,0,1,0,0,1,0,1,1,0,0,1,0
629,27,86,1,1,7,82,0,2,0,1,3,0,1,70,0,1,1,0,0,1,0,1,1,0,0,0,1
630,10,71,1,1,7,55,2,2,0,2,3,1,0,63,0,1,1,0,0,1,0,1,1,0,0,0,1
631,29,95,0,1,4,97,1,0,1,1,4,1,1,72,0,1,0,1,0,1,0,1,0,1,0,0,1
632,19,79,2,1,10,59,0,1,1,1,3,1,1,65,1,0,1,0,0,1,0,1,0,1,0,1,0
633,17,72,1,2,7,74,0,2,2,1,4,2,2,67,1,0,1,0,0,1,0,1,1,0,0,0,1
634,14,81,1,1,7,73,0,1,2,1,3,0,1,63,1,0,0,1,0,1,1,0,0,1,0,0,1
635,10,75,2,1,9,81,1,3,0,2,5,0,0,65,0,1,1,0,1,0,0,1,1,0,1,0,0
636,25,83,1,1,8,83,1,2,0,1,1,0,1,67,0,1,1,0,0,1,0,1,0,1,0,1,0
638,12,100,1,1,4,68,1,2,0,1,3,1,2,68,1,0,1,0,0,1,0,1,1,0,0,1,0
639,12,77,1,1,8,57,1,2,0,2,2,1,1,63,1,0,1,0,0,1,0,1,1,0,1,0,0
640,18,74,1,1,6,56,1,1,1,1,3,1,1,64,1,0,0,1,1,0,0,1,1,0,0,0,1
641,30,88,1,1,9,91,1,3,1,0,3,0,0,73,0,1,1,0,1,0,0,1,1,0,0,0,1
642,18,75,1,1,6,88,0,2,1,2,1,2,0,66,0,1,1,0,0,1,0,1,0,1,1,0,0
643,11,93,1,1,6,72,0,2,0,1,3,1,1,66,1,0,1,0,0,1,0,1,1,0,1,0,0
644,19,78,2,2,5,55,1,0,1,1,4,0,1,66,1,0,1,0,1,0,0,1,1,0,0,1,0
645,18,89,1,2,5,72,0,4,1,0,2,0,0,69,0,1,1,0,0,1,0,1,1,0,0,1,0
646,4,64,1,2,7,65,1,1,1,2,4,0,2,59,1,0,1,0,0,1,0,1,1,0,1,0,0
647,20,94,1,1,7,89,1,0,0,1,1,0,0,68,1,0,0,1,1,0,0,1,1,0,0,1,0
648,19,89,1,1,6,55,1,1,0,1,3,2,1,67,0,1,0,1,1,0,0,1,1,0,0,1,0
649,24,68,1,1,10,73,0,1,1,1,4,0,1,64,0,1,1,0,0,1,0,1,0,1,0,1,0
650,31,66,0,2,8,80,0,0,0,0,4,0,0,65,0,1,0,1,0,1,0,1,1,0,1,0,0
651,27,73,1,1,7,99,0,1,0,1,4,1,0,68,1,0,1,0,1,0,0,1,1,0,0,0,1
652,18,99,1,2,4,54,0,0,1,1,3,2,1,70,1,0,1,0,0,1,0,1,1,0,0,0,1
653,13,70,1,1,8,56,1,2,1,2,0,0,0,62,1,0,1,0,1,0,0,1,1,0,0,1,0
654,35,78,2,0,10,99,1,1,0,1,2,0,0,72,1,0,0,1,0,1,0,1,1,0,0,0,1
655,20,61,1,0,7,70,0,1,1,1,4,0,1,62,0,1,0,1,0,1,0,1,1,0,0,0,1
656,20,76,2,2,6,87,0,1,0,1,4,2,1,68,1,0,1,0,0,1,0,1,1,0,1,0,0
657,20,83,2,1,7,89,1,3,0,2,4,0,0,69,0,1,0,1,1,0,0,1,1,0,1,0,0
658,21,98,2,1,5,66,0,3,2,2,5,0,0,73,1,0,1,0,1,0,0,1,1,0,0,0,1
659,19,81,2,2,8,61,0,3,1,1,5,2,0,69,1,0,0,1,1,0,0,1,1,0,1,0,0
660,17,93,1,1,9,64,1,1,1,1,3,0,1,67,0,1,1,0,0,1,0,1,1,0,0,1,0
661,17,82,1,0,6,88,0,2,0,0,3,2,0,65,1,0,0,1,1,0,0,1,1,0,0,1,0
662,20,62,0,0,6,92,2,2,1,1,3,2,1,63,1,0,1,0,1,0,0,1,1,0,0,0,1
663,17,73,2,1,7,85,1,2,0,1,2,0,1,66,1,0,1,0,0,1,0,1,1,0,0,0,1
664,16,83,1,1,6,72,1,1,0,2,2,1,0,66,1,0,1,0,1,0,0,1,1,0,0,0,1
665,21,98,1,2,5,63,0,0,0,2,2,2,0,70,1,0,1,0,1,0,0,1,1,0,0,1,0
666,18,94,1,1,6,71,0,2,2,1,3,2,2,69,1,0,1,0,1,0,0,1,1,0,0,1,0
667,29,69,1,2,6,96,0,1,2,1,4,0,0,70,0,1,1,0,1,0,0,1,1,0,0,0,1
669,27,68,1,1,9,66,1,3,2,1,3,0,2,67,1,0,0,1,1,0,0,1,1,0,0,0,1
670,27,97,2,2,9,66,0,1,0,1,3,0,2,73,1,0,1,0,0,1,0,1,1,0,0,0,1
671,8,94,2,0,8,89,2,0,1,1,2,0,0,66,0,1,1,0,1,0,0,1,1,0,0,1,0
672,18,91,2,2,7,71,2,0,1,1,3,0,0,70,1,0,1,0,0,1,0,1,1,0,0,1,0
673,18,76,2,2,6,79,1,1,1,1,2,2,2,67,0,1,0,1,1,0,0,1,1,0,0,0,1
674,12,80,0,0,9,71,2,1,0,0,3,0,1,60,0,1,0,1,1,0,0,1,0,1,0,0,1
675,15,79,2,1,8,62,0,1,0,0,3,1,0,65,1,0,1,0,1,0,0,1,1,0,0,0,1
676,13,70,1,1,5,59,1,0,1,2,2,2,0,63,0,1,0,1,1,0,0,1,1,0,0,0,1
677,31,80,2,2,6,57,0,1,1,2,3,0,0,72,0,1,0,1,0,1,0,1,1,0,0,0,1
678,26,61,0,1,5,51,2,0,0,1,5,0,1,62,0,1,0,1,0,1,0,1,1,0,0,1,0
679,28,65,1,1,4,64,1,6,1,2,3,2,0,70,1,0,1,0,0,1,0,1,1,0,0,1,0
680,24,95,2,0,8,59,1,2,0,2,1,1,1,70,1,0,1,0,0,1,0,1,1,0,1,0,0
681,13,90,1,1,5,63,1,0,0,1,4,0,1,64,0,1,1,0,1,0,0,1,1,0,0,1,0
682,17,77,1,1,6,54,0,3,0,1,4,0,1,64,1,0,1,0,0,1,0,1,1,0,0,1,0
683,23,81,1,0,7,67,1,0,1,2,5,0,1,67,0,1,0,1,0,1,0,1,1,0,0,0,1
684,13,75,1,2,7,76,2,1,1,2,1,0,1,64,1,0,1,0,0,1,0,1,1,0,1,0,0
685,24,90,1,1,6,97,0,1,2,2,4,0,0,72,1,0,1,0,0,1,0,1,1,0,0,0,1
686,19,91,1,0,9,67,1,0,1,1,3,1,0,66,0,1,0,1,1,0,0,1,1,0,1,0,0
687,18,91,1,1,5,52,1,2,1,1,4,0,1,66,0,1,1,0,1,0,0,1,1,0,1,0,0
688,24,89,1,2,5,68,1,0,0,2,2,2,0,71,0,1,1,0,0,1,0,1,1,0,0,0,1
689,23,68,0,0,8,91,1,5,0,1,5,2,0,66,0,1,1,0,1,0,0,1,1,0,1,0,0
690,18,74,1,0,6,67,2,2,0,2,2,0,0,64,1,0,1,0,0,1,0,1,1,0,0,1,0
691,27,79,1,0,6,65,0,0,1,1,2,1,0,66,1,0,0,1,1,0,0,1,1,0,1,0,0
692,14,73,1,0,5,96,0,1,0,1,3,0,1,62,0,1,1,0,0,1,0,1,1,0,1,0,0
693,24,90,1,1,8,65,1,4,0,1,4,0,1,70,1,0,1,0,1,0,0,1,1,0,0,1,0
694,24,73,1,1,7,99,1,3,1,2,3,0,0,69,0,1,0,1,0,1,0,1,1,0,0,1,0
695,18,66,2,1,7,92,1,2,0,1,4,0,1,65,1,0,0,1,1,0,0,1,1,0,0,1,0
696,22,76,2,1,6,84,2,2,1,2,3,0,0,70,1,0,1,0,0,1,0,1,1,0,0,1,0
697,12,99,2,2,6,80,1,0,2,1,3,0,1,70,1,0,1,0,0,1,1,0,1,0,0,0,1
698,26,69,1,1,7,61,1,1,2,2,2,1,0,67,1,0,1,0,0,1,0,1,1,0,0,0,1
699,19,84,1,2,8,87,0,2,0,2,3,0,1,69,0,1,1,0,0,1,0,1,1,0,0,0,1
700,17,77,0,1,9,67,0,0,0,2,5,0,0,62,0,1,1,0,1,0,0,1,0,1,0,1,0
701,26,63,1,2,9,74,1,1,0,1,4,0,0,67,0,1,0,1,0,1,0,1,1,0,0,0,1
702,16,80,2,1,8,55,2,0,0,1,6,1,1,65,1,0,1,0,1,0,1,0,1,0,0,0,1
703,12,88,1,1,8,65,1,0,0,1,4,0,0,65,1,0,1,0,1,0,0,1,1,0,0,0,1
704,11,81,1,2,5,76,1,1,0,1,3,2,2,65,1,0,1,0,0,1,0,1,1,0,0,1,0
705,24,95,1,0,6,73,1,3,0,1,2,0,1,69,1,0,1,0,0,1,1,0,1,0,0,0,1
706,12,72,1,1,8,67,0,4,1,1,4,0,0,63,1,0,1,0,1,0,0,1,1,0,0,1,0
707,31,63,0,2,7,74,0,3,1,1,2,1,1,66,1,0,1,0,0,1,0,1,1,0,1,0,0
708,8,97,1,2,8,87,1,0,1,1,2,0,0,67,1,0,1,0,0,1,0,1,0,1,0,0,1
709,30,75,1,1,8,73,2,1,1,1,3,1,0,69,1,0,1,0,1,0,0,1,1,0,1,0,0
710,21,83,1,1,8,75,2,1,0,2,2,0,2,67,1,0,1,0,0,1,0,1,1,0,0,1,0
711,19,92,1,1,5,85,1,1,1,2,4,0,0,70,1,0,0,1,0,1,0,1,1,0,0,1,0
712,17,73,2,2,7,92,1,2,2,1,2,0,1,67,1,0,0,1,0,1,0,1,1,0,1,0,0
713,22,89,2,1,6,76,1,2,0,1,4,0,0,70,1,0,1,0,1,0,0,1,1,0,0,1,0
714,20,65,2,2,6,97,1,0,0,0,3,0,1,65,0,1,0,1,0,1,0,1,1,0,1,0,0
715,27,72,1,0,4,68,1,0,1,2,3,1,0,63,1,0,1,0,1,0,1,0,0,1,1,0,0
716,21,66,1,1,7,63,1,0,2,1,3,0,0,64,0,1,1,0,0,1,0,1,1,0,0,1,0
717,21,92,2,1,4,85,0,1,2,1,3,0,2,69,1,0,1,0,0,1,0,1,1,0,1,0,0
718,18,69,0,1,8,59,0,1,0,1,4,0,0,60,0,1,1,0,1,0,1,0,1,0,0,0,1
719,20,89,0,1,9,95,1,3,0,1,3,0,1,69,1,0,1,0,0,1,0,1,1,0,0,0,1
720,22,98,1,0,8,69,1,4,2,1,2,0,0,72,0,1,0,1,0,1,0,1,1,0,0,0,1
721,10,81,1,0,7,85,0,1,0,1,2,1,0,63,1,0,1,0,0,1,0,1,1,0,0,1,0
722,12,82,0,1,9,79,2,0,0,1,2,1,1,63,0,1,0,1,1,0,0,1,1,0,0,0,1
723,24,78,2,0,7,53,2,0,1,1,4,0,0,66,1,0,1,0,0,1,0,1,0,1,0,1,0
724,21,73,1,1,6,85,1,6,1,2,5,1,0,70,1,0,1,0,1,0,0,1,1,0,0,1,0
725,19,79,1,2,7,90,1,1,2,1,4,1,2,68,0,1,1,0,0,1,0,1,1,0,1,0,0
726,20,84,1,1,10,99,0,2,1,1,3,0,1,69,1,0,0,1,0,1,0,1,1,0,0,0,1
727,22,99,1,1,5,71,2,0,1,2,4,1,0,72,0,1,1,0,0,1,0,1,1,0,0,1,0
728,17,98,0,2,5,75,0,1,0,0,3,1,0,67,1,0,0,1,1,0,0,1,0,1,0,0,1
729,15,94,0,1,8,94,0,1,2,1,4,0,1,68,1,0,1,0,1,0,0,1,1,0,0,0,1
730,21,96,1,2,7,63,1,1,1,1,2,2,2,70,0,1,0,1,1,0,0,1,1,0,1,0,0
731,14,79,2,1,6,59,1,5,1,2,3,2,2,68,1,0,1,0,0,1,0,1,1,0,0,0,1
732,22,86,1,1,5,57,2,2,1,1,3,1,1,69,1,0,1,0,0,1,0,1,1,0,0,0,1
733,10,96,1,1,4,99,1,1,1,1,5,1,0,68,0,1,0,1,1,0,0,1,1,0,1,0,0
734,26,76,1,1,5,64,0,0,1,1,5,1,2,66,0,1,1,0,1,0,0,1,1,0,0,0,1
735,23,98,1,1,9,88,2,1,0,1,4,2,1,72,0,1,1,0,1,0,0,1,1,0,1,0,0
736,22,77,1,1,7,72,1,2,1,2,3,0,0,67,1,0,1,0,0,1,0,1,1,0,0,1,0
737,26,84,0,2,4,62,1,3,2,2,2,0,0,70,1,0,1,0,1,0,1,0,1,0,0,0,1
738,30,88,2,1,9,96,1,1,1,2,3,0,0,73,1,0,0,1,0,1,0,1,0,1,0,1,0
739,26,98,1,0,9,73,2,1,2,0,6,2,1,73,1,0,1,0,0,1,0,1,1,0,0,1,0
740,9,70,1,1,9,78,0,1,1,0,2,0,0,60,0,1,1,0,1,0,0,1,1,0,0,1,0
741,12,90,1,2,6,61,0,2,1,2,3,1,0,67,1,0,1,0,1,0,0,1,1,0,0,1,0
742,16,81,2,1,7,66,1,3,2,2,4,0,0,69,1,0,0,1,0,1,0,1,1,0,0,0,1
743,20,71,1,0,7,87,2,1,1,1,5,0,0,65,1,0,1,0,1,0,0,1,1,0,1,0,0
744,23,91,0,2,9,67,0,2,0,1,4,0,0,70,0,1,1,0,0,1,0,1,1,0,0,1,0
745,16,82,2,2,6,75,0,3,1,1,3,1,1,68,0,1,1,0,0,1,0,1,1,0,0,1,0
746,21,86,1,0,6,56,1,1,0,2,2,1,0,66,0,1,0,1,1,0,0,1,1,0,1,0,0
747,15,73,0,2,8,93,1,1,0,2,4,1,2,65,1,0,1,0,0,1,0,1,1,0,0,0,1
748,16,79,0,1,9,87,1,1,0,1,2,1,1,64,0,1,1,0,0,1,0,1,1,0,0,1,0
749,12,85,2,2,7,88,2,1,0,1,0,1,2,67,0,1,1,0,0,1,0,1,1,0,0,1,0
750,14,76,2,1,8,59,0,3,1,1,5,0,1,65,1,0,0,1,0,1,0,1,1,0,0,1,0
751,12,68,2,2,7,75,1,1,1,0,4,0,0,64,1,0,0,1,0,1,0,1,1,0,0,0,1
752,14,98,2,2,7,51,1,0,1,0,1,0,0,67,1,0,1,0,1,0,0,1,0,1,0,0,1
753,26,80,1,0,6,66,1,2,2,1,4,2,0,70,1,0,1,0,0,1,0,1,1,0,0,1,0
754,14,89,1,0,5,67,0,3,0,0,3,0,2,63,0,1,0,1,0,1,1,0,1,0,0,1,0
755,36,76,1,1,6,96,1,1,0,1,2,1,0,71,1,0,0,1,1,0,0,1,1,0,0,1,0
756,23,74,2,0,6,100,0,2,2,0,3,0,0,68,1,0,0,1,1,0,0,1,1,0,0,0,1
757,21,76,1,1,7,81,1,0,1,2,2,1,1,67,0,1,0,1,1,0,0,1,1,0,0,0,1
758,15,76,2,2,9,76,1,1,1,2,2,2,2,67,0,1,1,0,0,1,0,1,1,0,0,1,0
759,24,82,0,1,7,72,1,0,1,2,2,2,1,68,0,1,1,0,0,1,0,1,1,0,0,0,1
760,17,82,2,1,6,51,1,1,0,1,3,2,1,66,1,0,1,0,1,0,0,1,1,0,0,0,1
761,21,80,1,1,8,90,1,0,1,1,4,1,0,68,1,0,1,0,0,1,0,1,1,0,1,0,0
762,35,65,2,1,7,84,2,0,1,1,2,0,1,70,1,0,1,0,0,1,0,1,1,0,0,0,1
763,19,80,0,0,8,82,1,5,0,0,3,1,0,67,1,0,1,0,1,0,0,1,1,0,0,0,1
764,27,67,0,1,6,90,1,2,2,2,3,0,1,67,1,0,0,1,0,1,0,1,1,0,0,1,0
765,16,65,0,2,9,96,0,2,0,1,2,0,0,62,1,0,1,0,1,0,0,1,1,0,1,0,0
766,20,97,1,2,9,69,0,0,0,0,3,0,0,67,1,0,1,0,1,0,0,1,0,1,1,0,0
767,31,84,1,2,7,71,0,4,0,1,4,0,2,70,1,0,1,0,1,0,0,1,1,0,1,0,0
768,16,86,2,2,8,99,1,4,0,2,4,1,0,72,1,0,0,1,1,0,0,1,1,0,0,1,0
769,31,76,1,1,9,83,1,2,2,1,3,0,1,70,0,1,0,1,0,1,0,1,1,0,1,0,0
771,17,86,1,1,7,61,1,2,2,1,3,0,1,66,1,0,1,0,1,0,1,0,1,0,0,0,1
772,24,91,0,0,7,66,2,2,0,2,3,0,0,69,1,0,1,0,0,1,0,1,1,0,0,1,0
773,26,75,2,1,5,70,0,0,2,0,2,2,0,68,1,0,0,1,1,0,0,1,1,0,0,1,0
774,24,98,2,0,8,66,2,2,0,1,1,0,1,71,1,0,1,0,1,0,0,1,1,0,0,0,1
775,11,93,2,1,9,94,1,4,0,2,4,0,1,69,1,0,1,0,1,0,0,1,1,0,0,1,0
776,16,94,1,1,7,76,0,2,1,1,3,0,0,67,0,1,1,0,1,0,0,1,0,1,0,1,0
777,19,67,0,1,8,98,1,2,0,1,2,2,0,64,0,1,0,1,0,1,0,1,1,0,1,0,0
778,20,71,1,1,9,66,1,1,1,0,5,1,0,63,0,1,0,1,0,1,0,1,0,1,1,0,0
779,24,71,1,2,6,52,1,2,1,1,3,1,2,66,0,1,0,1,0,1,0,1,1,0,0,1,0
780,21,71,2,1,8,57,0,2,2,1,1,2,0,66,0,1,1,0,0,1,1,0,1,0,0,0,1
781,12,94,0,2,6,61,1,3,2,2,4,1,0,69,1,0,1,0,0,1,0,1,1,0,0,1,0
782,22,61,0,0,6,82,0,4,1,1,4,0,1,64,0,1,1,0,0,1,0,1,1,0,0,0,1
783,24,63,2,1,8,59,0,1,0,1,3,0,0,62,1,0,1,0,1,0,0,1,0,1,0,1,0
784,23,71,1,1,7,69,2,3,0,1,5,0,2,66,0,1,1,0,0,1,0,1,0,1,0,0,1
785,26,68,1,2,8,90,1,4,0,2,3,0,0,70,1,0,0,1,0,1,0,1,1,0,0,1,0
786,25,69,2,1,7,56,1,2,0,1,4,0,0,67,1,0,0,1,0,1,0,1,1,0,0,1,0
787,23,92,0,1,8,54,1,0,2,0,1,2,0,68,0,1,1,0,1,0,0,1,1,0,0,0,1
788,20,83,2,0,9,77,2,0,0,1,3,0,0,67,1,0,1,0,1,0,0,1,0,1,0,0,1
789,10,60,1,1,9,85,1,0,1,2,4,2,0,62,1,0,1,0,1,0,0,1,1,0,0,0,1
790,23,77,0,1,8,96,1,1,2,1,1,1,0,67,1,0,0,1,0,1,0,1,0,1,0,1,0
791,21,76,1,2,8,83,1,0,0,1,5,0,0,68,1,0,1,0,0,1,0,1,1,0,0,0,1
792,22,65,0,1,7,97,0,2,1,2,4,0,1,64,0,1,0,1,1,0,0,1,1,0,0,1,0
793,12,87,1,0,7,62,1,2,1,1,4,0,0,64,0,1,1,0,0,1,1,0,1,0,0,1,0
794,14,88,1,1,8,67,1,2,2,0,3,2,2,66,1,0,1,0,1,0,0,1,1,0,0,1,0
795,26,89,1,0,7,92,1,2,0,2,2,2,1,72,1,0,1,0,0,1,0,1,1,0,0,0,1
796,20,89,1,2,8,91,1,2,1,1,3,0,0,72,0,1,1,0,0,1,0,1,1,0,0,0,1
797,24,60,1,2,9,83,2,2,1,0,3,0,0,66,1,0,1,0,0,1,0,1,0,1,0,0,1
798,20,98,0,1,7,75,2,4,1,1,1,1,0,72,1,0,0,1,1,0,0,1,1,0,0,0,1
799,20,93,2,1,4,51,0,1,1,1,3,0,0,69,1,0,1,0,0,1,0,1,1,0,0,0,1
800,26,96,2,2,10,64,0,2,1,1,3,0,0,72,0,1,0,1,0,1,0,1,0,1,0,1,0
801,17,61,0,0,6,58,1,1,1,2,4,0,0,60,1,0,1,0,0,1,0,1,1,0,0,1,0
802,21,97,1,1,7,53,1,0,2,1,2,0,1,69,1,0,1,0,0,1,0,1,1,0,0,1,0
803,17,92,1,2,8,89,1,0,0,0,3,0,0,68,1,0,1,0,1,0,0,1,0,1,0,0,1
804,17,93,0,1,9,57,2,3,0,2,2,1,0,69,1,0,0,1,0,1,0,1,1,0,0,1,0
805,18,64,1,0,10,68,0,1,0,1,5,0,0,62,1,0,1,0,0,1,0,1,1,0,0,0,1
806,21,90,1,1,6,99,0,2,0,2,2,0,1,71,1,0,1,0,0,1,0,1,1,0,0,0,1
807,17,98,1,2,9,70,0,1,2,1,2,0,0,70,1,0,0,1,0,1,0,1,1,0,1,0,0
808,28,87,0,0,7,57,1,2,1,2,4,0,1,68,1,0,0,1,0,1,0,1,1,0,1,0,0
809,15,83,2,1,10,84,1,1,2,2,2,1,0,68,1,0,1,0,0,1,0,1,1,0,1,0,0
810,19,98,1,2,9,90,0,1,2,1,2,1,2,70,0,1,0,1,1,0,1,0,1,0,0,0,1
811,17,78,1,2,7,64,1,0,0,1,3,0,0,65,0,1,0,1,1,0,0,1,1,0,0,1,0
812,29,84,2,1,6,90,1,0,1,2,3,2,2,73,1,0,1,0,0,1,0,1,1,0,0,0,1
813,21,79,2,1,4,64,0,0,0,2,4,1,1,66,1,0,1,0,1,0,0,1,1,0,1,0,0
814,26,97,1,1,8,85,0,2,2,0,3,0,0,71,1,0,1,0,1,0,1,0,1,0,0,1,0
815,11,63,2,1,9,56,2,2,1,1,3,0,0,62,0,1,1,0,0,1,0,1,1,0,0,1,0
816,22,80,1,1,8,71,2,2,0,1,3,0,0,68,0,1,0,1,0,1,0,1,1,0,0,0,1
817,25,87,1,2,4,76,0,1,0,2,4,1,2,70,1,0,1,0,1,0,0,1,1,0,0,0,1
818,20,92,1,0,5,86,0,0,1,1,2,2,1,68,0,1,1,0,1,0,0,1,1,0,0,1,0
819,26,83,2,0,8,83,1,2,0,2,2,1,0,71,0,1,1,0,0,1,0,1,1,0,0,1,0
820,17,96,1,1,10,93,1,2,1,0,4,0,0,70,0,1,1,0,0,1,0,1,1,0,1,0,0
821,28,98,1,1,7,59,1,1,0,1,3,0,0,72,1,0,1,0,0,1,0,1,1,0,0,0,1
822,34,63,1,2,9,83,1,2,1,2,2,1,1,69,1,0,1,0,0,1,0,1,1,0,1,0,0
823,18,76,1,2,5,56,1,1,0,0,2,1,1,63,1,0,1,0,1,0,0,1,1,0,1,0,0
824,17,61,1,1,7,74,2,0,1,1,2,2,0,62,0,1,1,0,1,0,0,1,1,0,0,1,0
825,29,73,1,1,7,76,1,2,0,2,3,0,0,68,0,1,0,1,1,0,0,1,1,0,0,1,0
826,29,81,0,1,9,51,0,2,1,1,5,2,0,70,1,0,1,0,0,1,0,1,1,0,0,0,1
827,17,96,1,1,6,54,1,1,1,1,4,0,0,69,1,0,0,1,0,1,0,1,1,0,0,0,1
828,17,94,1,1,10,92,0,2,0,1,2,0,0,68,1,0,0,1,1,0,0,1,1,0,1,0,0
829,18,65,2,1,7,64,1,2,2,1,1,0,0,65,1,0,1,0,0,1,0,1,1,0,0,0,1
830,12,64,1,0,5,67,1,3,0,1,2,0,0,59,1,0,0,1,1,0,0,1,0,1,0,0,1
831,14,84,1,1,5,82,1,3,0,1,3,1,2,66,1,0,1,0,1,0,0,1,1,0,0,0,1
832,14,81,2,1,6,61,0,0,0,1,4,0,1,64,1,0,1,0,1,0,0,1,1,0,0,0,1
833,15,71,0,1,8,60,2,5,0,2,4,0,2,63,0,1,1,0,1,0,1,0,1,0,0,0,1
834,20,96,1,1,6,71,1,5,0,2,3,1,0,72,1,0,1,0,1,0,0,1,1,0,0,1,0
835,21,97,1,2,6,53,0,0,0,1,3,0,1,67,1,0,1,0,0,1,0,1,0,1,1,0,0
837,14,96,1,2,4,97,0,2,1,1,3,0,0,70,0,1,1,0,0,1,0,1,1,0,1,0,0
838,26,75,0,1,6,72,1,0,0,2,3,0,0,66,1,0,1,0,1,0,0,1,1,0,0,1,0
839,19,89,0,1,5,60,0,4,1,1,2,2,1,69,0,1,1,0,0,1,0,1,1,0,0,0,1
840,20,79,1,0,6,74,0,2,0,1,2,0,2,64,1,0,1,0,0,1,0,1,1,0,0,0,1
841,24,65,1,1,7,55,0,1,0,2,3,0,0,63,0,1,0,1,1,0,0,1,0,1,0,0,1
842,13,97,2,2,7,70,1,1,0,2,4,2,0,71,0,1,1,0,1,0,0,1,1,0,0,1,0
843,22,78,2,1,7,54,1,1,1,1,3,0,1,65,1,0,1,0,1,0,0,1,0,1,1,0,0
844,21,89,0,1,9,85,0,1,1,1,5,1,2,68,0,1,1,0,0,1,0,1,1,0,1,0,0
845,23,75,1,1,7,64,2,1,0,1,3,0,1,64,1,0,1,0,1,0,0,1,0,1,1,0,0
846,22,61,0,0,10,76,2,1,2,2,2,1,0,64,1,0,1,0,0,1,0,1,1,0,0,0,1
847,35,64,1,1,8,51,1,2,1,1,5,0,0,66,1,0,1,0,0,1,0,1,0,1,1,0,0
848,16,80,2,1,6,76,1,1,1,2,4,1,0,68,1,0,1,0,1,0,0,1,1,0,0,0,1
849,17,88,1,1,10,50,1,3,0,2,5,1,1,67,0,1,1,0,1,0,0,1,1,0,0,1,0
850,16,73,0,2,7,96,1,1,1,1,3,0,1,66,0,1,0,1,0,1,0,1,1,0,0,0,1
851,17,88,1,1,10,75,1,2,1,1,3,0,0,68,1,0,1,0,0,1,0,1,1,0,0,1,0
852,16,88,0,1,7,55,1,3,0,0,3,2,0,66,1,0,1,0,1,0,0,1,1,0,0,1,0
853,27,88,1,1,7,67,1,3,2,1,4,1,2,71,1,0,1,0,1,0,0,1,1,0,0,1,0
854,29,80,1,2,8,52,1,4,0,1,4,0,1,71,0,1,1,0,0,1,0,1,1,0,0,0,1
855,17,97,1,2,7,77,1,0,0,1,4,1,2,68,1,0,0,1,1,0,0,1,1,0,1,0,0
856,15,80,2,0,9,56,2,3,1,1,3,0,0,64,0,1,1,0,1,0,0,1,0,1,0,1,0
857,23,78,1,1,10,74,0,3,1,1,4,0,1,67,1,0,1,0,0,1,0,1,1,0,1,0,0
858,17,68,2,1,4,65,2,0,1,1,2,0,1,64,1,0,0,1,0,1,0,1,1,0,0,0,1
859,24,72,2,0,8,88,2,3,0,1,2,0,0,68,0,1,1,0,0,1,0,1,1,0,0,0,1
860,21,62,1,0,6,74,2,0,0,2,3,2,2,62,1,0,0,1,1,0,0,1,0,1,0,0,1
861,11,85,1,0,4,92,0,0,1,2,1,1,0,64,1,0,1,0,0,1,0,1,1,0,0,1,0
862,29,70,0,2,8,97,0,3,0,2,3,2,1,70,1,0,1,0,1,0,0,1,1,0,0,0,1
863,31,72,1,1,8,98,2,0,0,1,4,1,2,68,1,0,1,0,1,0,0,1,1,0,0,1,0
864,16,91,1,1,8,63,2,2,1,2,3,1,0,69,0,1,1,0,1,0,0,1,1,0,0,1,0
865,18,73,0,1,8,88,0,3,0,1,4,1,1,65,1,0,1,0,0,1,0,1,1,0,0,0,1
866,22,70,1,2,8,72,1,2,2,1,3,0,0,67,1,0,1,0,0,1,0,1,1,0,0,1,0
867,22,67,2,1,6,71,0,2,1,1,2,1,1,65,1,0,1,0,1,0,0,1,1,0,0,0,1
868,24,91,2,1,7,93,0,0,1,1,2,0,1,71,1,0,1,0,1,0,0,1,1,0,0,0,1
869,32,65,1,0,8,57,0,2,0,1,3,0,1,65,0,1,1,0,0,1,0,1,1,0,0,0,1
870,19,78,1,1,9,74,0,2,0,1,5,0,1,66,0,1,1,0,0,1,0,1,1,0,0,0,1
871,15,80,2,1,7,80,1,0,0,0,5,0,0,65,0,1,1,0,1,0,0,1,1,0,0,1,0
872,12,87,1,1,7,53,0,2,1,1,1,1,0,65,1,0,0,1,0,1,0,1,1,0,0,1,0
873,16,85,0,1,7,93,2,1,1,2,3,0,0,68,1,0,1,0,1,0,0,1,1,0,0,0,1
874,20,92,1,1,5,66,1,2,1,1,2,1,1,68,1,0,1,0,0,1,0,1,0,1,1,0,0
875,31,62,2,1,8,83,1,0,1,2,2,1,0,67,0,1,0,1,1,0,0,1,0,1,0,1,0
876,17,72,0,1,5,96,2,3,2,1,3,0,1,65,1,0,1,0,0,1,0,1,1,0,1,0,0
877,21,71,1,0,8,86,1,2,1,2,2,1,0,66,1,0,1,0,1,0,0,1,1,0,0,1,0
878,20,66,1,1,7,94,0,0,1,0,4,0,1,63,0,1,1,0,0,1,0,1,1,0,0,1,0
879,27,72,2,2,5,53,1,1,2,1,5,2,0,70,1,0,0,1,0,1,0,1,1,0,0,1,0
880,35,72,2,2,5,75,1,1,0,1,5,1,1,72,1,0,1,0,0,1,0,1,1,0,0,0,1
881,17,81,1,2,6,78,1,2,0,1,2,0,1,67,1,0,0,1,1,0,0,1,1,0,0,0,1
882,17,87,2,0,6,84,1,0,1,1,3,1,2,67,1,0,1,0,0,1,0,1,1,0,0,0,1
883,26,75,0,1,9,56,1,1,0,1,5,0,1,66,1,0,1,0,0,1,0,1,1,0,0,0,1
884,24,89,0,1,7,83,1,1,0,0,3,0,1,66,1,0,1,0,1,0,1,0,1,0,0,1,0
885,31,73,2,1,8,57,1,2,0,2,4,0,2,69,1,0,1,0,0,1,0,1,1,0,0,1,0
886,24,72,1,0,9,53,1,0,0,2,4,0,1,62,1,0,0,1,0,1,0,1,0,1,0,1,0
887,18,82,0,1,9,73,0,2,0,1,4,1,0,66,0,1,1,0,1,0,0,1,1,0,0,0,1
888,24,61,1,1,7,80,2,0,0,1,3,2,1,64,1,0,1,0,1,0,0,1,1,0,0,0,1
889,27,63,2,1,6,98,1,1,0,2,2,0,1,67,0,1,1,0,0,1,0,1,1,0,0,0,1
890,25,77,2,2,8,85,1,2,1,1,1,1,0,71,1,0,1,0,1,0,0,1,1,0,0,0,1
891,23,98,2,1,6,80,1,1,1,1,2,0,1,73,1,0,1,0,0,1,0,1,1,0,0,0,1
892,26,89,1,0,10,61,0,0,1,2,3,0,1,68,0,1,1,0,0,1,0,1,1,0,0,1,0
893,27,64,2,0,8,58,1,2,2,2,1,2,2,66,1,0,1,0,0,1,0,1,1,0,0,1,0
894,28,94,1,2,7,80,1,3,0,2,4,2,2,75,1,0,1,0,0,1,0,1,1,0,0,0,1
895,24,89,1,2,8,61,1,1,0,2,3,2,0,72,0,1,1,0,0,1,0,1,1,0,0,0,1
896,19,84,2,0,7,85,1,1,2,1,3,0,0,68,1,0,0,1,0,1,0,1,1,0,0,1,0
897,21,93,1,1,6,56,1,1,0,1,3,0,0,68,1,0,1,0,0,1,1,0,1,0,0,0,1
898,27,76,0,2,8,67,1,1,1,1,4,0,0,69,1,0,1,0,0,1,0,1,1,0,0,0,1
899,15,69,1,1,7,89,1,1,0,2,2,1,1,63,0,1,1,0,0,1,0,1,1,0,1,0,0
900,22,80,1,2,10,92,1,0,1,2,2,0,0,70,0,1,1,0,0,1,0,1,1,0,0,0,1
901,18,82,0,1,6,67,0,1,2,0,3,2,1,66,1,0,0,1,0,1,0,1,1,0,0,0,1
902,20,82,0,0,8,60,1,3,1,2,4,0,1,66,1,0,1,0,0,1,0,1,1,0,0,0,1
903,28,83,1,2,6,98,1,1,0,2,2,2,1,72,1,0,0,1,1,0,0,1,1,0,0,1,0
904,21,98,0,1,6,88,1,1,1,0,3,2,0,71,1,0,1,0,1,0,0,1,1,0,0,1,0
905,20,96,2,1,4,90,1,3,0,1,2,1,0,72,1,0,0,1,1,0,0,1,1,0,0,1,0
906,12,95,1,1,8,61,2,4,2,2,1,1,0,69,1,0,0,1,1,0,0,1,1,0,0,1,0
907,24,92,0,2,6,71,0,2,0,2,2,0,0,71,1,0,1,0,0,1,0,1,1,0,0,0,1
908,24,98,1,0,9,53,1,3,2,0,2,2,2,69,1,0,0,1,1,0,0,1,1,0,1,0,0
909,33,64,2,1,8,55,1,1,1,2,3,1,1,68,0,1,1,0,1,0,0,1,1,0,0,1,0
910,18,71,0,0,7,61,0,2,0,1,4,1,0,61,1,0,1,0,0,1,0,1,1,0,1,0,0
911,21,80,1,2,5,65,2,2,1,0,1,2,1,68,1,0,0,1,1,0,0,1,1,0,0,1,0
912,21,94,2,1,8,100,0,0,0,1,3,2,0,72,1,0,1,0,0,1,0,1,1,0,0,1,0
913,29,80,1,1,6,71,1,0,1,1,3,1,1,70,0,1,1,0,0,1,0,1,1,0,0,0,1
914,19,90,2,1,5,85,2,0,1,2,5,2,0,73,0,1,0,1,0,1,0,1,1,0,0,0,1
915,22,66,1,2,8,95,0,3,1,1,3,0,1,67,0,1,0,1,1,0,0,1,1,0,0,0,1
916,24,70,1,2,5,62,1,2,0,1,4,1,0,65,1,0,0,1,1,0,0,1,0,1,1,0,0
917,21,89,1,1,4,57,1,1,2,1,2,0,0,68,0,1,0,1,1,0,0,1,1,0,0,0,1
918,17,67,0,2,9,62,2,3,1,1,3,0,0,65,1,0,1,0,0,1,0,1,1,0,0,0,1
920,26,71,2,0,4,83,0,1,1,1,3,1,1,66,1,0,1,0,0,1,0,1,1,0,1,0,0
921,14,74,2,2,6,73,2,2,1,1,3,0,0,67,0,1,0,1,0,1,0,1,1,0,0,1,0
922,21,88,2,1,6,91,1,2,2,1,1,0,1,70,0,1,1,0,1,0,0,1,1,0,0,1,0
923,16,75,2,1,9,62,1,3,0,1,4,0,1,66,0,1,1,0,0,1,0,1,1,0,0,0,1
924,27,82,1,2,5,62,0,1,0,2,4,0,1,69,0,1,0,1,0,1,0,1,1,0,0,1,0
925,11,64,2,1,5,78,0,2,0,2,4,1,1,62,1,0,0,1,0,1,0,1,1,0,0,1,0
926,17,92,1,0,8,90,2,1,2,0,3,0,0,68,1,0,1,0,0,1,0,1,1,0,1,0,0
927,22,75,1,2,6,63,0,1,0,1,2,1,0,67,1,0,1,0,0,1,0,1,1,0,0,0,1
928,29,86,1,1,7,61,1,0,1,1,4,0,2,68,0,1,1,0,0,1,0,1,1,0,1,0,0
929,20,89,2,1,6,74,1,1,0,2,2,0,1,69,1,0,0,1,0,1,0,1,1,0,0,1,0
930,17,68,1,1,10,57,1,1,2,1,1,0,1,62,0,1,0,1,0,1,0,1,0,1,0,0,1
931,31,95,2,1,5,87,1,2,0,1,3,2,1,75,1,0,1,0,0,1,0,1,1,0,0,1,0
932,11,85,1,1,7,79,0,2,2,0,3,0,0,65,1,0,1,0,1,0,0,1,1,0,0,0,1
933,7,77,2,1,9,76,1,2,1,2,3,1,1,63,1,0,1,0,1,0,0,1,1,0,1,0,0
934,23,67,2,1,6,94,0,1,1,1,2,1,2,66,1,0,1,0,1,0,0,1,1,0,0,0,1
935,17,98,0,2,6,87,2,3,1,1,5,1,0,71,0,1,0,1,1,0,1,0,1,0,0,0,1
936,14,90,2,1,8,57,1,0,1,1,3,1,1,66,1,0,1,0,0,1,0,1,0,1,0,0,1
937,24,68,1,1,9,71,1,2,1,1,4,1,0,66,1,0,1,0,1,0,0,1,1,0,0,1,0
938,21,74,1,2,6,66,0,1,1,2,4,0,0,66,1,0,0,1,1,0,0,1,1,0,1,0,0
939,17,92,2,2,9,90,1,1,2,0,3,0,1,71,1,0,1,0,0,1,0,1,1,0,0,0,1
940,12,88,1,1,7,86,2,3,1,2,3,0,1,68,1,0,1,0,0,1,0,1,0,1,0,0,1
941,25,91,1,1,8,74,2,1,1,2,3,1,1,71,1,0,0,1,1,0,0,1,1,0,0,0,1
942,24,78,1,1,9,91,0,0,2,2,3,2,2,68,0,1,1,0,0,1,0,1,1,0,1,0,0
943,19,89,0,1,8,71,1,2,0,2,4,0,0,68,1,0,1,0,1,0,0,1,1,0,0,0,1
944,31,75,1,1,7,90,0,2,1,2,2,0,1,68,1,0,1,0,1,0,0,1,0,1,0,1,0
945,14,68,1,1,6,52,1,2,0,1,2,1,0,62,1,0,1,0,0,1,0,1,1,0,0,0,1
946,11,85,2,0,10,57,2,0,1,2,5,0,0,65,1,0,1,0,0,1,0,1,1,0,0,1,0
947,16,99,0,2,6,88,2,2,0,0,3,2,0,71,1,0,1,0,1,0,0,1,1,0,0,1,0
948,20,72,1,2,7,56,0,0,0,1,6,1,1,63,1,0,1,0,0,1,0,1,0,1,1,0,0
949,21,78,2,1,8,84,0,1,2,0,4,0,0,68,1,0,1,0,1,0,0,1,1,0,0,0,1
950,19,87,2,0,8,86,0,1,1,2,4,0,1,69,0,1,1,0,0,1,0,1,1,0,0,0,1
951,22,82,2,2,10,83,1,1,0,2,2,1,1,69,1,0,0,1,1,0,0,1,0,1,0,1,0
952,12,94,1,2,7,91,0,3,1,1,3,2,0,71,0,1,0,1,0,1,0,1,1,0,0,0,1
953,29,90,1,2,7,76,1,0,0,1,1,2,1,71,0,1,1,0,1,0,0,1,1,0,0,1,0
954,20,62,1,1,9,95,0,0,1,1,3,0,0,62,1,0,0,1,0,1,0,1,0,1,0,1,0
955,27,100,0,0,7,78,0,2,1,1,2,0,0,70,1,0,1,0,0,1,0,1,1,0,1,0,0
956,22,90,2,2,8,75,2,1,0,0,3,1,1,70,1,0,0,1,1,0,0,1,1,0,0,1,0
957,23,95,1,1,7,75,1,2,2,1,2,1,0,73,1,0,1,0,0,1,0,1,1,0,0,0,1
958,23,86,1,2,8,96,0,3,1,1,2,0,1,71,0,1,0,1,0,1,0,1,1,0,0,0,1
959,23,94,1,0,8,62,1,2,0,1,0,2,1,69,0,1,1,0,0,1,0,1,1,0,0,0,1
960,24,64,1,2,6,85,2,0,2,0,3,2,0,66,1,0,0,1,0,1,0,1,0,1,0,1,0
961,28,74,1,0,4,62,1,1,0,1,3,0,1,65,1,0,0,1,0,1,0,1,1,0,0,1,0
962,21,95,2,1,4,55,1,2,1,2,1,1,0,71,1,0,0,1,1,0,0,1,1,0,0,1,0
963,24,68,1,1,4,98,2,2,1,2,2,0,0,68,1,0,1,0,0,1,0,1,1,0,1,0,0
964,19,63,1,2,7,56,1,2,0,1,3,0,0,64,0,1,0,1,0,1,0,1,1,0,0,0,1
965,29,92,0,0,4,84,1,2,0,1,3,2,0,71,1,0,1,0,0,1,0,1,1,0,1,0,0
966,16,93,0,1,7,71,1,0,1,2,2,0,0,67,1,0,1,0,1,0,0,1,1,0,0,0,1
967,31,67,1,0,7,92,2,2,1,1,3,0,2,66,0,1,1,0,1,0,0,1,1,0,1,0,0
968,20,94,0,2,8,89,1,1,0,1,4,0,0,71,1,0,1,0,0,1,0,1,1,0,0,0,1
969,11,87,0,1,8,57,2,0,0,1,2,0,1,62,1,0,1,0,1,0,0,1,1,0,1,0,0
970,21,81,2,1,8,73,1,3,0,1,2,0,0,67,1,0,1,0,1,0,0,1,0,1,0,0,1
971,16,93,1,0,8,51,1,3,0,1,2,1,0,67,1,0,1,0,0,1,0,1,1,0,0,1,0
972,25,77,0,1,7,71,1,0,1,1,3,0,0,66,0,1,1,0,0,1,0,1,1,0,1,0,0
973,16,68,0,1,7,85,2,1,0,2,3,2,1,64,0,1,0,1,0,1,0,1,1,0,0,0,1
974,17,71,0,1,6,62,1,2,0,1,3,1,0,62,1,0,1,0,0,1,0,1,0,1,0,1,0
975,9,80,1,2,7,91,0,1,1,1,3,1,0,65,0,1,1,0,1,0,0,1,1,0,0,1,0
976,17,81,1,0,5,53,0,0,1,1,1,1,0,63,1,0,1,0,0,1,0,1,1,0,0,1,0
977,5,92,1,1,9,52,1,2,2,1,4,1,1,64,0,1,0,1,0,1,0,1,0,1,0,1,0
978,10,92,0,2,6,51,0,1,1,1,3,0,0,65,0,1,0,1,0,1,0,1,1,0,0,1,0
979,25,83,1,2,7,64,1,0,0,1,2,1,1,68,1,0,1,0,1,0,0,1,1,0,0,1,0
980,25,91,1,2,7,73,1,2,0,1,3,0,0,72,0,1,1,0,0,1,0,1,1,0,0,0,1
981,23,68,1,1,9,55,1,0,0,1,3,1,1,64,1,0,1,0,0,1,0,1,1,0,0,0,1
982,14,62,2,1,4,100,0,1,0,1,3,0,0,62,1,0,1,0,1,0,0,1,1,0,0,1,0
983,20,95,1,0,7,100,0,3,0,1,2,0,0,69,0,1,0,1,0,1,1,0,1,0,0,1,0
984,20,63,0,0,8,76,1,3,1,1,4,2,0,64,0,1,1,0,0,1,0,1,1,0,0,1,0
985,13,70,2,1,10,78,1,1,0,1,2,0,2,61,0,1,1,0,1,0,0,1,1,0,1,0,0
986,29,88,1,2,7,96,0,2,0,0,2,0,0,72,0,1,1,0,1,0,0,1,1,0,0,0,1
987,25,76,1,0,6,88,0,1,1,1,3,1,2,66,1,0,0,1,0,1,0,1,1,0,1,0,0
988,19,95,2,0,10,58,0,2,2,1,3,0,0,69,1,0,1,0,1,0,0,1,1,0,0,0,1
989,20,72,1,1,8,90,2,2,0,0,2,1,0,65,0,1,0,1,1,0,1,0,1,0,0,1,0
990,21,60,2,1,9,62,1,2,0,1,3,0,0,64,1,0,1,0,0,1,0,1,1,0,0,0,1
991,8,72,0,1,5,72,1,3,2,0,4,0,0,62,0,1,0,1,0,1,0,1,1,0,0,0,1
992,19,83,1,1,8,77,2,1,0,1,4,0,2,66,1,0,1,0,1,0,0,1,1,0,0,0,1
993,16,75,0,0,5,86,1,0,0,1,1,1,1,62,0,1,1,0,0,1,0,1,1,0,0,0,1
994,14,81,1,1,5,58,2,3,0,2,4,2,1,66,1,0,1,0,0,1,0,1,1,0,1,0,0
995,18,95,1,2,8,54,1,2,2,1,3,1,1,70,0,1,1,0,1,0,0,1,1,0,0,1,0
996,31,96,1,1,8,93,0,3,0,1,3,0,0,75,1,0,1,0,0,1,0,1,1,0,0,0,1
997,24,71,0,2,6,91,1,3,2,1,2,0,2,67,0,1,1,0,0,1,0,1,1,0,0,1,0
998,17,78,0,1,9,76,0,4,1,1,2,1,0,66,1,0,1,0,0,1,0,1,1,0,0,0,1
999,23,82,1,2,6,83,1,2,1,1,3,2,1,71,1,0,0,1,1,0,0,1,1,0,0,0,1
1000,28,98,2,1,7,86,1,2,1,2,2,0,0,75,0,1,0,1,0,1,0,1,1,0,0,1,0
1001,26,100,2,2,7,74,0,1,1,1,2,0,2,72,0,1,1,0,1,0,0,1,1,0,0,1,0
1002,20,69,2,1,7,63,0,2,0,1,2,0,1,64,0,1,0,1,1,0,0,1,1,0,1,0,0
1003,16,89,1,1,9,74,1,1,0,1,3,0,2,65,1,0,1,0,0,1,1,0,1,0,0,1,0
1004,24,75,0,1,5,98,2,1,0,1,3,0,0,67,1,0,1,0,1,0,0,1,1,0,0,0,1
1005,22,60,1,1,6,92,0,2,0,2,2,0,0,63,1,0,1,0,1,0,0,1,1,0,1,0,0
1006,25,60,1,0,5,73,0,1,1,1,2,0,0,62,1,0,1,0,0,1,0,1,1,0,1,0,0
1007,24,78,0,2,10,61,2,2,1,1,4,1,1,69,0,1,1,0,0,1,0,1,1,0,0,0,1
1008,26,80,1,1,7,94,1,1,0,1,2,2,1,70,1,0,0,1,0,1,0,1,1,0,0,0,1
1009,17,61,0,1,6,82,2,0,1,2,4,2,0,63,1,0,1,0,0,1,0,1,1,0,0,1,0
1010,28,87,1,1,7,70,1,2,0,1,2,2,0,71,1,0,1,0,0,1,0,1,1,0,0,1,0
1011,21,72,1,0,8,56,1,0,0,1,4,0,0,63,1,0,1,0,0,1,0,1,1,0,0,1,0
1012,32,82,0,1,8,88,0,0,2,1,2,1,1,71,1,0,1,0,0,1,0,1,1,0,0,0,1
1013,16,72,1,1,6,66,0,0,0,1,4,1,0,63,1,0,0,1,0,1,0,1,1,0,0,0,1
1014,30,67,1,2,6,80,2,0,0,1,4,0,1,68,1,0,1,0,0,1,0,1,1,0,0,1,0
1015,21,76,1,0,5,78,2,0,0,2,3,0,0,65,1,0,1,0,0,1,1,0,1,0,0,1,0
1016,16,69,2,2,7,85,1,0,2,2,3,0,0,66,0,1,0,1,0,1,0,1,1,0,1,0,0
1017,17,81,0,1,9,77,1,3,0,1,4,1,2,66,1,0,1,0,0,1,0,1,1,0,0,1,0
1018,18,68,2,2,6,82,0,0,1,2,3,0,0,66,1,0,1,0,1,0,0,1,1,0,0,0,1
1019,23,80,0,0,8,54,1,0,1,2,2,0,0,65,0,1,0,1,0,1,0,1,1,0,0,0,1
1020,23,66,1,2,6,83,1,0,2,1,2,0,0,66,0,1,1,0,1,0,0,1,1,0,0,0,1
1021,17,87,1,1,5,60,1,4,1,1,3,0,0,67,0,1,0,1,0,1,0,1,0,1,0,0,1
1022,20,90,2,1,8,70,1,0,1,1,3,0,1,68,0,1,0,1,1,0,0,1,1,0,0,1,0
1023,33,64,1,0,10,76,0,2,2,2,3,0,0,68,1,0,0,1,0,1,0,1,1,0,0,1,0
1024,30,79,0,1,8,84,1,3,0,1,3,1,1,69,0,1,0,1,1,0,0,1,1,0,1,0,0
1025,23,63,1,0,6,87,0,1,1,1,2,2,0,64,1,0,1,0,0,1,0,1,1,0,0,1,0
1026,20,84,1,1,6,85,1,0,1,1,3,0,1,67,1,0,0,1,1,0,0,1,1,0,0,0,1
1027,21,71,1,1,10,55,0,1,1,1,4,0,1,63,0,1,1,0,0,1,0,1,1,0,1,0,0
1028,24,81,0,2,7,69,1,3,0,1,3,1,0,67,1,0,1,0,0,1,0,1,1,0,1,0,0
1029,14,81,1,2,6,64,0,2,2,2,2,0,2,64,0,1,1,0,0,1,1,0,1,0,0,1,0
1030,18,97,0,1,7,70,0,0,2,1,2,0,0,66,0,1,1,0,1,0,0,1,0,1,0,1,0
1031,10,82,2,1,7,82,0,2,0,2,4,0,0,65,1,0,0,1,1,0,0,1,1,0,0,1,0
1032,22,83,1,1,8,60,0,4,1,1,2,2,1,68,0,1,1,0,0,1,1,0,1,0,0,1,0
1033,24,76,0,2,9,75,0,0,0,1,5,0,0,66,1,0,0,1,1,0,0,1,1,0,0,0,1
1034,17,98,2,2,9,94,0,0,2,0,3,1,0,71,1,0,1,0,1,0,0,1,1,0,1,0,0
1035,29,91,1,2,7,87,1,2,1,2,4,1,0,74,0,1,0,1,0,1,1,0,1,0,1,0,0
1036,13,71,1,2,7,86,0,2,0,1,3,2,0,65,1,0,1,0,1,0,0,1,1,0,0,0,1
1037,11,94,0,2,8,92,2,0,1,1,4,0,0,68,0,1,1,0,0,1,0,1,1,0,0,1,0
1038,21,77,1,2,6,70,0,2,2,1,2,1,0,68,1,0,0,1,0,1,1,0,1,0,0,0,1
1039,26,93,1,1,8,88,1,1,1,2,4,1,0,72,1,0,1,0,1,0,0,1,0,1,0,1,0
1040,30,93,2,2,7,53,1,3,0,1,2,2,1,74,0,1,0,1,0,1,0,1,1,0,1,0,0
1041,17,68,0,2,8,53,1,0,0,1,2,1,0,61,1,0,1,0,1,0,0,1,1,0,0,1,0
1042,26,88,0,0,10,67,0,0,0,0,3,0,2,65,1,0,0,1,1,0,0,1,1,0,0,0,1
1043,20,72,2,0,8,60,0,0,0,1,5,0,0,63,1,0,1,0,1,0,0,1,1,0,0,1,0
1044,19,72,2,1,7,76,1,1,1,2,2,0,1,66,0,1,1,0,0,1,0,1,1,0,0,0,1
1045,25,72,0,2,6,59,1,2,0,1,3,0,0,66,1,0,1,0,0,1,0,1,1,0,1,0,0
1046,24,89,2,1,7,99,1,2,0,2,4,0,0,73,0,1,0,1,0,1,0,1,1,0,0,1,0
1047,11,69,1,1,5,93,1,0,1,2,4,1,0,63,1,0,1,0,1,0,0,1,1,0,1,0,0
1048,29,60,2,2,8,99,1,0,1,1,4,0,0,68,0,1,1,0,0,1,0,1,0,1,0,0,1
1049,28,89,2,0,4,90,2,3,0,2,2,2,1,73,0,1,1,0,0,1,0,1,0,1,0,0,1
1050,16,67,0,2,8,98,1,0,2,0,3,0,1,63,1,0,0,1,0,1,0,1,1,0,1,0,0
1051,22,64,1,2,8,68,1,2,1,1,4,0,0,65,1,0,1,0,0,1,0,1,1,0,1,0,0
1052,23,70,0,2,7,75,2,0,0,1,4,0,0,66,0,1,1,0,0,1,0,1,1,0,0,0,1
1053,22,75,0,0,6,62,1,0,2,2,3,2,0,65,0,1,1,0,0,1,0,1,1,0,1,0,0
1054,17,79,0,2,7,82,1,0,1,2,2,1,0,66,1,0,1,0,0,1,0,1,1,0,1,0,0
1055,16,62,2,1,4,89,2,3,0,1,3,1,0,65,0,1,1,0,1,0,0,1,1,0,0,1,0
1056,20,99,1,1,8,75,1,2,0,2,2,2,2,70,0,1,0,1,1,0,0,1,1,0,1,0,0
1057,27,89,1,1,7,65,1,1,1,1,3,0,0,70,0,1,1,0,1,0,0,1,1,0,0,1,0
1058,23,73,2,1,9,75,1,0,2,2,3,0,1,68,0,1,0,1,0,1,0,1,1,0,0,0,1
1059,18,73,1,2,8,53,1,1,0,2,3,2,1,64,1,0,1,0,1,0,1,0,1,0,0,1,0
1060,25,78,1,1,7,86,1,1,1,1,3,2,1,68,0,1,1,0,1,0,0,1,1,0,1,0,0
1061,3,85,0,2,8,73,0,2,0,1,3,0,0,62,1,0,0,1,1,0,0,1,1,0,0,1,0
1062,27,66,1,1,6,95,1,1,1,1,3,1,1,68,1,0,1,0,0,1,0,1,1,0,0,0,1
1063,10,68,0,1,6,96,0,1,2,1,3,1,1,61,1,0,1,0,1,0,0,1,1,0,0,1,0
1064,18,94,2,1,7,56,0,1,0,1,3,2,0,69,1,0,1,0,0,1,1,0,1,0,0,0,1
1065,13,70,1,1,7,100,1,3,0,1,3,0,0,65,1,0,1,0,0,1,0,1,1,0,0,1,0
1066,12,75,1,2,6,98,1,2,0,1,2,1,2,65,1,0,1,0,0,1,0,1,1,0,0,1,0
1067,27,95,1,2,7,81,0,3,0,1,2,0,1,72,1,0,1,0,1,0,0,1,1,0,0,1,0
1068,17,87,1,1,7,91,2,3,0,2,3,1,0,70,0,1,1,0,0,1,0,1,0,1,0,0,1
1069,22,74,1,2,10,51,1,1,1,1,4,0,0,65,1,0,0,1,0,1,1,0,1,0,1,0,0
1070,20,87,1,1,7,99,1,3,0,1,3,0,0,69,1,0,1,0,1,0,0,1,1,0,1,0,0
1071,23,61,2,0,6,73,1,1,1,1,3,1,0,65,1,0,1,0,0,1,0,1,1,0,0,0,1
1072,20,89,0,1,7,95,0,3,0,1,2,0,0,69,1,0,0,1,0,1,0,1,1,0,0,1,0
1073,12,79,0,1,9,69,1,2,0,2,3,2,0,65,1,0,1,0,0,1,0,1,1,0,0,1,0
1074,26,93,1,2,9,89,1,0,0,1,3,1,1,72,1,0,1,0,0,1,0,1,1,0,0,1,0
1075,17,98,2,0,10,71,1,0,0,2,3,2,1,70,0,1,0,1,0,1,0,1,1,0,0,0,1
1076,11,97,1,1,7,68,0,0,0,1,2,0,1,64,0,1,0,1,0,1,0,1,1,0,1,0,0
1077,17,96,1,0,8,97,0,0,1,1,3,0,0,67,0,1,1,0,1,0,0,1,1,0,1,0,0
1078,29,80,1,0,5,85,2,0,2,2,2,0,1,69,1,0,1,0,1,0,0,1,1,0,0,1,0
1079,25,74,0,1,6,92,0,4,1,1,3,2,0,70,1,0,0,1,0,1,0,1,1,0,0,0,1
1080,18,79,1,1,5,77,0,1,0,2,3,0,0,65,1,0,1,0,0,1,0,1,1,0,0,1,0
1081,18,88,2,2,8,96,0,1,0,1,3,0,2,69,0,1,1,0,0,1,0,1,1,0,0,0,1
1082,18,95,2,1,7,87,2,5,1,1,2,1,0,74,1,0,1,0,0,1,0,1,1,0,0,1,0
1083,32,68,0,1,7,54,1,1,0,1,1,2,0,66,1,0,0,1,0,1,0,1,1,0,0,1,0
1084,22,97,1,1,6,88,2,1,0,0,4,1,0,72,1,0,0,1,0,1,0,1,1,0,0,0,1
1085,23,93,1,0,8,51,2,0,0,2,1,0,0,67,1,0,0,1,0,1,1,0,1,0,0,0,1
1086,26,99,0,2,4,91,2,2,2,0,4,2,1,75,0,1,1,0,0,1,0,1,1,0,0,1,0
1087,21,95,1,0,7,67,1,3,1,1,2,1,2,70,0,1,1,0,0,1,0,1,1,0,0,0,1
1088,18,71,0,0,7,80,1,1,1,0,4,2,1,63,0,1,1,0,1,0,0,1,1,0,0,1,0
1089,19,64,1,1,4,87,2,2,1,1,4,0,1,65,1,0,0,1,1,0,0,1,1,0,0,0,1
1090,20,64,1,2,8,82,1,3,1,0,3,0,1,64,0,1,1,0,1,0,0,1,1,0,1,0,0
1091,20,72,1,2,7,84,0,2,1,2,2,0,1,65,0,1,1,0,1,0,0,1,1,0,1,0,0
1092,24,85,1,1,8,95,1,2,1,1,4,0,0,70,0,1,1,0,0,1,0,1,1,0,1,0,0
1093,20,92,1,0,10,69,1,0,0,1,2,2,2,67,1,0,1,0,1,0,0,1,1,0,0,0,1
1094,24,96,1,1,7,77,0,0,0,1,2,0,0,67,0,1,1,0,0,1,1,0,0,1,1,0,0
1095,20,85,1,2,8,59,1,1,1,1,3,2,2,68,0,1,1,0,1,0,0,1,1,0,0,0,1
1096,20,60,1,1,9,73,2,4,1,1,4,1,0,65,1,0,1,0,1,0,0,1,1,0,1,0,0
1097,8,67,2,1,8,58,0,2,1,1,1,2,1,61,0,1,1,0,0,1,0,1,1,0,0,0,1
1098,25,64,1,0,6,82,0,2,0,1,3,0,1,63,0,1,1,0,0,1,0,1,1,0,1,0,0
1100,26,80,1,1,8,93,1,2,0,0,1,2,1,69,1,0,1,0,0,1,0,1,1,0,0,1,0
1102,33,74,1,1,9,64,1,2,1,1,4,2,0,70,0,1,0,1,1,0,0,1,1,0,0,1,0
1103,19,67,1,1,6,75,2,1,0,1,3,1,0,65,0,1,1,0,0,1,0,1,1,0,0,1,0
1104,27,86,0,1,7,59,0,1,1,1,3,0,0,68,1,0,1,0,0,1,0,1,1,0,0,1,0
1105,14,79,1,0,5,60,1,3,0,1,5,0,0,64,1,0,1,0,0,1,0,1,1,0,1,0,0
1106,24,80,1,1,6,89,1,1,0,2,3,1,0,69,1,0,1,0,1,0,0,1,1,0,0,1,0
1108,16,98,1,0,6,60,1,1,1,1,3,0,2,67,1,0,0,1,0,1,0,1,1,0,0,0,1
1110,19,81,2,2,6,73,0,1,0,2,3,0,0,67,0,1,0,1,1,0,1,0,1,0,0,0,1
1111,21,89,0,1,10,87,0,3,1,1,3,1,0,70,1,0,1,0,0,1,0,1,1,0,0,0,1
1112,25,82,2,0,8,68,1,1,0,2,3,1,0,68,1,0,1,0,1,0,0,1,1,0,0,1,0
1113,23,97,1,0,9,62,1,0,0,1,2,2,0,70,1,0,0,1,0,1,0,1,1,0,0,0,1
1114,21,75,1,1,7,70,0,3,1,1,4,2,0,67,1,0,1,0,0,1,0,1,0,1,0,0,1
1115,22,79,1,1,7,98,2,0,2,1,3,0,0,69,1,0,1,0,0,1,0,1,1,0,0,1,0
1116,34,64,1,1,6,71,2,0,0,2,4,0,0,67,0,1,0,1,1,0,0,1,1,0,1,0,0
1117,20,84,2,2,10,63,1,0,0,1,4,0,0,69,0,1,0,1,0,1,0,1,1,0,0,0,1
1118,21,72,1,2,7,78,0,0,2,1,1,0,0,63,0,1,1,0,1,0,1,0,0,1,0,1,0
1119,26,66,1,1,6,91,1,3,1,1,3,1,0,69,0,1,1,0,1,0,0,1,1,0,0,0,1
1120,27,82,1,2,6,51,0,1,0,1,3,0,1,66,1,0,1,0,1,0,0,1,1,0,1,0,0
1121,27,81,1,1,8,78,1,0,1,1,3,0,1,68,1,0,1,0,1,0,0,1,1,0,0,0,1
1122,24,63,1,1,9,92,1,4,1,1,4,2,0,69,1,0,0,1,0,1,0,1,1,0,0,0,1
1123,13,88,2,0,9,61,0,4,1,1,3,0,0,66,0,1,0,1,0,1,0,1,1,0,1,0,0
1124,30,85,1,1,6,96,0,1,1,1,4,0,0,72,0,1,0,1,0,1,0,1,1,0,0,1,0
1125,13,68,0,1,6,79,1,1,2,1,3,1,0,62,1,0,0,1,0,1,0,1,1,0,1,0,0
1126,22,79,1,1,9,76,1,1,0,1,2,0,0,67,1,0,0,1,1,0,0,1,1,0,0,0,1
1127,15,89,2,0,10,98,0,0,0,1,2,1,0,67,1,0,0,1,1,0,0,1,1,0,0,0,1
1128,20,81,2,2,7,56,0,1,1,1,3,0,0,67,1,0,0,1,0,1,1,0,1,0,0,0,1
1129,22,76,1,0,9,87,0,2,0,2,3,1,0,65,0,1,1,0,1,0,0,1,0,1,0,1,0
1130,22,73,2,0,5,91,1,1,1,1,3,2,1,67,1,0,1,0,1,0,0,1,1,0,0,0,1
1131,23,84,0,0,6,74,1,3,0,1,1,0,0,66,0,1,1,0,1,0,1,0,1,0,0,0,1
1132,30,98,0,0,5,50,2,0,0,2,2,1,0,70,1,0,1,0,0,1,0,1,1,0,1,0,0
1133,23,87,0,2,8,76,1,2,2,1,5,2,0,71,0,1,1,0,1,0,0,1,0,1,0,0,1
1134,19,63,0,2,7,58,1,2,0,2,3,2,0,64,0,1,0,1,0,1,0,1,1,0,0,1,0
1135,26,78,0,2,7,78,0,4,1,1,4,0,1,69,0,1,0,1,0,1,0,1,1,0,0,1,0
1136,27,96,1,2,9,87,0,0,1,2,2,1,1,72,1,0,1,0,0,1,1,0,1,0,0,0,1
1137,13,64,1,0,6,77,1,0,0,2,4,0,0,60,1,0,1,0,0,1,0,1,1,0,0,1,0
1138,24,100,1,0,7,82,0,1,1,2,3,0,1,71,1,0,0,1,0,1,0,1,1,0,0,0,1
1139,24,98,1,1,5,55,2,0,1,1,3,0,1,71,1,0,1,0,0,1,0,1,1,0,0,0,1
1140,18,63,2,2,9,55,1,2,2,2,2,2,0,66,0,1,0,1,1,0,0,1,1,0,0,0,1
1141,28,97,1,1,9,93,0,3,1,2,3,0,0,74,0,1,1,0,1,0,0,1,1,0,0,1,0
1142,19,75,1,1,8,52,2,0,0,1,4,2,1,64,1,0,1,0,1,0,0,1,1,0,1,0,0
1143,21,94,1,0,7,64,0,2,1,1,2,0,0,68,1,0,0,1,0,1,0,1,1,0,0,1,0
1144,19,77,2,0,6,97,0,4,0,1,2,0,0,66,1,0,1,0,1,0,0,1,1,0,1,0,0
1145,20,78,1,1,5,73,0,1,0,1,3,1,0,65,0,1,1,0,1,0,0,1,1,0,1,0,0
1146,13,85,0,2,7,84,1,0,0,1,5,0,1,64,0,1,1,0,0,1,1,0,1,0,0,1,0
1147,11,91,1,0,8,61,1,1,2,1,3,2,2,65,1,0,0,1,1,0,0,1,1,0,0,0,1
1148,30,61,2,2,10,64,0,4,1,1,2,2,1,69,1,0,1,0,1,0,0,1,1,0,0,0,1
1149,15,84,1,2,6,75,1,2,1,1,4,2,0,68,0,1,0,1,0,1,0,1,0,1,0,0,1
1150,14,67,1,2,7,82,0,1,1,1,3,0,2,62,0,1,1,0,1,0,0,1,1,0,0,1,0
1151,7,74,0,2,9,98,2,3,2,0,2,0,1,63,1,0,1,0,1,0,0,1,1,0,0,1,0
1152,16,74,2,0,9,79,2,0,2,1,4,2,1,65,0,1,1,0,1,0,0,1,1,0,0,1,0
1153,12,79,0,2,6,55,1,1,0,2,4,1,2,62,0,1,0,1,1,0,0,1,1,0,0,1,0
1154,30,73,0,1,7,68,1,0,0,2,2,2,0,67,1,0,1,0,1,0,0,1,1,0,0,0,1
1155,26,64,0,2,6,62,0,1,0,1,5,0,1,64,1,0,0,1,1,0,0,1,1,0,0,0,1
1156,16,66,1,0,6,63,0,2,1,2,3,1,1,61,1,0,1,0,1,0,0,1,1,0,0,1,0
1157,34,61,0,1,9,75,1,1,0,1,2,1,2,65,1,0,1,0,1,0,0,1,1,0,0,1,0
1158,26,79,2,0,7,66,1,1,2,1,5,0,1,67,1,0,1,0,1,0,0,1,0,1,0,0,1
1159,18,98,2,0,7,64,1,0,1,1,4,2,1,70,1,0,1,0,1,0,0,1,1,0,0,0,1
1160,5,65,1,2,7,98,0,1,0,0,3,0,2,59,1,0,0,1,0,1,0,1,1,0,0,0,1
1161,34,98,1,2,7,79,1,1,0,1,4,1,0,75,1,0,0,1,1,0,0,1,1,0,0,1,0
1162,12,89,0,1,7,63,1,4,0,2,2,1,0,67,1,0,1,0,0,1,0,1,1,0,0,1,0
1163,10,85,1,1,6,64,0,1,1,1,3,1,0,64,1,0,1,0,0,1,0,1,1,0,1,0,0
1164,26,86,1,2,9,91,1,3,2,1,3,0,0,72,0,1,1,0,0,1,0,1,0,1,0,1,0
1166,28,64,1,2,6,84,0,2,1,1,2,2,0,69,1,0,0,1,0,1,0,1,1,0,0,0,1
1167,23,80,0,1,7,72,0,0,0,2,5,0,0,65,1,0,1,0,1,0,0,1,1,0,1,0,0
1168,24,88,2,1,10,88,0,2,2,2,1,2,2,72,0,1,1,0,1,0,0,1,1,0,0,0,1
1169,25,83,1,2,6,97,0,0,0,0,4,0,0,69,1,0,1,0,0,1,0,1,1,0,0,1,0
1170,25,93,2,1,8,58,1,0,2,1,4,0,1,71,0,1,0,1,1,0,0,1,1,0,0,0,1
1171,22,63,2,1,7,93,2,0,1,1,2,0,2,64,1,0,0,1,1,0,0,1,1,0,0,1,0
1172,21,88,2,2,7,92,2,2,1,1,3,2,0,74,0,1,1,0,0,1,0,1,1,0,0,0,1
1173,20,81,1,2,8,68,1,0,1,1,3,1,0,68,1,0,1,0,0,1,0,1,1,0,0,1,0
1174,15,75,1,2,4,65,2,1,0,0,4,2,1,66,0,1,0,1,0,1,0,1,1,0,0,0,1
1175,18,74,1,1,6,78,2,0,2,1,2,0,1,65,0,1,1,0,1,0,0,1,1,0,0,0,1
1176,10,85,2,1,8,64,0,2,2,1,3,2,0,67,0,1,1,0,0,1,0,1,1,0,0,1,0
1177,19,96,1,1,7,57,2,0,0,1,3,0,0,69,0,1,1,0,1,0,0,1,1,0,0,0,1
1178,14,80,2,0,7,98,2,2,0,2,2,0,0,66,1,0,0,1,0,1,0,1,1,0,1,0,0
1179,13,93,1,2,8,75,1,1,1,1,2,0,0,69,1,0,0,1,0,1,0,1,1,0,0,0,1
1180,21,76,1,1,6,74,1,2,1,1,3,0,0,67,1,0,0,1,0,1,0,1,1,0,0,1,0
1181,28,64,1,1,9,56,1,1,0,0,2,1,0,64,1,0,1,0,0,1,0,1,1,0,1,0,0
1182,26,62,2,2,8,75,1,2,1,1,2,1,1,67,1,0,1,0,1,0,0,1,1,0,0,1,0
1183,11,62,0,2,7,87,2,3,0,2,3,0,2,61,0,1,1,0,0,1,1,0,1,0,0,0,1
1184,14,75,1,0,8,62,0,0,2,1,2,0,1,61,0,1,1,0,0,1,0,1,1,0,1,0,0
1185,26,73,1,1,9,68,2,4,1,1,2,0,2,68,1,0,1,0,0,1,0,1,1,0,0,1,0
1186,14,89,0,2,6,59,0,2,0,2,5,2,1,66,1,0,1,0,1,0,0,1,1,0,0,1,0
1187,19,90,1,1,8,68,0,0,2,1,4,0,1,66,1,0,1,0,1,0,0,1,1,0,1,0,0
1188,23,62,1,2,10,93,2,2,0,1,4,1,0,68,0,1,1,0,1,0,0,1,1,0,0,0,1
1189,14,69,0,2,8,62,2,1,1,2,2,0,0,63,1,0,0,1,1,0,0,1,1,0,0,1,0
1190,21,71,1,1,7,51,1,3,1,2,3,2,1,66,0,1,0,1,0,1,0,1,1,0,0,1,0
1191,12,82,2,1,10,77,2,0,1,1,4,1,2,66,0,1,1,0,0,1,0,1,1,0,0,1,0
1192,16,66,2,1,7,79,2,0,2,2,3,1,0,66,0,1,0,1,0,1,0,1,1,0,0,1,0
1193,22,65,1,1,9,66,2,2,1,1,4,0,0,65,1,0,1,0,0,1,0,1,1,0,1,0,0
1194,10,98,1,1,6,82,1,2,2,1,2,1,1,69,1,0,1,0,0,1,0,1,1,0,0,0,1
1195,23,92,1,2,9,52,2,1,2,1,2,0,0,71,0,1,0,1,1,0,0,1,1,0,0,0,1
1196,20,67,2,2,6,67,2,1,1,2,2,1,0,66,0,1,1,0,1,0,0,1,0,1,0,0,1
1197,23,76,1,1,7,57,2,1,1,1,3,0,1,66,0,1,1,0,0,1,0,1,1,0,1,0,0
1198,21,74,1,2,6,61,0,0,0,1,4,0,0,65,1,0,0,1,0,1,1,0,1,0,0,0,1
1199,28,92,0,1,10,69,1,4,0,1,4,0,1,71,0,1,1,0,1,0,0,1,1,0,0,1,0
1200,21,80,1,2,7,75,2,3,1,2,2,0,2,69,1,0,0,1,1,0,0,1,1,0,0,1,0
1201,17,65,0,0,5,55,1,2,0,1,3,0,0,61,0,1,1,0,0,1,0,1,1,0,0,0,1
1202,21,90,2,1,7,55,2,1,0,2,4,0,0,70,0,1,1,0,0,1,0,1,1,0,0,1,0
1203,23,76,1,1,8,84,2,2,2,1,4,1,0,70,0,1,1,0,1,0,0,1,1,0,0,0,1
1204,20,71,1,1,7,70,2,0,2,2,4,0,0,65,0,1,1,0,1,0,0,1,1,0,1,0,0
1205,20,75,1,0,6,59,1,2,1,1,1,2,1,64,1,0,1,0,0,1,0,1,1,0,1,0,0
1206,16,80,2,2,9,62,0,0,2,1,4,2,0,68,0,1,1,0,0,1,0,1,1,0,0,1,0
1207,16,74,0,1,9,86,0,1,0,1,2,0,0,63,0,1,0,1,0,1,0,1,1,0,0,1,0
1208,12,70,1,2,5,53,1,2,0,1,3,1,0,63,1,0,0,1,1,0,0,1,1,0,0,0,1
1209,30,76,1,1,6,75,0,3,2,1,3,1,0,71,0,1,1,0,0,1,0,1,1,0,0,0,1
1211,16,91,1,1,6,91,1,1,1,1,2,0,1,68,0,1,1,0,0,1,0,1,1,0,0,1,0
1212,16,67,1,2,8,90,2,1,2,0,4,0,0,65,1,0,1,0,1,0,0,1,1,0,0,1,0
1213,25,62,1,1,10,84,0,2,0,1,3,1,0,65,0,1,1,0,1,0,0,1,1,0,0,0,1
1214,18,86,2,0,6,69,0,2,1,2,2,0,0,68,1,0,1,0,0,1,0,1,1,0,0,0,1
1215,27,91,0,2,9,82,1,0,0,0,1,0,2,69,1,0,1,0,0,1,0,1,1,0,0,1,0
1216,16,93,1,1,5,82,0,5,2,1,1,0,0,71,1,0,1,0,0,1,0,1,1,0,0,0,1
1217,22,80,0,1,8,67,0,2,0,0,2,2,1,65,1,0,0,1,1,0,0,1,1,0,0,0,1
1218,15,68,0,1,6,94,0,0,1,2,5,2,0,64,0,1,1,0,0,1,0,1,1,0,0,1,0
1219,33,89,0,1,8,99,1,2,2,2,4,1,1,75,1,0,0,1,1,0,0,1,1,0,0,0,1
1220,13,88,2,1,4,66,0,1,0,2,4,0,0,67,0,1,1,0,1,0,0,1,1,0,0,0,1
1221,22,70,1,2,5,90,2,1,1,2,3,1,2,68,0,1,1,0,0,1,0,1,1,0,0,1,0
1222,24,96,2,2,8,75,0,1,1,1,1,1,1,72,0,1,1,0,1,0,0,1,1,0,0,0,1
1223,22,64,1,1,6,73,2,3,1,1,4,2,1,67,0,1,1,0,1,0,0,1,1,0,0,0,1
1224,19,99,2,1,7,69,1,1,2,1,3,0,0,72,1,0,1,0,1,0,0,1,1,0,0,0,1
1225,19,94,1,0,10,65,2,1,0,2,3,2,1,69,1,0,1,0,0,1,0,1,1,0,1,0,0
1226,20,88,0,0,7,96,0,0,2,2,3,2,1,68,1,0,1,0,1,0,0,1,1,0,0,0,1
1227,19,98,1,1,8,87,1,0,1,1,6,0,0,70,1,0,0,1,0,1,0,1,1,0,1,0,0
1228,26,89,1,1,6,72,2,1,0,1,3,1,0,69,0,1,1,0,1,0,0,1,0,1,0,1,0
1229,33,68,1,0,5,88,1,2,0,1,1,1,1,67,1,0,1,0,0,1,0,1,1,0,1,0,0
1230,17,78,1,1,7,86,1,0,0,0,3,1,0,63,0,1,1,0,1,0,1,0,1,0,0,1,0
1231,12,63,1,2,5,63,0,4,0,1,2,0,1,61,1,0,0,1,1,0,0,1,1,0,0,0,1
1232,19,76,1,2,6,59,1,1,1,1,3,0,0,66,0,1,1,0,0,1,0,1,1,0,0,1,0
1233,35,90,2,1,7,92,0,0,0,1,4,0,0,73,1,0,0,1,0,1,1,0,1,0,0,1,0
1234,15,75,1,2,7,91,2,0,1,2,3,1,1,67,1,0,1,0,0,1,0,1,1,0,0,1,0
1235,30,73,2,1,8,100,1,2,2,2,2,0,0,72,0,1,1,0,0,1,0,1,1,0,0,1,0
1236,30,84,2,1,8,51,0,1,0,1,4,2,2,69,1,0,1,0,1,0,0,1,0,1,0,0,1
1237,17,95,0,2,5,77,1,2,1,1,4,0,1,69,0,1,1,0,1,0,0,1,1,0,0,0,1
1238,23,62,0,2,6,85,1,1,0,1,3,1,1,63,1,0,1,0,0,1,0,1,0,1,1,0,0
1239,30,75,1,1,4,79,0,0,1,1,4,0,1,67,1,0,1,0,0,1,0,1,1,0,1,0,0
1240,18,66,1,1,6,86,1,0,2,1,2,0,1,63,0,1,1,0,1,0,0,1,1,0,0,0,1
1241,19,88,1,2,8,57,0,1,1,0,4,1,0,66,1,0,0,1,0,1,1,0,1,0,1,0,0
1242,17,64,1,1,9,50,1,2,0,2,4,0,1,62,0,1,1,0,1,0,0,1,1,0,0,0,1
1243,14,87,1,1,7,55,1,2,0,2,4,2,0,68,1,0,0,1,0,1,0,1,1,0,0,0,1
1244,16,71,1,2,9,69,1,1,0,1,4,2,0,65,0,1,1,0,1,0,0,1,1,0,0,1,0
1245,13,68,0,0,8,66,1,0,1,0,4,1,0,59,1,0,1,0,0,1,0,1,0,1,0,1,0
1246,20,97,2,1,7,94,2,1,1,1,1,1,1,72,1,0,1,0,0,1,0,1,1,0,1,0,0
1247,15,61,1,2,6,54,1,0,2,2,2,2,0,63,1,0,0,1,0,1,0,1,1,0,0,1,0
1248,21,78,1,1,4,72,1,1,1,2,4,2,0,68,1,0,1,0,1,0,0,1,1,0,0,1,0
1249,11,61,1,1,9,98,2,0,1,2,2,0,1,61,1,0,1,0,0,1,0,1,1,0,1,0,0
1250,22,79,0,1,7,75,0,1,0,2,3,0,0,65,0,1,0,1,1,0,0,1,1,0,0,1,0
1251,25,80,1,1,9,57,0,2,0,2,3,0,1,68,0,1,1,0,0,1,0,1,1,0,0,0,1
1252,8,73,0,1,6,65,2,1,0,1,4,1,1,61,1,0,1,0,0,1,0,1,1,0,0,1,0
1253,22,65,0,0,10,81,1,1,0,1,3,2,0,63,1,0,0,1,0,1,0,1,1,0,0,1,0
1254,27,75,1,1,7,51,2,1,1,0,2,2,0,67,1,0,1,0,0,1,0,1,1,0,1,0,0
1255,13,87,0,1,6,98,0,0,2,2,3,2,1,66,1,0,1,0,0,1,0,1,0,1,0,0,1
1256,30,91,1,1,7,78,2,3,1,1,2,2,0,75,1,0,0,1,0,1,0,1,1,0,0,0,1
1257,23,81,1,1,7,85,0,0,1,1,4,0,0,68,1,0,1,0,1,0,0,1,1,0,0,0,1
1258,16,84,0,1,7,75,2,2,1,1,3,0,0,65,0,1,1,0,1,0,0,1,1,0,1,0,0
1259,20,68,0,1,6,98,2,0,0,2,4,0,0,64,0,1,1,0,1,0,0,1,1,0,1,0,0
1260,23,71,2,1,4,79,1,2,0,1,3,0,0,67,1,0,1,0,0,1,1,0,1,0,0,0,1
1261,20,66,0,1,6,83,1,2,0,1,3,1,0,64,1,0,0,1,0,1,0,1,1,0,0,1,0
1262,23,70,1,2,9,93,1,0,0,2,2,2,1,67,0,1,1,0,0,1,0,1,0,1,0,1,0
1263,14,69,1,2,6,93,0,2,0,1,0,0,0,63,1,0,0,1,0,1,1,0,1,0,0,1,0
1264,21,81,2,1,4,51,1,0,1,1,2,1,1,67,0,1,0,1,0,1,0,1,1,0,0,0,1
1265,12,83,2,0,5,64,1,1,2,1,2,2,0,65,0,1,0,1,0,1,0,1,1,0,1,0,0
1266,19,98,2,0,7,62,2,1,0,2,2,0,0,70,0,1,1,0,0,1,0,1,1,0,0,1,0
1267,15,68,1,1,6,50,2,2,2,0,3,0,1,62,1,0,1,0,0,1,0,1,1,0,0,1,0
1268,16,86,2,1,7,94,1,2,0,2,3,0,1,69,0,1,1,0,0,1,0,1,1,0,0,1,0
1269,27,93,1,0,6,66,1,2,1,1,3,1,1,70,0,1,1,0,0,1,0,1,1,0,1,0,0
1270,27,82,1,1,9,67,0,1,0,2,2,0,1,68,1,0,0,1,0,1,0,1,1,0,0,1,0
1271,24,70,1,2,8,55,1,4,0,2,4,2,1,68,0,1,1,0,1,0,0,1,1,0,0,0,1
1272,13,71,1,1,10,99,1,0,0,1,3,2,0,64,1,0,1,0,0,1,0,1,1,0,0,1,0
1273,18,62,0,2,6,91,2,4,0,1,1,0,1,63,1,0,0,1,0,1,1,0,1,0,0,1,0
1274,27,72,0,0,7,79,1,2,2,2,2,2,1,68,0,1,1,0,0,1,0,1,1,0,0,0,1
1275,21,90,2,0,9,89,0,1,0,0,2,0,2,67,0,1,1,0,0,1,0,1,1,0,0,1,0
1276,34,62,2,0,8,89,0,3,0,1,4,1,1,68,0,1,0,1,1,0,0,1,1,0,0,1,0
1277,22,69,1,2,6,83,1,1,0,1,2,1,1,66,0,1,1,0,0,1,0,1,1,0,0,0,1
1278,21,88,1,1,8,59,0,2,1,1,1,2,0,67,1,0,0,1,0,1,1,0,1,0,1,0,0
1279,18,91,2,1,8,86,2,1,1,1,4,0,1,69,1,0,1,0,1,0,0,1,0,1,0,1,0
1280,21,78,2,1,4,78,1,2,2,1,3,0,2,68,1,0,0,1,0,1,0,1,1,0,1,0,0
1281,19,88,1,2,6,86,1,4,1,1,3,1,1,70,1,0,1,0,1,0,0,1,0,1,0,0,1
1282,24,76,1,1,7,77,1,3,1,1,4,2,1,68,0,1,0,1,1,0,0,1,1,0,1,0,0
1283,26,66,0,1,9,98,1,2,0,1,2,1,0,66,1,0,1,0,0,1,0,1,1,0,0,1,0
1284,15,76,1,2,8,81,1,2,0,1,4,2,1,67,0,1,0,1,0,1,0,1,1,0,0,1,0
1285,12,83,1,1,6,79,1,1,2,0,4,0,1,65,0,1,1,0,1,0,0,1,1,0,0,1,0
1286,9,98,1,1,6,92,1,0,1,1,5,0,1,67,1,0,1,0,1,0,0,1,1,0,0,1,0
1287,23,63,1,1,8,69,2,2,1,0,4,0,0,63,1,0,1,0,1,0,0,1,0,1,1,0,0
1288,13,80,0,2,4,66,2,2,0,1,2,0,1,64,0,1,1,0,0,1,0,1,1,0,1,0,0
1289,7,73,2,1,6,75,1,3,0,1,3,1,0,64,0,1,1,0,0,1,0,1,1,0,0,1,0
1290,22,80,0,0,9,79,2,0,1,1,3,1,1,66,0,1,0,1,1,0,0,1,1,0,0,1,0
1291,35,61,1,2,7,61,0,2,1,1,4,0,0,68,1,0,0,1,0,1,0,1,0,1,0,0,1
1292,20,73,2,1,6,84,2,0,1,1,3,0,1,67,1,0,1,0,0,1,0,1,1,0,0,0,1
1293,25,93,1,2,5,90,0,1,1,1,2,1,0,72,1,0,1,0,1,0,0,1,1,0,0,0,1
1294,20,82,1,1,8,79,0,1,0,1,4,0,0,67,1,0,1,0,0,1,0,1,1,0,0,0,1
1295,19,78,1,1,7,76,2,2,1,0,3,1,1,66,0,1,1,0,1,0,0,1,1,0,0,1,0
1296,26,71,2,0,7,65,1,1,0,1,3,1,0,66,0,1,1,0,1,0,0,1,1,0,0,0,1
1297,18,72,2,2,8,95,1,1,1,1,4,0,1,67,1,0,1,0,0,1,0,1,1,0,1,0,0
1298,22,75,1,1,7,88,0,0,0,1,3,2,2,65,1,0,0,1,1,0,0,1,1,0,0,1,0
1299,22,93,2,1,7,74,0,2,1,2,3,1,2,70,1,0,1,0,1,0,0,1,1,0,1,0,0
1300,16,99,0,1,5,83,0,0,0,2,4,2,0,69,0,1,0,1,0,1,0,1,1,0,0,1,0
1301,26,78,2,2,5,67,0,1,2,2,3,0,1,69,1,0,0,1,0,1,0,1,1,0,1,0,0
1302,19,76,2,1,8,53,1,1,1,1,4,1,0,66,0,1,1,0,0,1,0,1,1,0,1,0,0
1303,15,94,1,0,8,60,1,2,1,1,4,0,2,66,1,0,1,0,1,0,0,1,1,0,0,1,0
1304,23,77,2,2,8,54,1,1,0,1,3,1,1,67,0,1,1,0,0,1,0,1,1,0,1,0,0
1305,15,82,1,2,6,75,1,1,1,0,3,0,0,67,1,0,1,0,0,1,0,1,1,0,0,0,1
1306,20,69,1,1,8,81,2,2,1,1,4,0,0,67,1,0,1,0,0,1,0,1,1,0,0,0,1
1307,20,90,2,2,6,69,1,2,2,2,3,0,0,72,0,1,1,0,0,1,0,1,1,0,0,1,0
1308,27,81,1,0,9,77,0,1,1,2,4,1,1,68,0,1,1,0,0,1,0,1,1,0,0,1,0
1309,23,92,1,0,6,54,2,3,1,1,2,2,0,70,1,0,1,0,0,1,0,1,0,1,0,0,1
1310,20,91,1,1,6,88,1,1,0,1,4,0,1,69,1,0,1,0,0,1,0,1,1,0,0,0,1
1311,25,69,2,0,7,52,2,1,0,1,4,0,1,65,1,0,1,0,0,1,0,1,1,0,0,0,1
1312,28,89,2,2,8,82,1,0,1,1,3,2,2,72,1,0,1,0,1,0,0,1,1,0,1,0,0
1313,23,92,1,2,7,72,1,0,0,1,4,1,2,69,0,1,1,0,1,0,0,1,1,0,0,1,0
1314,20,74,1,1,7,59,0,5,2,1,4,0,0,68,0,1,1,0,0,1,0,1,1,0,0,0,1
1315,12,67,2,2,6,76,2,1,0,1,2,0,1,62,1,0,1,0,1,0,0,1,1,0,1,0,0
1316,14,60,1,0,7,89,0,2,1,1,3,0,1,60,1,0,1,0,0,1,0,1,1,0,0,1,0
1317,18,78,2,1,7,71,0,3,1,1,4,0,1,67,1,0,1,0,0,1,0,1,1,0,0,1,0
1318,16,74,2,2,6,68,0,2,1,1,4,1,0,67,1,0,1,0,0,1,0,1,1,0,0,1,0
1319,19,82,1,2,7,57,1,1,1,1,3,0,0,67,1,0,1,0,0,1,0,1,1,0,0,1,0
1320,20,68,1,1,7,80,0,0,0,1,4,0,0,63,0,1,0,1,0,1,0,1,1,0,0,1,0
1321,23,94,1,0,10,91,2,1,1,1,3,0,0,71,1,0,1,0,0,1,0,1,1,0,0,1,0
1322,20,70,1,1,6,78,2,0,1,1,2,1,0,66,0,1,0,1,0,1,0,1,1,0,0,0,1
1323,23,69,1,1,6,58,2,0,1,1,1,2,0,65,0,1,1,0,0,1,0,1,1,0,0,1,0
1324,20,79,2,1,7,83,2,2,1,1,2,0,1,69,0,1,1,0,0,1,0,1,1,0,0,0,1
1325,8,80,2,0,6,52,2,2,1,1,1,0,0,63,0,1,1,0,1,0,0,1,1,0,0,0,1
1326,14,69,1,1,5,92,2,3,0,0,2,2,1,64,0,1,1,0,0,1,0,1,1,0,1,0,0
1327,19,71,2,2,5,96,2,2,0,1,0,1,0,67,0,1,0,1,1,0,0,1,0,1,0,1,0
1328,13,67,1,1,6,80,2,1,0,2,2,0,1,62,1,0,1,0,0,1,0,1,1,0,1,0,0
1329,24,89,1,0,6,94,0,2,1,1,2,0,2,68,1,0,1,0,0,1,0,1,1,0,0,1,0
1330,29,91,1,2,5,54,0,2,0,1,3,2,1,71,1,0,1,0,1,0,0,1,1,0,0,1,0
1331,27,78,2,1,7,61,1,1,0,1,3,0,1,66,0,1,1,0,1,0,1,0,1,0,1,0,0
1332,19,89,1,2,4,66,0,1,0,1,1,2,0,69,0,1,1,0,0,1,0,1,1,0,0,0,1
1333,29,89,1,0,8,89,0,1,1,2,4,0,1,71,1,0,0,1,0,1,0,1,1,0,0,1,0
1334,21,66,1,1,6,74,1,2,1,2,4,0,0,66,0,1,0,1,0,1,0,1,1,0,0,1,0
1335,18,99,1,1,6,67,1,5,0,1,3,2,0,72,0,1,1,0,1,0,0,1,1,0,0,0,1
1336,16,93,1,1,8,58,1,1,2,2,4,1,0,70,0,1,1,0,0,1,0,1,1,0,0,0,1
1337,18,68,0,1,8,91,2,1,0,2,3,2,0,65,0,1,0,1,1,0,0,1,1,0,0,1,0
1338,18,67,2,1,6,51,1,0,1,2,2,1,0,64,0,1,1,0,1,0,0,1,1,0,0,0,1
1339,21,65,1,1,8,67,1,1,0,1,2,1,1,63,1,0,1,0,0,1,0,1,1,0,0,0,1
1340,21,66,1,1,9,62,0,3,1,1,2,0,0,63,1,0,0,1,1,0,1,0,1,0,0,0,1
1341,20,90,0,1,5,56,1,3,1,1,2,0,1,66,1,0,1,0,1,0,1,0,1,0,0,0,1
1342,23,79,2,2,8,59,0,1,0,2,4,1,1,68,1,0,1,0,0,1,0,1,1,0,1,0,0
1343,27,91,1,2,5,75,0,1,2,2,4,1,0,74,1,0,1,0,0,1,0,1,1,0,0,1,0
1344,26,90,2,2,9,71,0,0,2,0,2,1,0,71,0,1,0,1,1,0,0,1,1,0,1,0,0
1345,11,84,2,1,6,76,2,3,0,2,3,0,1,67,0,1,1,0,0,1,0,1,1,0,1,0,0
1346,5,87,2,0,6,86,1,2,1,2,3,2,0,66,0,1,1,0,1,0,0,1,1,0,0,0,1
1347,26,61,2,1,9,95,1,0,1,1,6,1,0,67,1,0,0,1,0,1,0,1,1,0,1,0,0
1348,12,72,0,2,8,56,2,3,0,1,1,0,1,62,1,0,1,0,0,1,0,1,0,1,0,0,1
1349,19,86,1,0,6,54,0,1,2,2,5,2,0,68,1,0,0,1,1,0,0,1,1,0,0,0,1
1350,13,60,1,1,7,66,1,2,0,1,3,2,0,62,1,0,1,0,0,1,0,1,1,0,0,0,1
1352,23,94,2,1,5,55,2,2,1,1,2,0,0,70,1,0,1,0,1,0,0,1,0,1,0,0,1
1353,25,87,2,1,7,86,1,4,1,0,2,1,0,72,1,0,0,1,1,0,0,1,1,0,1,0,0
1354,17,71,0,2,6,78,0,0,1,1,4,1,0,64,0,1,1,0,0,1,0,1,1,0,0,0,1
1355,4,88,1,2,6,87,0,1,1,2,4,1,0,66,1,0,1,0,1,0,0,1,1,0,0,1,0
1356,17,92,1,1,9,68,2,0,1,0,3,1,0,68,0,1,0,1,0,1,0,1,1,0,0,0,1
1357,22,72,0,1,6,70,0,1,2,1,3,2,2,64,1,0,1,0,1,0,0,1,1,0,0,1,0
1358,11,61,0,1,7,90,2,0,1,2,3,0,0,61,0,1,1,0,0,1,0,1,1,0,0,1,0
1359,21,97,1,1,9,63,1,0,1,1,1,0,1,69,1,0,1,0,0,1,0,1,1,0,0,0,1
1360,20,74,2,2,7,69,0,2,2,2,2,1,0,68,1,0,0,1,1,0,0,1,1,0,0,1,0
1361,23,64,1,1,6,51,1,1,1,1,5,1,0,64,1,0,1,0,1,0,0,1,1,0,0,0,1
1362,21,80,1,2,7,78,1,1,0,2,4,0,1,67,0,1,0,1,1,0,0,1,1,0,1,0,0
1363,14,91,1,1,8,93,1,0,1,1,3,0,1,67,1,0,1,0,0,1,0,1,1,0,0,1,0
1364,27,69,1,1,8,51,1,1,2,1,2,0,0,65,1,0,1,0,1,0,0,1,1,0,1,0,0
1365,19,71,2,1,10,81,1,2,1,2,3,0,0,68,0,1,1,0,0,1,0,1,1,0,0,0,1
1366,20,70,1,2,6,92,1,2,1,0,3,0,0,67,1,0,1,0,0,1,0,1,1,0,0,0,1
1367,14,100,0,1,7,75,0,1,0,1,3,2,1,67,1,0,1,0,1,0,0,1,1,0,0,0,1
1368,17,68,1,2,5,66,1,1,2,1,4,0,0,64,1,0,1,0,0,1,0,1,1,0,1,0,0
1369,15,83,2,2,8,100,1,0,1,1,3,1,0,70,0,1,1,0,0,1,0,1,1,0,0,0,1
1370,19,97,1,2,7,53,1,2,0,0,3,1,1,69,1,0,0,1,1,0,0,1,1,0,0,1,0
1371,30,66,1,2,7,61,0,0,2,2,2,0,2,66,1,0,0,1,1,0,0,1,1,0,0,0,1
1372,12,99,0,1,6,94,1,2,1,1,3,2,1,69,1,0,1,0,1,0,0,1,1,0,0,1,0
1373,10,98,0,1,6,65,1,1,0,2,2,0,0,66,1,0,0,1,0,1,0,1,1,0,0,0,1
1374,29,95,2,1,7,91,0,1,0,1,3,0,1,73,0,1,1,0,0,1,0,1,1,0,0,1,0
1375,19,69,1,1,6,67,1,4,2,2,4,2,1,66,1,0,0,1,0,1,1,0,1,0,0,0,1
1376,16,85,1,2,7,91,2,0,1,1,2,2,1,69,1,0,1,0,0,1,0,1,1,0,0,1,0
1377,26,90,1,0,7,84,0,1,1,1,3,0,1,70,1,0,1,0,0,1,0,1,1,0,0,0,1
1378,16,99,2,1,5,73,2,1,1,1,5,1,2,71,1,0,0,1,0,1,0,1,0,1,0,0,1
1379,31,67,0,2,5,76,1,2,1,2,4,1,0,70,1,0,1,0,0,1,0,1,1,0,0,0,1
1380,24,91,2,0,6,59,1,0,0,1,4,0,0,69,1,0,0,1,0,1,0,1,1,0,0,1,0
1381,17,74,1,1,9,56,1,1,1,2,3,0,1,63,1,0,0,1,1,0,0,1,1,0,1,0,0
1382,33,67,2,1,6,86,1,4,1,2,3,0,0,71,0,1,1,0,0,1,0,1,0,1,0,0,1
1383,16,77,2,2,7,92,0,2,1,1,2,1,0,67,1,0,1,0,1,0,0,1,1,0,1,0,0
1384,24,92,1,1,5,86,2,3,1,2,2,0,0,73,0,1,1,0,0,1,0,1,1,0,0,1,0
1385,22,79,0,2,6,96,1,1,2,1,2,1,1,68,1,0,1,0,0,1,0,1,1,0,0,1,0
1386,28,82,0,1,5,95,1,0,2,0,3,0,0,69,1,0,1,0,0,1,0,1,1,0,0,1,0
1388,20,76,0,1,5,95,1,4,0,2,3,0,0,68,1,0,1,0,0,1,0,1,1,0,0,0,1
1389,15,85,1,1,8,58,2,1,0,1,3,1,0,65,1,0,0,1,1,0,0,1,1,0,1,0,0
1390,23,75,1,1,8,87,0,0,2,0,1,0,0,66,0,1,1,0,0,1,0,1,1,0,0,0,1
1391,16,76,1,0,7,88,2,0,0,1,2,2,0,65,1,0,1,0,1,0,0,1,1,0,0,0,1
1392,32,88,0,1,8,58,0,3,0,2,3,0,1,69,1,0,0,1,1,0,0,1,1,0,1,0,0
1393,21,98,2,1,10,95,1,0,1,1,1,0,0,71,1,0,1,0,0,1,0,1,1,0,0,1,0
1394,18,82,2,0,8,50,1,1,2,1,3,0,1,66,1,0,1,0,0,1,0,1,1,0,0,0,1
1395,21,91,1,2,5,72,1,3,0,1,3,0,0,69,0,1,1,0,1,0,0,1,0,1,1,0,0
1396,12,64,1,1,9,51,0,2,0,1,4,1,0,59,1,0,1,0,1,0,1,0,1,0,0,1,0
1397,14,68,1,2,7,76,1,2,2,1,3,0,0,65,1,0,1,0,1,0,0,1,1,0,0,0,1
1398,27,80,2,2,10,71,2,4,0,0,2,1,0,72,1,0,1,0,1,0,0,1,1,0,0,1,0
1399,16,61,1,0,6,81,1,0,1,1,2,1,0,60,1,0,1,0,0,1,0,1,1,0,1,0,0
1400,14,70,1,1,9,88,0,0,2,1,4,1,1,64,0,1,0,1,0,1,0,1,1,0,0,0,1
1401,23,81,1,1,7,88,0,1,0,1,4,2,0,69,1,0,1,0,1,0,0,1,1,0,0,0,1
1402,27,61,2,2,10,86,1,3,1,2,3,0,0,70,0,1,0,1,0,1,0,1,1,0,0,0,1
1403,24,71,1,2,7,55,0,2,2,1,3,1,2,67,1,0,1,0,0,1,0,1,1,0,0,0,1
1404,26,81,1,1,10,71,0,0,1,1,5,0,0,67,0,1,0,1,1,0,0,1,0,1,0,0,1
1405,15,83,1,0,8,91,1,0,0,1,3,1,2,64,1,0,0,1,0,1,0,1,1,0,0,1,0
1406,11,97,1,1,8,83,0,4,1,2,2,0,2,68,1,0,0,1,0,1,0,1,1,0,1,0,0
1407,29,86,1,2,10,84,0,1,0,2,4,0,0,72,0,1,0,1,1,0,0,1,1,0,0,0,1
1408,18,77,1,2,6,61,1,1,0,1,3,0,0,65,0,1,0,1,0,1,0,1,1,0,0,1,0
1409,18,97,1,2,8,66,0,2,1,1,2,1,1,70,1,0,1,0,1,0,0,1,1,0,0,1,0
1410,28,91,2,1,7,98,0,2,0,1,5,2,0,75,1,0,0,1,1,0,0,1,1,0,0,0,1
1411,23,68,0,0,7,92,1,3,0,2,4,0,0,65,1,0,0,1,0,1,1,0,1,0,0,1,0
1412,23,65,1,2,7,58,0,1,0,1,3,1,1,63,0,1,1,0,0,1,0,1,0,1,0,1,0
1413,33,87,1,2,8,77,0,0,0,1,3,0,0,71,1,0,0,1,1,0,0,1,0,1,0,0,1
1414,16,82,1,0,8,75,1,2,1,1,2,1,0,66,0,1,1,0,0,1,0,1,1,0,0,0,1
1415,26,92,1,0,6,72,1,1,0,1,3,0,1,69,0,1,0,1,0,1,0,1,1,0,0,1,0
1416,20,90,2,1,7,74,0,0,2,0,3,2,1,68,0,1,0,1,1,0,1,0,1,0,0,0,1
1417,22,85,1,2,4,82,1,1,1,2,2,2,0,71,1,0,1,0,1,0,0,1,1,0,0,0,1
1419,23,81,2,0,10,94,2,1,1,2,2,1,0,70,0,1,1,0,0,1,0,1,1,0,0,1,0
1420,23,65,1,1,7,94,1,1,2,1,3,1,0,66,0,1,1,0,1,0,0,1,1,0,1,0,0
1421,26,93,2,1,5,85,0,1,2,2,3,1,1,73,0,1,1,0,1,0,0,1,1,0,0,0,1
1422,18,70,1,1,8,51,1,1,0,1,3,1,1,62,1,0,0,1,0,1,0,1,1,0,1,0,0
1423,15,91,1,1,6,72,0,0,1,1,2,0,1,65,0,1,1,0,1,0,0,1,1,0,0,1,0
1424,14,98,2,2,7,76,1,0,0,1,2,2,0,71,1,0,1,0,0,1,0,1,1,0,0,1,0
1425,8,88,1,1,8,92,2,1,0,1,4,1,0,66,1,0,1,0,0,1,0,1,1,0,1,0,0
1426,32,84,0,1,8,96,1,1,0,1,3,0,0,72,0,1,1,0,0,1,0,1,1,0,0,0,1
1427,13,78,1,1,9,73,1,0,1,2,4,0,0,64,1,0,0,1,0,1,0,1,1,0,1,0,0
1428,19,75,1,1,7,65,0,0,0,0,4,0,0,63,0,1,0,1,1,0,0,1,1,0,0,1,0
1429,18,74,0,1,7,67,0,0,0,1,3,0,0,63,1,0,1,0,0,1,0,1,1,0,0,0,1
1430,22,85,2,1,8,79,2,5,1,2,2,0,0,72,0,1,1,0,1,0,0,1,1,0,0,1,0
1431,25,90,1,1,7,64,1,2,1,2,2,0,1,71,1,0,1,0,0,1,0,1,1,0,0,0,1
1432,25,87,2,2,6,96,0,3,1,1,2,0,1,72,0,1,1,0,0,1,1,0,1,0,0,0,1
1433,17,68,1,2,8,71,1,1,1,2,2,0,0,65,1,0,0,1,0,1,0,1,1,0,0,1,0
1434,19,80,1,1,5,100,1,0,1,1,3,0,0,67,0,1,1,0,0,1,0,1,1,0,0,1,0
1435,22,92,0,2,7,55,0,1,0,1,4,0,1,68,0,1,1,0,0,1,0,1,1,0,0,0,1
1436,19,79,1,2,5,59,1,2,0,1,2,2,2,66,1,0,0,1,0,1,0,1,1,0,0,1,0
1437,30,81,1,2,6,76,1,0,2,1,3,2,0,72,1,0,1,0,1,0,0,1,1,0,0,0,1
1438,23,91,2,1,6,93,1,3,0,0,3,0,1,71,0,1,1,0,1,0,0,1,1,0,0,1,0
1439,24,86,1,2,6,68,0,3,0,2,3,1,1,70,0,1,1,0,1,0,0,1,0,1,0,0,1
1440,24,76,1,1,9,92,1,1,1,0,3,2,0,68,0,1,1,0,1,0,0,1,1,0,0,1,0
1441,27,96,1,2,9,71,0,0,0,1,4,1,0,72,0,1,0,1,1,0,0,1,1,0,0,0,1
1442,21,67,0,1,9,93,2,1,0,2,3,1,0,66,1,0,1,0,0,1,0,1,1,0,0,1,0
1443,12,100,1,1,7,64,1,1,1,2,6,0,0,69,1,0,1,0,1,0,0,1,1,0,0,0,1
1444,22,65,0,1,6,74,2,2,1,1,1,1,0,65,1,0,1,0,0,1,0,1,1,0,0,0,1
1445,16,61,2,2,8,64,1,1,0,2,3,0,2,62,1,0,1,0,1,0,0,1,1,0,0,0,1
1446,17,96,2,2,7,61,0,1,0,2,1,1,1,69,0,1,1,0,1,0,0,1,1,0,0,0,1
1447,24,70,1,1,7,71,1,1,1,0,4,0,0,65,1,0,1,0,0,1,0,1,1,0,1,0,0
1448,27,89,1,0,4,67,1,2,0,0,4,1,0,69,0,1,0,1,1,0,0,1,1,0,0,1,0
1449,20,92,0,2,8,89,1,1,0,1,3,0,1,69,0,1,1,0,0,1,0,1,1,0,0,1,0
1450,22,94,2,1,8,87,1,2,0,1,5,1,0,73,0,1,0,1,0,1,0,1,1,0,0,1,0
1451,30,100,2,1,7,68,0,2,1,1,2,2,0,75,0,1,0,1,0,1,0,1,1,0,0,1,0
1452,21,72,2,2,8,100,1,3,0,2,3,1,2,70,1,0,0,1,0,1,0,1,1,0,0,0,1
1453,36,88,1,2,8,99,2,0,0,1,3,1,0,74,0,1,0,1,1,0,0,1,1,0,1,0,0
1454,23,65,1,1,6,96,1,0,0,0,3,0,0,65,1,0,1,0,0,1,0,1,1,0,0,0,1
1455,9,76,1,1,7,79,1,1,1,1,3,1,0,63,1,0,1,0,1,0,0,1,1,0,1,0,0
1456,25,94,2,2,5,71,0,4,1,2,4,1,0,74,0,1,1,0,1,0,0,1,1,0,1,0,0
1457,22,75,2,2,9,66,0,0,0,1,2,2,0,67,1,0,0,1,0,1,0,1,1,0,0,1,0
1458,28,84,1,1,8,51,1,3,1,1,4,2,0,71,0,1,1,0,0,1,1,0,1,0,0,0,1
1459,24,80,2,0,6,82,1,1,0,2,3,1,1,68,0,1,1,0,0,1,0,1,1,0,0,1,0
1460,19,86,2,1,8,78,1,2,1,1,4,1,0,69,0,1,1,0,1,0,0,1,1,0,1,0,0
1461,13,99,1,2,7,81,1,0,1,1,4,2,0,71,1,0,1,0,1,0,0,1,1,0,0,0,1
1462,19,62,2,1,6,79,0,7,1,1,2,0,0,66,0,1,1,0,0,1,0,1,1,0,0,1,0
1463,15,83,1,1,7,57,0,0,1,1,3,2,0,65,1,0,0,1,0,1,0,1,1,0,0,0,1
1464,17,95,1,0,8,85,0,1,0,2,2,1,1,66,0,1,0,1,0,1,1,0,1,0,1,0,0
1465,24,79,0,0,8,68,2,2,0,1,2,0,0,65,1,0,0,1,0,1,0,1,1,0,1,0,0
1466,30,63,1,1,10,76,1,1,1,1,4,2,1,67,0,1,1,0,1,0,0,1,1,0,0,1,0
1467,22,82,2,1,7,68,2,2,0,1,4,2,0,70,1,0,0,1,1,0,0,1,1,0,0,1,0
1468,13,73,1,1,7,51,1,1,0,1,4,2,0,63,1,0,1,0,0,1,0,1,1,0,0,0,1
1469,23,66,0,0,8,94,0,1,1,2,3,2,1,64,1,0,0,1,1,0,0,1,1,0,0,1,0
1470,27,94,1,1,7,57,1,1,1,1,1,0,0,71,1,0,0,1,0,1,0,1,1,0,0,1,0
1471,16,81,1,2,6,79,1,2,0,2,3,1,1,68,0,1,1,0,0,1,0,1,1,0,0,0,1
1472,19,97,1,0,6,94,1,2,2,1,4,2,0,72,1,0,1,0,1,0,0,1,1,0,0,1,0
1473,20,92,1,2,4,61,1,2,2,1,4,1,0,71,1,0,1,0,0,1,0,1,1,0,0,1,0
1474,15,88,0,0,8,71,1,1,0,0,2,2,1,64,1,0,0,1,0,1,1,0,1,0,0,0,1
1475,24,60,2,0,5,69,1,1,1,2,5,0,1,64,1,0,1,0,0,1,0,1,1,0,0,1,0
1476,19,77,2,1,6,54,0,3,2,1,2,1,1,66,1,0,0,1,0,1,0,1,1,0,1,0,0
1477,23,68,1,2,7,71,2,3,1,1,3,0,1,68,0,1,1,0,0,1,0,1,1,0,0,0,1
1478,15,96,2,1,7,74,1,2,0,0,2,0,2,68,1,0,0,1,1,0,0,1,1,0,0,0,1
1479,17,67,2,1,10,51,1,3,0,1,5,0,0,65,1,0,1,0,0,1,0,1,1,0,0,0,1
1480,24,71,1,1,5,74,1,1,1,1,3,0,0,67,1,0,0,1,0,1,0,1,1,0,0,0,1
1481,18,81,1,0,10,55,0,3,0,1,2,0,0,64,1,0,1,0,0,1,0,1,1,0,1,0,0
1482,30,71,2,1,9,95,2,1,1,1,4,1,0,70,1,0,1,0,0,1,1,0,1,0,0,1,0
1483,18,68,1,2,8,83,0,1,0,1,2,1,0,65,1,0,1,0,0,1,0,1,1,0,0,0,1
1484,21,84,1,0,9,53,0,2,1,2,3,0,1,65,0,1,1,0,1,0,0,1,1,0,1,0,0
1485,26,64,2,1,8,91,2,1,1,1,4,0,0,68,1,0,1,0,1,0,0,1,1,0,0,0,1
1486,11,62,1,2,4,68,1,2,2,1,3,0,1,61,1,0,1,0,0,1,0,1,1,0,1,0,0
1487,9,75,2,0,8,61,2,3,1,1,3,0,0,63,1,0,1,0,1,0,0,1,1,0,0,1,0
1488,11,89,1,1,5,63,1,0,1,1,2,1,0,65,0,1,1,0,0,1,0,1,1,0,0,1,0
1489,28,82,1,1,6,80,1,1,0,1,5,0,2,69,0,1,0,1,0,1,0,1,1,0,0,1,0
1490,17,77,1,1,7,54,0,1,0,2,2,1,0,64,1,0,1,0,1,0,0,1,1,0,0,0,1
1491,35,83,1,0,6,53,1,1,0,1,2,0,0,69,0,1,0,1,1,0,0,1,1,0,0,1,0
1492,17,75,2,1,8,81,0,3,2,1,3,2,0,67,1,0,1,0,0,1,0,1,0,1,0,1,0
1493,21,97,1,2,7,99,2,1,1,2,1,2,1,74,1,0,1,0,0,1,0,1,1,0,0,1,0
1494,29,62,2,1,8,74,1,1,0,1,3,1,0,66,1,0,0,1,0,1,0,1,0,1,1,0,0
1495,32,87,1,2,7,71,1,0,2,0,4,1,0,72,1,0,1,0,0,1,0,1,0,1,0,1,0
1496,32,96,1,0,7,97,0,1,0,1,5,1,1,73,1,0,1,0,0,1,0,1,1,0,0,1,0
1497,27,92,2,1,6,62,2,0,1,2,4,1,0,73,1,0,1,0,1,0,0,1,1,0,0,0,1
1498,26,67,0,1,5,62,2,0,1,1,2,0,1,63,1,0,1,0,0,1,0,1,1,0,1,0,0
1499,24,72,2,1,7,95,1,3,0,1,2,2,0,69,1,0,1,0,0,1,0,1,1,0,1,0,0
1500,25,89,0,0,6,82,2,2,0,1,6,2,0,71,1,0,1,0,0,1,0,1,1,0,0,1,0
1501,17,63,2,1,9,53,2,1,0,2,4,1,1,63,1,0,1,0,1,0,0,1,1,0,0,1,0
1502,15,92,1,2,5,84,1,0,2,0,5,0,1,69,0,1,1,0,0,1,0,1,1,0,0,0,1
1503,20,89,2,2,10,91,0,3,1,1,3,1,1,72,1,0,0,1,0,1,0,1,1,0,0,1,0
1504,19,89,2,0,7,64,1,2,0,1,4,2,1,68,0,1,1,0,0,1,0,1,0,1,0,0,1
1505,17,64,0,2,7,69,1,1,1,1,3,0,0,62,0,1,1,0,1,0,0,1,1,0,1,0,0
1506,24,89,0,2,6,60,1,1,0,1,2,0,0,68,1,0,0,1,0,1,0,1,1,0,0,1,0
1507,26,87,1,1,8,82,2,1,0,1,2,2,0,71,1,0,1,0,0,1,0,1,1,0,1,0,0
1508,21,93,1,0,7,83,0,1,2,2,3,0,1,67,1,0,1,0,0,1,1,0,0,1,0,1,0
1509,29,62,0,2,7,53,2,0,0,1,3,1,1,65,0,1,0,1,0,1,0,1,1,0,0,0,1
1510,13,61,0,1,8,84,2,1,1,2,3,2,2,60,1,0,1,0,0,1,1,0,0,1,0,1,0
1511,19,75,1,2,8,83,2,2,2,1,2,0,0,68,1,0,1,0,0,1,0,1,1,0,0,1,0
1512,16,66,0,1,9,52,1,1,1,0,3,0,0,59,1,0,1,0,0,1,0,1,0,1,1,0,0
1513,9,82,2,1,8,78,1,0,2,1,0,0,1,64,0,1,1,0,1,0,0,1,1,0,0,1,0
1514,20,97,2,1,6,81,2,2,0,0,3,0,1,71,1,0,1,0,0,1,0,1,1,0,0,1,0
1515,19,76,2,2,4,72,0,2,2,1,2,1,1,68,0,1,1,0,1,0,0,1,1,0,0,1,0
1516,29,94,0,1,7,95,1,2,0,1,3,1,1,70,1,0,1,0,0,1,1,0,0,1,0,1,0
1517,24,60,0,0,7,66,1,1,1,2,4,1,0,62,0,1,1,0,1,0,0,1,1,0,0,1,0
1518,14,67,1,1,10,53,1,2,2,1,3,1,0,62,1,0,1,0,1,0,0,1,1,0,0,1,0
1519,31,61,2,1,7,84,1,2,1,1,3,0,0,68,1,0,0,1,1,0,0,1,1,0,0,1,0
1520,27,73,1,1,8,80,0,3,1,1,3,0,0,68,0,1,0,1,1,0,0,1,1,0,1,0,0
1521,23,96,1,1,8,99,2,3,0,0,4,0,0,74,0,1,1,0,0,1,0,1,1,0,0,0,1
1522,19,64,0,1,8,62,1,0,2,1,4,1,0,61,1,0,1,0,1,0,0,1,0,1,0,0,1
1523,14,84,1,1,8,70,1,1,0,2,5,1,0,67,1,0,1,0,0,1,0,1,1,0,0,1,0
1524,18,78,1,0,6,73,1,1,2,2,2,0,1,65,0,1,1,0,1,0,0,1,1,0,0,0,1
1526,31,65,1,0,7,71,1,1,0,1,4,0,1,65,1,0,1,0,0,1,0,1,1,0,0,1,0
1527,29,68,1,1,4,89,1,0,1,1,4,1,0,67,1,0,0,1,1,0,0,1,0,1,0,1,0
1528,17,61,1,2,7,58,0,2,0,1,3,0,0,61,0,1,1,0,0,1,0,1,0,1,0,0,1
1529,13,77,1,1,6,70,1,3,1,2,4,0,0,64,1,0,1,0,1,0,0,1,0,1,0,1,0
1530,21,71,2,0,7,58,2,1,1,2,3,1,2,64,0,1,1,0,1,0,0,1,0,1,0,0,1
1531,9,95,1,1,7,97,1,1,0,0,2,1,0,67,1,0,1,0,0,1,0,1,1,0,0,1,0
1532,22,84,1,1,5,59,1,0,2,2,3,1,0,69,0,1,0,1,0,1,0,1,1,0,0,0,1
1533,19,85,2,1,9,71,0,1,1,2,2,2,1,69,0,1,1,0,0,1,0,1,1,0,0,0,1
1534,17,81,2,1,7,54,1,4,0,1,3,0,0,67,0,1,1,0,1,0,0,1,1,0,0,0,1
1535,10,64,1,2,8,96,1,1,1,1,3,0,1,62,1,0,1,0,1,0,0,1,1,0,0,1,0
1536,23,78,0,2,7,81,1,0,0,1,1,0,0,66,1,0,0,1,1,0,0,1,1,0,0,1,0
1537,17,100,2,1,8,98,0,0,1,2,4,1,0,72,1,0,1,0,1,0,0,1,1,0,0,0,1
1538,13,93,1,1,5,52,0,2,1,1,3,1,0,67,0,1,1,0,0,1,0,1,1,0,0,0,1
1539,3,96,2,2,9,59,1,2,0,1,3,1,1,66,0,1,1,0,0,1,0,1,1,0,1,0,0
1540,20,93,0,0,8,69,1,2,0,1,4,0,1,67,1,0,1,0,0,1,0,1,1,0,0,1,0
1541,31,64,2,0,7,81,0,1,1,1,4,0,0,67,0,1,1,0,0,1,0,1,1,0,0,0,1
1542,30,69,1,1,7,66,1,0,1,0,4,2,0,68,0,1,1,0,0,1,0,1,1,0,0,0,1
1543,17,60,2,1,9,86,1,0,0,2,2,0,0,63,1,0,1,0,0,1,0,1,1,0,0,0,1
1544,16,72,1,2,6,58,0,1,1,1,2,0,2,62,1,0,1,0,1,0,0,1,1,0,1,0,0
1545,23,64,2,1,5,80,0,3,1,2,2,1,1,65,0,1,1,0,0,1,0,1,0,1,1,0,0
1546,14,79,1,1,6,70,1,1,0,1,6,1,1,65,1,0,1,0,0,1,0,1,1,0,0,0,1
1547,22,87,1,2,7,75,1,0,1,2,2,1,0,70,0,1,1,0,0,1,0,1,0,1,0,0,1
1548,25,95,0,1,7,78,1,7,0,1,4,0,0,73,1,0,1,0,1,0,0,1,1,0,0,0,1
1549,27,90,2,1,9,53,1,1,1,2,2,2,0,73,0,1,1,0,0,1,0,1,1,0,0,0,1
1550,19,98,1,0,6,96,1,2,0,1,2,0,1,68,1,0,0,1,0,1,1,0,1,0,1,0,0
1551,19,62,1,0,6,89,2,3,1,1,1,0,1,63,1,0,1,0,1,0,0,1,1,0,0,0,1
1552,15,60,1,0,5,72,2,2,2,2,2,0,0,62,1,0,1,0,0,1,0,1,1,0,0,0,1
1553,15,86,2,1,8,77,1,0,1,1,3,2,0,69,1,0,1,0,0,1,0,1,1,0,0,0,1
1554,19,72,1,2,5,52,1,2,1,1,3,2,0,66,1,0,1,0,1,0,0,1,1,0,0,1,0
1555,22,70,1,2,8,75,2,0,1,1,3,2,0,68,1,0,0,1,0,1,0,1,1,0,0,0,1
1556,25,73,2,1,6,71,0,0,0,1,3,1,2,67,0,1,0,1,0,1,0,1,1,0,0,0,1
1557,15,71,2,2,6,69,0,2,0,2,4,1,0,65,0,1,0,1,0,1,0,1,1,0,1,0,0
1558,29,80,0,1,10,91,2,1,2,1,3,1,1,70,1,0,1,0,0,1,1,0,1,0,0,0,1
1559,18,78,0,1,9,59,2,0,2,2,1,0,1,64,0,1,0,1,0,1,1,0,1,0,0,0,1
1560,20,80,0,0,7,59,2,2,1,2,3,0,1,65,1,0,0,1,0,1,0,1,1,0,0,1,0
1561,16,87,1,1,5,76,2,1,0,2,2,2,2,67,0,1,0,1,1,0,0,1,1,0,0,1,0
1562,5,75,1,0,10,84,1,0,2,1,4,2,1,62,0,1,0,1,0,1,0,1,1,0,0,1,0
1563,25,70,1,1,7,51,2,3,0,1,4,0,1,66,1,0,1,0,0,1,0,1,1,0,0,0,1
1564,24,67,2,2,7,77,0,0,2,1,2,1,0,68,0,1,1,0,0,1,0,1,1,0,0,0,1
1565,18,74,1,0,8,65,2,0,1,2,4,1,1,64,0,1,1,0,1,0,0,1,1,0,0,0,1
1566,20,90,2,0,4,88,1,3,0,1,3,0,1,69,1,0,1,0,1,0,0,1,1,0,1,0,0
1567,23,90,1,1,6,73,0,1,2,1,2,0,0,69,0,1,0,1,0,1,1,0,1,0,0,0,1
1568,11,87,1,1,7,92,1,1,1,1,5,0,1,67,0,1,1,0,0,1,0,1,1,0,0,0,1
1569,17,69,1,1,7,70,0,0,0,2,3,1,1,61,1,0,1,0,0,1,0,1,0,1,0,1,0
1570,25,84,2,1,5,91,0,1,1,1,4,2,1,70,0,1,1,0,0,1,0,1,0,1,0,0,1
1571,12,83,0,1,7,86,0,1,2,1,4,1,0,65,0,1,1,0,0,1,0,1,1,0,1,0,0
1572,22,79,1,1,7,91,0,0,0,1,4,1,1,66,1,0,1,0,0,1,0,1,0,1,0,0,1
1573,12,82,0,1,10,91,1,3,0,1,3,2,0,66,1,0,1,0,0,1,0,1,1,0,1,0,0
1574,23,80,1,2,9,74,1,4,1,1,3,0,1,69,1,0,1,0,0,1,0,1,1,0,1,0,0
1575,20,83,1,1,7,68,2,1,1,1,1,0,0,67,0,1,1,0,0,1,0,1,1,0,0,0,1
1576,10,89,2,2,7,88,1,2,2,1,2,2,0,71,0,1,0,1,0,1,0,1,1,0,0,0,1
1577,27,64,2,2,9,68,2,1,0,2,4,0,0,68,1,0,0,1,0,1,0,1,1,0,0,1,0
1578,16,90,1,1,7,54,2,2,1,1,3,0,0,67,0,1,1,0,1,0,1,0,1,0,0,0,1
1579,15,65,2,1,5,93,0,2,0,1,4,0,0,63,0,1,1,0,1,0,0,1,0,1,0,1,0
1580,21,63,1,1,10,70,0,1,2,2,2,1,0,64,0,1,0,1,1,0,0,1,1,0,0,0,1
1581,27,99,2,1,6,57,1,3,0,1,3,1,1,73,1,0,1,0,0,1,0,1,1,0,0,1,0
1582,14,98,1,1,10,82,2,1,0,1,3,0,1,69,1,0,0,1,0,1,0,1,1,0,0,0,1
1583,20,62,2,0,8,94,2,1,1,1,3,0,0,65,0,1,1,0,1,0,0,1,1,0,0,0,1
1584,23,78,2,0,6,93,1,0,1,2,5,2,0,70,1,0,0,1,0,1,0,1,1,0,0,0,1
1585,24,67,2,1,4,78,0,1,0,2,2,0,0,67,0,1,1,0,0,1,0,1,1,0,0,0,1
1586,21,79,1,0,8,54,2,3,0,1,3,2,1,67,0,1,1,0,0,1,0,1,1,0,0,0,1
1587,18,93,1,2,5,85,1,0,0,1,3,0,0,70,1,0,1,0,0,1,0,1,1,0,0,0,1
1588,15,98,2,0,8,80,0,2,2,2,2,2,0,69,0,1,1,0,1,0,1,0,1,0,1,0,0
1589,21,85,2,1,10,61,2,2,1,1,2,0,0,68,1,0,1,0,1,0,0,1,0,1,0,1,0
1590,14,74,1,2,5,95,2,1,0,2,3,1,0,66,1,0,1,0,1,0,0,1,0,1,0,0,1
1591,2,84,0,2,8,54,0,3,0,0,4,0,0,62,1,0,1,0,1,0,0,1,1,0,0,0,1
1592,23,72,1,1,6,69,0,2,2,1,4,0,0,67,1,0,1,0,0,1,0,1,1,0,0,0,1
1593,25,96,1,0,9,55,2,2,1,2,4,0,1,71,1,0,1,0,0,1,0,1,1,0,0,1,0
1594,6,95,2,1,7,96,1,4,0,1,2,0,1,68,0,1,1,0,0,1,0,1,1,0,0,1,0
1595,14,82,2,1,7,52,2,3,0,1,2,0,0,66,0,1,1,0,0,1,0,1,1,0,1,0,0
1596,24,73,0,1,9,71,2,0,0,1,3,0,1,64,1,0,1,0,0,1,0,1,1,0,0,1,0
1597,32,72,2,1,8,93,0,1,0,1,4,2,0,71,0,1,0,1,0,1,0,1,1,0,0,1,0
1598,20,61,0,0,6,63,1,1,1,2,4,1,2,61,1,0,1,0,0,1,0,1,1,0,0,0,1
1599,16,93,1,2,10,55,1,2,0,1,2,1,0,67,1,0,1,0,1,0,1,0,1,0,0,1,0
1600,19,78,1,0,5,56,0,3,2,1,4,1,1,65,0,1,1,0,0,1,0,1,1,0,0,1,0
1601,28,73,2,1,7,70,0,0,0,1,6,1,1,66,0,1,0,1,0,1,1,0,1,0,1,0,0
1602,16,79,2,2,6,71,1,2,0,2,4,0,0,68,0,1,1,0,0,1,0,1,1,0,0,1,0
1603,15,93,1,1,5,86,1,0,0,1,2,1,2,66,1,0,1,0,1,0,0,1,1,0,0,1,0
1604,17,65,1,1,5,62,1,2,1,1,4,0,0,63,0,1,1,0,1,0,0,1,1,0,0,0,1
1605,14,94,0,0,7,85,0,1,2,1,3,0,1,66,0,1,1,0,0,1,0,1,1,0,0,1,0
1606,21,96,1,2,8,100,1,1,2,1,2,1,0,73,0,1,0,1,1,0,0,1,1,0,0,0,1
1608,22,76,1,1,9,82,2,0,1,2,4,0,0,67,1,0,0,1,1,0,0,1,1,0,0,1,0
1609,18,69,2,2,7,97,1,2,1,1,2,1,0,69,0,1,1,0,0,1,0,1,1,0,0,0,1
1610,18,75,1,0,6,100,2,2,0,1,3,0,0,67,0,1,1,0,0,1,0,1,1,0,0,0,1
1611,11,73,1,2,9,79,1,1,0,2,2,0,0,64,1,0,1,0,0,1,0,1,1,0,0,1,0
1612,25,67,1,2,6,64,1,0,0,1,2,0,1,64,1,0,1,0,0,1,1,0,1,0,0,1,0
1613,20,84,0,1,5,96,0,1,0,1,2,0,0,65,1,0,1,0,1,0,0,1,1,0,1,0,0
1614,19,79,1,1,8,92,2,1,1,2,2,0,0,68,1,0,1,0,1,0,0,1,1,0,0,0,1
1616,22,61,1,1,6,97,2,0,0,2,2,0,0,63,1,0,1,0,0,1,0,1,0,1,1,0,0
1617,15,86,2,2,10,68,1,0,2,1,5,1,0,69,1,0,1,0,0,1,0,1,1,0,0,1,0
1618,17,91,1,1,8,66,1,3,1,0,2,1,0,69,1,0,1,0,0,1,0,1,1,0,0,0,1
1619,27,90,1,0,8,67,1,2,1,1,3,2,0,70,1,0,1,0,1,0,0,1,1,0,1,0,0
1620,21,95,2,1,6,66,2,1,1,2,4,1,0,73,1,0,1,0,0,1,0,1,1,0,0,0,1
1621,11,89,1,0,9,76,1,1,1,2,3,2,2,66,1,0,1,0,0,1,0,1,1,0,0,1,0
1622,26,97,1,0,5,79,2,2,0,0,3,0,0,71,0,1,0,1,1,0,0,1,1,0,0,0,1
1623,16,73,1,0,6,71,1,2,2,2,5,1,0,66,1,0,1,0,0,1,0,1,1,0,0,0,1
1624,31,80,1,1,6,71,2,2,0,2,3,0,0,71,0,1,1,0,0,1,0,1,1,0,0,1,0
1625,26,61,1,0,5,87,1,3,2,2,2,0,0,66,1,0,1,0,0,1,0,1,0,1,0,0,1
1626,17,60,1,2,8,50,2,0,0,2,4,0,0,63,0,1,1,0,0,1,0,1,1,0,0,0,1
1627,28,70,2,2,8,97,1,5,0,0,5,0,0,70,1,0,1,0,0,1,0,1,0,1,1,0,0
1628,20,64,2,1,8,86,1,1,1,1,2,2,0,66,1,0,1,0,0,1,0,1,1,0,0,1,0
1629,25,70,1,1,7,85,1,1,1,1,4,0,0,66,1,0,1,0,1,0,0,1,1,0,1,0,0
1630,23,67,1,1,8,71,2,2,1,1,4,1,1,66,0,1,1,0,1,0,0,1,1,0,0,1,0
1631,15,61,1,1,7,98,1,1,1,1,3,0,0,62,1,0,1,0,1,0,0,1,1,0,0,1,0
1632,16,96,1,1,6,50,2,1,1,2,3,1,0,69,1,0,1,0,1,0,0,1,1,0,0,0,1
1633,26,60,0,2,6,54,0,1,0,1,1,2,1,63,1,0,0,1,0,1,0,1,1,0,0,0,1
1634,18,89,1,0,4,90,0,1,2,1,2,2,0,68,0,1,1,0,0,1,0,1,0,1,0,0,1
1635,18,66,1,2,9,87,1,1,1,0,3,0,1,64,1,0,0,1,1,0,0,1,1,0,0,0,1
1636,14,96,0,2,9,64,2,2,0,2,3,2,1,69,1,0,1,0,0,1,0,1,1,0,0,1,0
1637,23,96,0,1,10,80,0,3,0,2,3,0,0,71,1,0,1,0,0,1,0,1,1,0,0,0,1
1638,32,86,1,1,6,77,1,2,1,0,4,0,0,71,1,0,0,1,0,1,1,0,1,0,1,0,0
1639,14,87,1,1,6,76,1,1,0,1,4,1,2,66,0,1,0,1,1,0,0,1,1,0,0,0,1
1640,20,60,1,1,4,80,0,2,2,1,3,1,1,63,1,0,0,1,0,1,0,1,0,1,0,0,1
1641,28,99,0,1,8,100,0,0,1,1,2,0,2,72,1,0,1,0,0,1,0,1,1,0,0,0,1
1642,20,95,1,1,8,99,0,1,0,1,3,1,0,70,0,1,0,1,0,1,1,0,1,0,0,1,0
1643,23,96,1,0,9,99,1,0,2,1,2,1,0,71,0,1,0,1,1,0,0,1,1,0,0,1,0
1644,14,86,0,0,6,77,1,3,2,1,3,0,2,65,1,0,0,1,0,1,0,1,1,0,0,1,0
1645,23,74,1,0,8,66,0,0,2,1,4,2,0,65,0,1,1,0,0,1,0,1,1,0,1,0,0
1646,19,96,0,1,6,78,2,1,0,0,2,0,2,67,1,0,1,0,1,0,0,1,1,0,0,0,1
1647,26,72,2,1,9,81,2,0,1,2,3,0,0,68,1,0,1,0,1,0,0,1,1,0,0,1,0
1648,27,83,1,1,8,66,1,3,1,1,4,1,2,70,0,1,1,0,0,1,0,1,1,0,0,0,1
1649,36,64,1,1,5,82,1,2,1,2,2,0,0,70,0,1,0,1,0,1,0,1,1,0,0,0,1
1650,23,97,0,2,7,81,0,2,1,2,3,0,0,72,1,0,1,0,0,1,0,1,1,0,0,1,0
1651,22,66,1,2,4,95,1,1,0,0,5,1,1,65,1,0,1,0,1,0,0,1,1,0,0,1,0
1652,21,69,1,1,5,62,2,2,0,1,3,0,0,65,1,0,1,0,0,1,0,1,1,0,0,0,1
1653,18,82,2,1,5,85,2,3,1,2,4,2,0,71,1,0,0,1,0,1,0,1,1,0,0,1,0
1654,22,91,2,2,6,73,0,3,2,1,4,2,0,74,1,0,1,0,0,1,0,1,1,0,0,0,1
1655,18,85,0,1,7,56,0,0,0,1,4,0,1,64,1,0,0,1,1,0,0,1,1,0,0,0,1
1656,21,69,1,1,7,66,2,1,1,1,4,0,2,64,0,1,0,1,1,0,0,1,1,0,0,1,0
1657,28,60,1,2,7,53,0,3,0,1,3,0,0,65,0,1,0,1,0,1,0,1,1,0,0,1,0
1658,14,90,0,1,7,66,1,1,1,1,5,1,0,67,1,0,1,0,0,1,0,1,1,0,0,1,0
1659,27,99,2,1,7,53,0,2,0,2,3,1,0,73,1,0,1,0,1,0,0,1,1,0,0,1,0
1660,28,92,0,2,5,96,2,1,1,0,3,1,1,72,1,0,1,0,1,0,0,1,1,0,0,1,0
1661,19,78,1,1,7,55,0,0,1,1,3,1,0,65,1,0,1,0,1,0,0,1,1,0,0,0,1
1662,7,96,1,2,9,91,1,0,0,1,4,1,0,67,1,0,1,0,1,0,0,1,1,0,0,1,0
1663,16,76,1,1,7,95,0,2,1,1,3,0,0,66,0,1,1,0,0,1,0,1,1,0,1,0,0
1664,28,81,2,1,8,73,0,0,1,2,3,2,0,70,1,0,1,0,0,1,0,1,1,0,1,0,0
1665,20,79,2,1,8,53,1,2,1,1,3,0,1,66,0,1,0,1,1,0,0,1,1,0,0,1,0
1666,14,78,2,2,8,80,0,1,1,1,1,0,0,66,0,1,1,0,0,1,0,1,1,0,0,1,0
1667,17,91,1,0,7,62,0,3,2,1,3,2,0,68,1,0,1,0,0,1,0,1,1,0,1,0,0
1668,25,81,0,1,8,59,0,3,0,1,4,1,0,68,1,0,1,0,0,1,0,1,1,0,0,0,1
1669,23,73,2,2,8,78,0,0,2,1,4,0,1,67,0,1,1,0,1,0,0,1,1,0,0,1,0
1670,19,70,2,1,8,68,2,1,0,1,3,1,0,65,0,1,1,0,0,1,1,0,1,0,0,0,1
1671,18,62,1,0,8,87,1,4,0,1,4,1,0,64,0,1,1,0,0,1,0,1,1,0,0,0,1
1672,18,83,2,1,5,80,2,1,2,2,2,1,0,70,1,0,1,0,1,0,0,1,1,0,0,0,1
1673,14,69,0,1,5,91,1,0,2,1,3,1,1,63,1,0,1,0,1,0,0,1,1,0,0,0,1
1674,30,66,1,2,6,53,0,2,0,1,2,0,0,65,1,0,1,0,1,0,1,0,1,0,0,0,1
1675,18,86,0,1,9,62,1,4,1,1,2,2,0,67,0,1,1,0,0,1,0,1,0,1,1,0,0
1676,27,87,1,1,7,78,0,3,0,1,5,0,0,71,0,1,0,1,0,1,0,1,1,0,1,0,0
1677,29,90,2,1,7,94,1,1,0,0,4,0,0,73,0,1,0,1,0,1,0,1,1,0,0,1,0
1678,26,80,1,1,4,91,0,1,0,1,3,0,2,67,1,0,0,1,1,0,0,1,1,0,0,1,0
1679,17,96,2,1,7,84,1,2,0,2,3,1,0,72,0,1,0,1,0,1,0,1,1,0,0,0,1
1680,22,97,1,1,7,79,2,2,1,2,0,0,2,71,1,0,1,0,1,0,0,1,1,0,0,0,1
1681,20,92,1,2,4,82,2,0,1,1,4,2,0,72,1,0,1,0,0,1,0,1,1,0,0,1,0
1682,15,85,2,2,7,61,1,1,1,2,3,0,0,68,1,0,1,0,0,1,0,1,1,0,1,0,0
1683,22,72,0,0,5,80,1,2,0,2,3,1,0,65,0,1,1,0,0,1,0,1,1,0,0,1,0
1684,13,99,2,1,6,75,0,1,1,1,4,1,2,68,0,1,1,0,1,0,0,1,0,1,0,0,1
1685,27,71,1,0,8,69,1,1,2,1,4,1,0,67,1,0,1,0,1,0,0,1,1,0,0,0,1
1686,17,68,1,1,7,94,2,1,2,1,4,1,1,66,0,1,0,1,1,0,0,1,1,0,0,1,0
1687,21,78,1,0,6,91,1,0,1,0,1,0,0,64,1,0,0,1,0,1,0,1,0,1,0,1,0
1688,22,62,2,1,6,54,1,3,0,1,3,2,0,65,1,0,0,1,1,0,0,1,1,0,0,1,0
1689,18,99,1,1,6,99,1,0,0,1,3,0,1,69,1,0,1,0,1,0,0,1,1,0,0,1,0
1690,24,84,1,1,7,61,1,2,1,1,2,0,2,68,1,0,1,0,0,1,0,1,1,0,0,0,1
1691,17,82,2,2,5,61,1,3,1,1,4,2,0,69,1,0,1,0,1,0,0,1,1,0,0,1,0
1692,25,86,1,1,9,97,0,1,2,1,3,0,1,70,1,0,0,1,0,1,0,1,1,0,0,1,0
1693,12,80,2,1,5,72,1,1,2,1,4,0,0,65,0,1,0,1,1,0,0,1,0,1,0,0,1
1694,21,61,1,1,4,90,0,2,1,0,3,0,0,63,1,0,1,0,1,0,0,1,1,0,0,1,0
1695,32,84,0,1,8,64,1,1,0,2,3,1,0,71,0,1,0,1,0,1,0,1,1,0,0,0,1
1696,14,89,1,2,6,94,0,0,0,1,2,2,0,68,1,0,0,1,0,1,0,1,1,0,0,1,0
1697,16,77,1,1,7,92,2,5,0,2,3,2,0,70,0,1,1,0,0,1,0,1,1,0,0,0,1
1698,23,90,1,2,8,76,2,2,1,0,3,0,0,72,0,1,1,0,0,1,0,1,1,0,0,0,1
1699,21,69,1,1,6,85,1,3,0,0,1,1,2,64,0,1,1,0,0,1,0,1,1,0,0,1,0
1700,22,69,0,1,7,98,0,0,0,1,2,2,1,64,1,0,1,0,1,0,0,1,1,0,0,0,1
1701,23,66,1,0,8,73,2,2,2,1,2,1,0,66,0,1,1,0,0,1,0,1,1,0,0,0,1
1702,24,75,1,2,9,75,2,0,1,2,3,1,2,69,1,0,1,0,0,1,0,1,1,0,0,0,1
1703,27,94,1,0,6,86,1,2,1,1,2,0,0,71,0,1,0,1,1,0,0,1,1,0,0,1,0
1704,22,93,1,2,6,69,2,0,2,0,3,0,0,69,1,0,1,0,0,1,0,1,0,1,1,0,0
1705,19,75,2,1,8,98,0,1,0,1,3,2,1,67,1,0,1,0,1,0,0,1,1,0,0,1,0
1706,24,84,0,1,7,52,1,0,0,2,3,0,0,66,1,0,1,0,0,1,0,1,1,0,0,1,0
1707,31,89,1,1,7,70,1,2,0,2,2,0,1,71,0,1,1,0,1,0,0,1,1,0,0,0,1
1708,19,70,1,0,9,86,0,2,2,1,2,0,0,63,1,0,1,0,0,1,0,1,0,1,0,1,0
1709,14,67,1,0,4,71,1,0,2,1,4,1,0,62,0,1,1,0,1,0,0,1,1,0,0,1,0
1710,27,99,1,2,5,63,1,0,1,2,4,0,0,73,0,1,1,0,1,0,0,1,1,0,0,1,0
1711,19,85,2,1,4,71,0,1,1,2,3,0,2,66,0,1,1,0,1,0,0,1,1,0,1,0,0
1712,7,99,2,1,9,94,1,3,2,2,2,2,1,72,1,0,1,0,0,1,0,1,1,0,0,0,1
1713,25,74,2,0,8,77,0,1,0,1,2,2,1,67,0,1,1,0,0,1,0,1,1,0,0,1,0
1714,17,88,0,0,5,67,1,0,1,2,3,2,0,65,1,0,1,0,1,0,1,0,1,0,0,1,0
1715,19,69,1,1,7,84,1,2,1,1,4,0,0,66,1,0,1,0,0,1,0,1,1,0,0,1,0
1716,22,70,2,1,7,81,0,3,1,1,2,2,1,68,0,1,1,0,0,1,0,1,1,0,0,1,0
1717,21,80,1,2,4,78,1,1,1,2,4,0,0,69,0,1,0,1,0,1,0,1,1,0,0,1,0
1718,24,73,2,1,7,70,1,0,2,1,3,2,0,68,0,1,1,0,0,1,0,1,1,0,1,0,0
1719,17,67,1,2,5,54,1,0,0,1,2,0,1,61,1,0,1,0,0,1,0,1,1,0,1,0,0
1720,23,71,2,0,8,81,1,3,1,2,2,0,0,68,1,0,0,1,0,1,0,1,1,0,0,0,1
1721,18,61,2,0,5,71,0,3,2,2,3,1,0,64,1,0,0,1,0,1,0,1,1,0,0,1,0
1722,24,88,1,0,7,71,0,1,0,2,3,1,1,67,1,0,1,0,0,1,1,0,1,0,0,1,0
1723,24,80,0,2,9,62,2,3,2,0,3,0,1,68,1,0,1,0,0,1,0,1,1,0,0,1,0
1724,14,64,1,2,8,62,0,1,1,2,4,0,1,61,1,0,1,0,1,0,0,1,0,1,0,0,1
1725,27,67,2,0,8,89,0,1,0,0,3,2,0,66,0,1,1,0,1,0,0,1,1,0,0,0,1
1726,17,64,2,0,7,74,0,2,1,0,2,2,0,64,0,1,1,0,0,1,0,1,1,0,0,0,1
1727,25,85,0,1,5,55,0,3,2,1,3,0,1,67,0,1,1,0,1,0,0,1,1,0,1,0,0
1728,22,64,1,2,6,52,0,2,2,1,4,1,1,64,0,1,0,1,1,0,0,1,1,0,1,0,0
1729,31,90,2,2,7,61,0,0,0,1,3,0,0,72,1,0,1,0,1,0,0,1,1,0,0,0,1
1730,19,61,1,1,7,74,0,2,2,1,3,2,2,62,1,0,1,0,1,0,0,1,1,0,1,0,0
1731,18,70,2,1,5,81,0,2,0,1,2,0,2,63,0,1,0,1,0,1,0,1,1,0,1,0,0
1732,20,96,2,2,8,57,0,1,0,1,4,0,0,70,1,0,0,1,1,0,0,1,1,0,0,1,0
1733,18,89,2,1,5,72,0,3,1,1,3,1,1,69,1,0,1,0,1,0,0,1,1,0,0,0,1
1734,25,63,0,1,9,54,1,3,1,0,2,0,0,64,1,0,1,0,0,1,0,1,1,0,0,0,1
1735,10,93,0,1,7,52,1,2,1,1,3,2,0,66,1,0,1,0,1,0,0,1,1,0,0,0,1
1736,14,80,0,1,8,93,1,3,0,2,4,0,0,67,0,1,0,1,0,1,0,1,1,0,0,0,1
1737,14,94,2,2,8,83,1,4,1,0,5,2,0,71,0,1,1,0,0,1,0,1,0,1,1,0,0
1738,26,84,1,2,10,89,1,0,0,2,1,0,2,70,0,1,0,1,0,1,0,1,1,0,0,0,1
1739,30,87,0,1,7,59,1,2,1,1,3,0,1,69,1,0,1,0,1,0,0,1,1,0,0,1,0
1740,19,100,1,0,6,66,2,0,0,1,3,0,1,68,1,0,1,0,1,0,0,1,1,0,0,1,0
1741,19,69,1,2,6,72,1,1,0,1,1,1,0,64,0,1,1,0,0,1,1,0,1,0,0,1,0
1742,20,85,2,1,9,83,0,3,1,1,3,1,0,70,1,0,1,0,0,1,0,1,0,1,0,0,1
1743,27,78,2,0,5,77,1,0,1,0,3,2,0,69,1,0,0,1,0,1,0,1,1,0,0,1,0
1744,14,62,1,1,6,78,1,0,2,1,2,1,0,63,0,1,1,0,0,1,0,1,1,0,0,0,1
1745,21,61,0,1,7,58,1,1,1,0,3,0,0,60,0,1,1,0,1,0,0,1,1,0,1,0,0
1746,26,65,2,0,7,74,1,2,0,1,4,0,0,65,0,1,1,0,1,0,0,1,1,0,1,0,0
1747,23,86,1,1,8,91,1,0,0,1,0,0,0,67,1,0,1,0,1,0,0,1,1,0,1,0,0
1748,21,83,1,0,5,75,0,1,1,1,4,1,0,66,1,0,1,0,1,0,0,1,1,0,1,0,0
1749,26,82,0,2,7,60,1,3,0,1,3,2,0,68,0,1,1,0,1,0,1,0,1,0,0,1,0
1751,24,79,0,2,5,88,1,0,1,1,3,0,1,67,0,1,1,0,0,1,0,1,1,0,0,1,0
1752,16,97,1,1,8,57,0,0,1,1,4,0,0,68,1,0,1,0,0,1,0,1,0,1,0,0,1
1753,9,76,1,1,7,79,1,1,0,1,3,0,0,62,0,1,1,0,0,1,0,1,1,0,0,1,0
1754,23,85,0,2,7,98,2,2,0,1,3,2,1,69,0,1,1,0,1,0,1,0,1,0,1,0,0
1755,28,91,1,2,6,69,2,1,1,2,4,0,2,73,1,0,0,1,0,1,0,1,1,0,0,1,0
1756,19,91,2,0,6,52,1,2,0,1,4,0,1,66,1,0,1,0,1,0,0,1,0,1,1,0,0
1757,26,81,0,1,5,82,1,0,1,1,5,2,0,67,0,1,1,0,0,1,0,1,0,1,1,0,0
1758,30,94,1,1,8,52,1,1,1,0,4,0,0,71,0,1,1,0,1,0,0,1,1,0,0,1,0
1759,28,76,1,1,9,60,1,1,0,1,2,0,2,66,1,0,1,0,0,1,0,1,1,0,0,1,0
1760,30,96,2,1,10,52,1,0,2,2,4,1,1,74,0,1,1,0,0,1,0,1,1,0,0,0,1
1761,24,70,1,2,8,59,0,2,0,2,5,0,0,67,1,0,1,0,1,0,0,1,1,0,0,0,1
1762,20,71,2,1,6,93,2,2,1,2,2,2,0,68,1,0,1,0,1,0,0,1,1,0,1,0,0
1763,10,62,1,1,6,87,2,2,0,2,3,0,0,61,1,0,1,0,1,0,0,1,1,0,0,1,0
1764,19,92,1,2,8,67,1,2,1,1,2,0,0,69,0,1,0,1,1,0,0,1,1,0,1,0,0
1765,15,77,0,1,7,95,0,4,0,1,4,0,1,65,1,0,1,0,0,1,0,1,1,0,0,0,1
1766,33,69,1,2,7,83,1,2,1,0,2,2,0,71,1,0,1,0,0,1,0,1,1,0,0,1,0
1767,19,69,1,0,7,72,1,1,0,0,2,0,2,61,0,1,1,0,1,0,0,1,1,0,0,0,1
1768,21,96,1,2,9,53,1,0,0,2,3,1,0,70,1,0,1,0,0,1,0,1,1,0,0,1,0
1769,23,93,1,0,6,87,1,2,1,1,3,0,1,70,1,0,0,1,1,0,0,1,1,0,0,1,0
1770,20,82,1,2,9,69,0,1,1,1,3,1,0,69,1,0,1,0,0,1,0,1,1,0,0,0,1
1771,30,85,2,0,7,65,2,2,0,1,3,0,0,70,0,1,1,0,0,1,0,1,1,0,1,0,0
1772,16,79,2,1,6,64,1,4,0,0,4,1,0,67,1,0,1,0,0,1,0,1,0,1,0,0,1
1773,21,76,0,1,6,50,0,2,0,1,4,2,1,63,0,1,1,0,1,0,0,1,1,0,1,0,0
1774,16,97,1,1,7,87,1,1,2,1,3,0,0,70,0,1,1,0,1,0,0,1,1,0,0,1,0
1775,12,65,1,1,8,57,1,1,2,2,5,0,0,61,0,1,0,1,1,0,0,1,0,1,0,0,1
1776,16,77,0,2,6,76,0,1,0,1,1,2,1,64,0,1,1,0,0,1,0,1,1,0,0,1,0
1777,20,74,1,1,8,51,2,2,1,1,3,1,0,65,1,0,1,0,0,1,0,1,1,0,1,0,0
1778,17,80,1,1,6,81,1,1,1,2,1,1,2,65,1,0,1,0,1,0,0,1,1,0,0,1,0
1779,16,78,1,0,7,68,2,3,0,2,3,2,2,66,0,1,0,1,0,1,0,1,1,0,0,0,1
1780,12,81,2,2,5,82,0,1,1,2,3,0,2,66,0,1,1,0,0,1,0,1,1,0,0,0,1
1781,20,66,0,1,8,54,1,2,1,0,2,2,0,63,1,0,1,0,0,1,0,1,1,0,0,0,1
1782,11,81,0,2,7,63,1,3,1,1,2,2,0,66,1,0,1,0,0,1,0,1,1,0,0,1,0
1783,25,70,1,1,9,56,2,0,0,1,1,0,2,64,1,0,1,0,0,1,0,1,1,0,0,0,1
1784,20,67,2,0,8,82,1,3,0,2,4,0,0,65,1,0,1,0,1,0,0,1,0,1,0,1,0
1785,11,63,2,1,7,55,0,3,2,1,1,2,0,62,1,0,0,1,1,0,0,1,1,0,0,0,1
1786,18,91,0,2,9,81,2,4,2,1,5,0,1,71,1,0,1,0,0,1,0,1,1,0,0,1,0
1787,15,77,1,1,8,57,0,1,0,1,2,1,0,63,1,0,1,0,0,1,0,1,1,0,0,1,0
1788,22,85,1,2,9,97,2,0,1,2,3,1,1,70,1,0,1,0,1,0,0,1,1,0,1,0,0
1789,28,89,1,0,6,71,0,2,0,1,4,1,1,70,1,0,0,1,0,1,0,1,1,0,0,1,0
1790,9,87,1,1,8,56,1,1,1,2,3,1,1,65,0,1,1,0,1,0,0,1,1,0,0,0,1
1791,21,79,2,2,8,52,1,1,0,1,3,0,0,66,0,1,1,0,0,1,0,1,0,1,0,1,0
1792,19,76,1,0,5,66,1,2,1,1,4,1,0,66,0,1,0,1,0,1,0,1,1,0,0,0,1
1793,24,75,1,0,9,95,2,0,1,2,2,1,0,68,1,0,1,0,1,0,0,1,1,0,0,0,1
1794,21,86,2,2,5,57,1,1,0,1,3,0,0,68,1,0,0,1,1,0,0,1,1,0,1,0,0
1795,15,80,2,1,5,90,1,4,1,2,3,0,0,69,0,1,0,1,0,1,0,1,1,0,0,1,0
1796,18,94,1,1,4,71,1,3,2,0,3,1,0,71,0,1,1,0,0,1,0,1,1,0,0,0,1
1797,15,95,1,1,8,90,0,2,0,1,1,2,0,69,1,0,0,1,0,1,0,1,1,0,1,0,0
1798,26,67,1,2,5,94,1,0,1,1,2,1,0,68,1,0,1,0,0,1,0,1,1,0,0,0,1
1799,20,65,1,2,6,100,1,2,0,2,5,0,1,67,1,0,1,0,0,1,0,1,1,0,0,1,0
1800,31,85,2,1,8,53,1,2,0,2,3,0,0,72,1,0,1,0,1,0,0,1,1,0,0,0,1
1801,20,72,2,1,7,90,2,2,1,1,3,0,0,68,1,0,1,0,0,1,0,1,1,0,0,1,0
1802,16,61,2,1,6,53,0,0,2,1,4,0,1,60,0,1,1,0,0,1,0,1,0,1,0,0,1
1803,11,96,1,2,5,66,2,2,0,1,4,0,1,68,1,0,1,0,1,0,0,1,1,0,0,1,0
1804,9,69,2,1,7,82,2,1,2,2,2,0,0,65,0,1,1,0,0,1,0,1,1,0,0,0,1
1805,10,97,0,2,8,72,2,0,0,1,3,2,1,67,0,1,1,0,1,0,0,1,1,0,0,1,0
1806,22,89,0,1,8,78,0,4,2,1,3,0,0,70,0,1,0,1,1,0,0,1,1,0,0,0,1
1807,23,91,1,0,10,98,2,0,0,2,3,0,0,70,0,1,0,1,0,1,0,1,1,0,1,0,0
1808,11,68,1,1,6,91,0,3,0,2,2,1,2,61,0,1,1,0,1,0,0,1,1,0,1,0,0
1809,25,69,2,0,5,68,1,2,2,2,4,1,2,68,1,0,1,0,0,1,0,1,1,0,0,0,1
1810,17,81,1,2,7,80,2,1,0,1,3,2,0,67,0,1,1,0,1,0,0,1,1,0,1,0,0
1811,21,67,1,2,7,52,1,3,0,1,3,0,1,62,0,1,1,0,1,0,0,1,0,1,1,0,0
1812,30,72,1,0,7,73,1,0,2,1,4,0,1,66,1,0,1,0,1,0,0,1,1,0,0,1,0
1813,25,73,2,1,6,80,1,3,2,1,2,0,2,69,0,1,1,0,0,1,0,1,1,0,0,0,1
1814,18,66,1,2,4,86,1,2,1,1,4,1,0,66,0,1,1,0,0,1,0,1,1,0,1,0,0
1815,15,68,1,1,5,95,1,0,2,1,5,1,0,64,0,1,1,0,0,1,0,1,1,0,1,0,0
1816,7,92,2,1,8,64,2,1,0,0,4,2,0,66,1,0,1,0,1,0,0,1,1,0,0,1,0
1817,16,67,1,1,7,95,0,2,1,1,5,0,0,63,1,0,1,0,1,0,0,1,0,1,0,1,0
1818,19,61,0,2,8,83,0,1,1,1,3,0,0,62,1,0,0,1,0,1,0,1,1,0,1,0,0
1819,14,85,1,1,8,54,0,1,2,1,4,2,1,65,1,0,0,1,0,1,0,1,1,0,1,0,0
1820,19,99,0,2,8,69,0,0,2,1,2,0,1,68,1,0,0,1,1,0,0,1,1,0,1,0,0
1821,20,73,2,2,8,74,0,1,0,0,4,0,1,65,1,0,0,1,0,1,0,1,1,0,1,0,0
1822,19,65,1,2,7,68,0,1,0,0,4,1,0,63,0,1,1,0,0,1,0,1,1,0,0,1,0
1823,16,83,2,2,7,56,1,3,1,1,2,0,0,68,1,0,1,0,0,1,0,1,1,0,1,0,0
1824,21,96,1,2,4,78,0,2,2,1,2,0,0,72,1,0,0,1,0,1,0,1,1,0,0,0,1
1825,23,91,2,0,6,57,1,2,0,1,3,0,0,69,1,0,0,1,1,0,0,1,1,0,0,0,1
1826,13,85,0,1,6,96,0,1,0,2,5,2,2,66,1,0,1,0,1,0,0,1,1,0,0,0,1
1827,28,73,0,0,7,93,2,2,0,2,3,1,0,68,1,0,0,1,0,1,0,1,1,0,0,1,0
1828,19,82,0,0,6,74,1,1,1,2,2,0,1,64,1,0,1,0,1,0,0,1,1,0,0,1,0
1829,20,64,1,0,8,53,0,1,0,1,2,0,0,61,1,0,1,0,0,1,0,1,1,0,0,0,1
1830,24,87,0,1,6,78,2,0,0,0,2,2,0,67,1,0,1,0,1,0,0,1,0,1,0,1,0
1831,21,89,1,0,9,80,1,0,1,0,3,2,1,68,1,0,1,0,0,1,0,1,1,0,0,1,0
1832,26,99,1,1,6,94,2,2,1,1,3,0,0,74,1,0,1,0,1,0,0,1,1,0,0,0,1
1833,22,70,1,2,6,53,1,3,1,2,2,0,0,67,0,1,1,0,0,1,0,1,1,0,0,0,1
1834,16,61,1,2,6,85,1,2,1,1,3,0,0,64,1,0,0,1,0,1,0,1,1,0,0,0,1
1835,22,82,0,2,6,78,1,3,1,2,3,0,1,69,1,0,1,0,1,0,0,1,1,0,0,1,0
1836,13,88,2,1,9,59,1,0,0,1,3,0,2,63,0,1,0,1,0,1,0,1,0,1,1,0,0
1837,21,92,1,1,7,56,1,0,0,1,4,0,1,67,0,1,0,1,1,0,0,1,1,0,0,1,0
1838,20,68,2,1,7,85,1,1,1,1,3,1,2,65,1,0,1,0,0,1,0,1,1,0,0,1,0
1839,19,70,1,1,6,67,1,5,1,0,4,2,1,67,0,1,1,0,0,1,0,1,1,0,0,0,1
1840,19,81,2,1,7,100,1,1,0,1,5,2,1,68,0,1,0,1,1,0,0,1,1,0,1,0,0
1841,9,73,1,0,7,95,1,3,0,1,3,2,0,62,1,0,0,1,0,1,1,0,1,0,1,0,0
1842,17,94,2,1,7,78,1,1,0,2,3,1,0,70,0,1,1,0,0,1,0,1,1,0,0,1,0
1843,21,79,0,2,7,82,1,1,2,1,3,0,0,67,0,1,1,0,0,1,0,1,1,0,1,0,0
1845,14,83,2,1,7,95,0,1,0,1,2,0,0,65,0,1,0,1,0,1,0,1,0,1,0,1,0
1846,28,91,0,1,5,73,1,2,1,1,2,0,0,69,0,1,1,0,0,1,1,0,1,0,0,1,0
1847,15,73,1,1,7,76,2,2,0,1,4,0,2,64,0,1,1,0,1,0,0,1,1,0,0,0,1
1848,26,93,2,0,6,94,1,6,2,1,4,0,0,74,0,1,0,1,1,0,0,1,1,0,1,0,0
1849,23,71,1,2,8,50,1,0,2,1,2,0,2,64,0,1,1,0,1,0,0,1,1,0,0,0,1
1850,16,82,0,2,7,75,1,0,0,1,2,2,1,64,0,1,1,0,1,0,0,1,1,0,1,0,0
1851,31,69,1,0,9,81,1,2,1,1,2,1,0,67,1,0,0,1,0,1,0,1,1,0,1,0,0
1852,13,79,0,0,6,58,2,2,1,1,4,1,1,63,1,0,1,0,0,1,0,1,1,0,0,0,1
1853,26,73,2,1,7,53,0,3,1,2,5,0,1,68,0,1,0,1,0,1,0,1,1,0,0,1,0
1854,26,71,0,1,5,77,0,0,1,1,5,2,0,66,1,0,1,0,0,1,0,1,1,0,0,1,0
1855,16,99,0,2,7,77,2,0,0,1,3,0,1,68,0,1,1,0,0,1,0,1,0,1,0,1,0
1856,28,66,1,2,5,67,1,1,2,1,1,2,1,68,0,1,0,1,1,0,0,1,1,0,0,0,1
1857,18,91,1,1,7,94,1,3,0,1,2,0,0,69,0,1,0,1,1,0,0,1,1,0,0,1,0
1858,22,99,2,0,7,65,1,3,0,0,3,2,0,71,0,1,1,0,1,0,0,1,1,0,0,1,0
1859,22,61,0,2,7,76,1,1,2,1,3,1,0,65,0,1,1,0,0,1,0,1,1,0,0,0,1
1860,19,88,0,1,8,59,1,2,1,1,4,0,0,67,1,0,0,1,0,1,0,1,1,0,0,1,0
1861,25,70,1,1,7,51,1,1,2,1,4,1,0,65,0,1,1,0,1,0,0,1,1,0,1,0,0
1862,25,62,2,1,5,71,1,0,0,2,4,0,1,65,1,0,0,1,1,0,0,1,1,0,0,0,1
1864,28,97,1,1,7,88,2,2,1,1,2,0,1,74,1,0,1,0,0,1,0,1,1,0,0,1,0
1865,10,60,1,1,7,72,0,3,1,0,3,0,0,59,1,0,1,0,1,0,1,0,1,0,0,0,1
1866,26,84,1,1,7,64,0,2,2,2,3,0,0,69,1,0,1,0,1,0,0,1,1,0,0,1,0
1867,27,80,1,0,9,80,1,0,2,1,2,0,1,66,1,0,1,0,0,1,0,1,0,1,0,1,0
1868,13,95,1,1,7,69,1,1,0,0,2,2,1,66,0,1,1,0,0,1,0,1,0,1,0,0,1
1869,18,63,2,2,8,62,1,2,2,1,4,0,0,65,0,1,1,0,1,0,0,1,1,0,0,0,1
1870,13,87,2,1,4,96,0,3,0,0,3,1,0,67,1,0,1,0,0,1,0,1,0,1,0,1,0
1871,19,87,2,2,8,77,0,3,0,1,4,0,1,69,1,0,0,1,1,0,0,1,1,0,0,1,0
1872,18,87,1,0,10,60,2,2,1,1,3,0,0,68,0,1,1,0,0,1,0,1,1,0,0,0,1
1873,25,98,1,1,9,84,1,1,1,2,2,2,0,73,0,1,0,1,0,1,0,1,1,0,0,1,0
1874,28,93,0,2,6,90,1,1,0,1,2,0,0,71,0,1,1,0,0,1,0,1,0,1,0,0,1
1875,28,62,2,1,10,88,1,0,0,2,2,2,1,67,1,0,1,0,0,1,0,1,0,1,0,0,1
1876,17,79,1,1,7,80,0,1,2,2,3,1,0,67,0,1,1,0,0,1,0,1,1,0,0,0,1
1877,19,76,2,0,7,76,1,0,2,2,2,2,0,66,1,0,1,0,1,0,0,1,1,0,0,1,0
1878,10,72,1,0,7,89,1,3,1,1,4,1,0,63,0,1,1,0,1,0,0,1,1,0,1,0,0
1879,15,78,2,2,7,85,1,1,2,1,1,0,2,65,1,0,1,0,1,0,1,0,1,0,1,0,0
1880,26,75,1,0,4,79,1,2,2,1,1,1,0,67,1,0,1,0,0,1,0,1,1,0,1,0,0
1881,30,77,1,0,8,83,1,1,0,0,3,1,0,69,1,0,1,0,0,1,0,1,1,0,0,0,1
1882,13,99,1,1,7,58,1,1,0,1,2,0,0,67,1,0,1,0,0,1,0,1,1,0,0,1,0
1883,16,64,2,1,7,51,2,4,2,2,3,1,0,66,1,0,1,0,0,1,0,1,1,0,0,1,0
1884,20,97,2,2,7,97,0,2,1,2,4,0,1,74,0,1,0,1,0,1,0,1,1,0,0,1,0
1885,22,79,2,1,6,97,1,2,2,1,2,1,1,69,0,1,1,0,1,0,1,0,1,0,0,0,1
1886,15,85,0,1,7,89,2,0,1,1,4,1,1,66,0,1,1,0,0,1,0,1,1,0,1,0,0
1887,23,93,2,0,9,69,0,0,1,1,3,2,1,69,1,0,0,1,0,1,0,1,0,1,0,0,1
1888,17,74,1,1,8,58,0,1,2,1,2,1,2,63,1,0,1,0,0,1,0,1,1,0,0,1,0
1889,20,77,1,0,7,68,1,0,1,2,3,1,0,65,0,1,0,1,0,1,1,0,1,0,0,0,1
1890,23,76,0,1,7,86,0,1,0,1,4,1,2,64,1,0,0,1,1,0,1,0,1,0,0,0,1
1891,20,75,0,1,7,67,2,0,1,1,4,0,0,64,1,0,0,1,1,0,0,1,1,0,0,1,0
1892,17,97,0,2,6,90,0,2,1,0,2,0,1,69,1,0,1,0,0,1,0,1,1,0,1,0,0
1893,19,93,2,2,7,84,1,5,0,2,3,0,0,73,0,1,1,0,1,0,0,1,1,0,1,0,0
1894,19,64,1,1,8,81,2,1,1,1,3,0,1,62,1,0,1,0,0,1,0,1,0,1,1,0,0
1895,18,64,0,0,7,97,0,2,1,0,4,1,0,62,1,0,0,1,0,1,0,1,1,0,0,1,0
1896,18,77,1,1,6,95,2,0,1,2,2,2,1,68,0,1,0,1,0,1,0,1,1,0,0,0,1
1897,30,64,1,1,7,86,0,1,1,1,3,2,2,66,0,1,0,1,1,0,0,1,1,0,0,0,1
1898,23,85,0,2,8,60,2,2,1,1,1,1,1,68,0,1,1,0,0,1,0,1,0,1,0,0,1
1899,18,66,0,2,5,97,1,4,1,1,4,0,1,66,1,0,1,0,0,1,0,1,1,0,0,1,0
1900,24,81,0,1,6,61,0,3,1,1,3,2,0,69,1,0,1,0,0,1,0,1,1,0,0,0,1
1901,18,60,1,1,5,69,1,0,1,1,2,2,0,62,0,1,1,0,0,1,0,1,1,0,0,1,0
1902,27,73,0,1,7,91,1,2,2,1,4,1,2,68,0,1,1,0,1,0,0,1,1,0,0,1,0
1903,22,87,1,1,8,60,0,2,1,2,2,1,1,67,1,0,1,0,1,0,0,1,1,0,1,0,0
1904,19,79,0,1,9,82,1,1,0,1,4,0,0,65,1,0,0,1,1,0,0,1,1,0,0,1,0
1905,23,99,0,1,9,73,1,0,0,1,4,1,0,69,1,0,1,0,1,0,0,1,1,0,1,0,0
1906,11,95,1,1,6,81,2,2,0,0,3,0,0,67,1,0,1,0,1,0,0,1,1,0,0,0,1
1907,13,74,0,0,7,98,2,0,1,1,3,2,0,64,0,1,1,0,0,1,0,1,1,0,0,0,1
1908,13,62,0,1,6,90,1,3,2,2,3,2,0,62,0,1,0,1,0,1,1,0,0,1,0,1,0
1909,21,94,1,1,9,65,0,5,2,2,3,0,0,71,1,0,0,1,0,1,0,1,0,1,0,1,0
1910,30,96,1,2,9,53,1,0,1,1,3,0,0,72,1,0,0,1,0,1,1,0,1,0,0,1,0
1911,33,93,2,2,7,98,0,0,1,1,2,0,0,74,0,1,1,0,0,1,0,1,0,1,1,0,0
1912,24,65,0,2,6,79,0,1,1,2,2,2,0,66,1,0,1,0,1,0,0,1,1,0,0,1,0
1913,23,100,2,0,4,59,1,2,1,1,4,0,0,72,0,1,1,0,0,1,0,1,1,0,0,0,1
1914,9,70,2,1,5,81,1,1,2,2,4,2,0,65,0,1,0,1,1,0,0,1,1,0,0,1,0
1915,17,89,2,1,4,52,2,0,0,1,3,1,2,67,0,1,1,0,0,1,0,1,1,0,0,0,1
1916,15,96,1,2,5,59,2,2,1,2,2,0,0,70,1,0,0,1,0,1,0,1,1,0,0,1,0
1917,16,69,2,1,10,82,1,0,0,2,1,0,1,62,1,0,1,0,0,1,0,1,0,1,1,0,0
1918,19,96,0,0,5,70,2,0,0,1,2,0,2,66,1,0,1,0,0,1,0,1,1,0,0,0,1
1919,17,72,0,1,5,66,1,2,2,2,3,1,0,65,1,0,1,0,0,1,0,1,1,0,1,0,0
1920,8,99,0,2,6,83,2,2,1,2,4,2,0,70,1,0,1,0,0,1,0,1,0,1,0,0,1
1921,24,71,2,2,10,93,0,2,1,1,2,1,0,69,0,1,0,1,0,1,0,1,0,1,0,0,1
1922,14,98,1,1,7,84,0,3,2,1,3,0,0,70,0,1,1,0,0,1,0,1,1,0,0,1,0
1923,21,62,2,2,8,73,1,2,2,1,2,1,0,66,0,1,0,1,1,0,0,1,1,0,1,0,0
1924,32,88,1,0,7,83,0,1,0,2,4,2,0,73,1,0,0,1,0,1,0,1,1,0,0,0,1
1925,14,81,2,1,4,85,0,3,1,2,4,2,1,69,0,1,1,0,1,0,0,1,1,0,0,0,1
1926,5,79,2,2,9,89,0,3,1,1,3,1,0,66,0,1,0,1,0,1,0,1,1,0,0,1,0
1927,18,69,2,1,8,65,1,4,1,1,4,0,2,65,1,0,1,0,0,1,0,1,1,0,0,1,0
1928,27,88,1,0,7,56,2,2,0,1,4,2,0,70,0,1,1,0,1,0,0,1,1,0,0,1,0
1929,32,68,2,2,10,84,1,0,1,2,2,2,2,70,1,0,0,1,1,0,0,1,1,0,0,0,1
1930,13,82,2,1,6,56,2,2,0,2,4,2,0,67,1,0,1,0,1,0,0,1,1,0,0,1,0
1931,23,70,1,2,7,73,2,1,0,1,3,2,0,68,1,0,0,1,0,1,0,1,1,0,0,0,1
1932,17,98,1,0,6,62,0,1,1,1,2,1,0,68,0,1,0,1,0,1,0,1,1,0,0,1,0
1933,19,61,2,1,9,67,1,0,0,1,2,1,2,61,0,1,1,0,1,0,0,1,1,0,1,0,0
1934,36,68,1,1,8,74,2,2,1,1,3,0,0,70,1,0,1,0,0,1,0,1,1,0,1,0,0
1935,11,70,2,2,7,95,2,0,0,2,5,1,1,65,1,0,1,0,1,0,0,1,1,0,1,0,0
1936,22,77,0,1,5,84,1,3,2,1,2,0,1,66,1,0,1,0,0,1,1,0,1,0,0,0,1
1937,23,69,1,1,6,59,1,3,2,1,3,2,1,67,1,0,1,0,0,1,0,1,1,0,0,1,0
1938,27,80,0,0,5,94,2,3,2,1,3,0,0,69,1,0,1,0,0,1,0,1,1,0,1,0,0
1939,21,95,1,2,9,75,1,1,0,1,2,1,2,69,1,0,1,0,1,0,0,1,1,0,0,1,0
1940,22,88,1,1,5,60,0,1,0,1,2,0,1,67,1,0,1,0,0,1,0,1,1,0,0,1,0
1941,18,83,2,0,9,76,1,0,1,0,4,0,0,66,0,1,0,1,1,0,0,1,1,0,0,1,0
1942,22,64,0,1,9,60,1,1,2,2,2,0,0,63,1,0,0,1,0,1,0,1,1,0,0,1,0
1943,18,88,2,1,6,68,0,0,1,2,4,0,2,67,0,1,1,0,1,0,0,1,1,0,0,1,0
1944,24,67,2,0,6,90,1,0,0,1,1,1,2,64,1,0,1,0,0,1,0,1,1,0,0,1,0
1945,18,91,1,0,6,83,1,2,0,1,4,0,0,68,1,0,0,1,1,0,0,1,1,0,0,1,0
1946,22,70,1,2,8,74,0,2,0,2,2,0,1,65,1,0,1,0,0,1,0,1,1,0,1,0,0
1947,20,77,1,0,9,61,1,2,1,1,3,0,0,65,1,0,1,0,1,0,0,1,1,0,0,1,0
1948,27,74,1,0,9,64,2,1,0,1,3,0,0,65,1,0,1,0,0,1,1,0,1,0,0,1,0
1949,20,94,0,1,6,99,1,0,1,1,4,1,0,70,0,1,1,0,0,1,0,1,1,0,1,0,0
1950,9,65,1,2,9,67,1,1,2,1,3,0,0,62,0,1,1,0,0,1,0,1,1,0,0,1,0
1951,28,83,2,0,9,81,1,0,0,1,4,0,1,68,1,0,1,0,1,0,0,1,1,0,0,1,0
1952,15,66,0,2,7,75,0,0,2,2,3,1,0,62,1,0,1,0,0,1,0,1,1,0,1,0,0
1953,16,88,1,2,7,51,1,0,1,1,3,1,0,68,0,1,1,0,0,1,0,1,1,0,0,0,1
1954,16,96,2,1,9,97,1,0,1,2,5,1,0,72,1,0,0,1,0,1,0,1,1,0,0,1,0
1955,28,77,2,1,9,54,0,1,2,1,3,2,0,70,0,1,1,0,0,1,0,1,1,0,0,0,1
1956,7,80,2,1,9,83,0,3,1,1,3,0,2,62,0,1,1,0,1,0,1,0,1,0,0,1,0
1958,26,81,1,2,8,87,1,2,2,2,1,2,0,73,1,0,1,0,0,1,0,1,1,0,0,1,0
1959,21,80,2,2,7,90,2,1,0,0,2,1,2,68,1,0,1,0,0,1,0,1,1,0,1,0,0
1960,20,83,2,1,9,87,0,0,2,1,2,0,0,68,1,0,1,0,0,1,0,1,1,0,0,1,0
1961,22,88,1,1,10,72,1,2,0,2,2,0,1,69,0,1,1,0,0,1,0,1,1,0,0,1,0
1962,23,64,1,0,6,95,2,1,0,1,2,1,2,63,0,1,1,0,0,1,0,1,0,1,0,0,1
1963,24,93,1,1,7,96,1,5,2,1,4,2,0,74,0,1,1,0,0,1,1,0,1,0,1,0,0
1964,23,77,1,1,5,72,1,2,2,2,5,1,1,69,0,1,1,0,0,1,0,1,1,0,1,0,0
1965,21,63,1,0,8,74,1,0,0,1,3,0,0,61,0,1,1,0,1,0,0,1,1,0,1,0,0
1966,19,91,1,0,8,74,0,4,1,1,2,2,0,69,0,1,1,0,0,1,0,1,0,1,0,1,0
1967,19,75,1,0,6,64,2,2,0,1,3,0,0,64,0,1,1,0,1,0,0,1,1,0,0,1,0
1968,19,64,1,1,9,56,0,2,0,1,4,2,2,63,0,1,1,0,0,1,0,1,1,0,0,0,1
1969,27,85,0,2,6,63,0,1,0,1,2,1,0,68,1,0,1,0,1,0,0,1,1,0,1,0,0
1970,24,95,2,1,6,92,1,2,0,1,3,0,2,72,1,0,1,0,0,1,0,1,1,0,0,1,0
1971,2,96,0,2,9,77,1,3,1,1,2,0,2,65,0,1,1,0,0,1,0,1,1,0,0,1,0
1972,24,98,0,0,6,93,0,2,0,0,4,1,0,69,1,0,1,0,1,0,1,0,1,0,0,0,1
1973,21,95,1,0,5,87,0,2,1,1,4,0,0,70,1,0,0,1,1,0,0,1,1,0,0,1,0
1974,20,60,1,1,8,67,0,1,1,1,4,2,1,63,0,1,1,0,0,1,0,1,1,0,0,1,0
1975,18,75,0,1,7,59,0,0,1,1,2,0,0,62,0,1,1,0,0,1,0,1,0,1,0,0,1
1976,27,93,1,1,9,78,0,1,0,1,2,2,0,72,0,1,1,0,0,1,0,1,1,0,0,0,1
1977,26,75,2,2,8,97,1,1,0,1,4,0,2,69,1,0,1,0,1,0,0,1,1,0,0,1,0
1978,15,84,1,1,4,92,0,2,1,1,3,0,1,66,0,1,1,0,1,0,0,1,1,0,1,0,0
1979,22,84,1,1,9,88,1,2,0,2,4,2,0,71,1,0,0,1,0,1,0,1,1,0,0,1,0
1980,14,75,0,0,10,88,1,2,0,1,3,1,1,62,0,1,0,1,1,0,0,1,1,0,1,0,0
1981,12,96,1,0,9,76,1,2,1,2,2,0,0,68,1,0,1,0,0,1,0,1,1,0,0,0,1
1982,16,80,2,0,9,58,0,0,1,1,2,0,0,63,0,1,1,0,1,0,0,1,1,0,0,1,0
1983,25,79,1,1,7,64,1,0,0,1,3,1,2,66,0,1,1,0,0,1,0,1,1,0,0,1,0
1984,26,100,2,1,6,79,2,1,1,2,3,1,1,75,1,0,1,0,0,1,0,1,1,0,0,0,1
1985,23,80,1,0,7,66,2,1,2,2,4,1,0,69,0,1,0,1,0,1,0,1,1,0,0,0,1
1986,24,67,2,1,8,89,1,2,2,0,3,0,0,68,0,1,0,1,1,0,0,1,1,0,0,0,1
1987,23,81,2,1,8,69,1,5,1,1,2,0,1,69,1,0,1,0,1,0,0,1,1,0,1,0,0
1988,16,93,2,0,6,56,1,2,0,1,4,0,0,67,1,0,1,0,1,0,0,1,1,0,0,0,1
1989,23,91,2,1,6,89,1,3,1,1,3,2,0,73,1,0,0,1,0,1,0,1,1,0,1,0,0
1990,25,92,1,2,5,85,0,1,0,1,1,1,0,71,1,0,1,0,0,1,0,1,1,0,1,0,0
1991,25,88,2,1,8,63,1,2,2,1,3,0,1,71,0,1,1,0,0,1,0,1,1,0,0,0,1
1992,27,70,1,1,6,99,2,2,0,1,2,0,0,68,0,1,0,1,1,0,0,1,1,0,0,1,0
1993,24,94,2,0,7,70,1,1,2,1,1,0,0,70,1,0,1,0,1,0,0,1,1,0,0,1,0
1994,22,96,0,2,10,84,0,1,2,2,3,0,0,71,1,0,1,0,0,1,0,1,1,0,1,0,0
1995,26,68,1,2,8,96,2,1,1,2,2,0,0,69,1,0,1,0,1,0,0,1,1,0,0,1,0
1996,20,65,2,1,7,58,1,3,0,1,4,0,0,63,1,0,0,1,1,0,1,0,1,0,0,1,0
1997,15,99,0,1,8,94,1,2,1,1,3,2,0,71,1,0,0,1,0,1,0,1,1,0,0,1,0
1998,19,95,1,1,9,85,1,2,0,1,3,1,0,69,1,0,1,0,0,1,1,0,1,0,1,0,0
1999,16,96,2,1,5,58,1,2,2,0,5,2,1,71,1,0,1,0,0,1,0,1,1,0,0,0,1
2000,16,95,1,0,6,83,0,2,0,2,3,0,0,68,0,1,0,1,1,0,0,1,1,0,0,1,0
2001,19,82,1,1,7,94,1,1,1,1,3,0,0,68,0,1,1,0,1,0,0,1,1,0,0,0,1
2002,15,86,1,0,6,90,1,0,1,2,3,2,2,66,1,0,1,0,1,0,0,1,1,0,0,1,0
2003,18,82,1,1,7,88,1,3,0,1,3,1,1,67,0,1,1,0,1,0,0,1,1,0,1,0,0
2004,9,62,0,2,5,58,0,0,1,2,5,1,1,59,0,1,0,1,0,1,0,1,1,0,0,0,1
2005,21,90,0,1,8,60,1,1,0,1,2,1,0,66,0,1,1,0,1,0,0,1,1,0,1,0,0
2006,20,80,0,0,6,77,0,0,1,2,3,0,0,64,1,0,0,1,1,0,0,1,1,0,1,0,0
2007,15,86,1,1,7,79,1,1,0,1,3,0,1,64,0,1,1,0,1,0,0,1,0,1,0,1,0
2008,24,80,1,2,7,97,1,0,0,2,4,0,1,69,0,1,0,1,0,1,0,1,1,0,0,1,0
2009,26,80,2,0,8,73,2,1,1,1,3,0,0,69,1,0,1,0,1,0,0,1,1,0,0,1,0
2010,10,67,1,1,4,65,1,3,1,1,3,0,0,61,1,0,1,0,1,0,1,0,1,0,0,0,1
2011,15,71,2,2,8,60,1,0,0,2,3,0,2,62,0,1,0,1,1,0,0,1,1,0,1,0,0
2012,15,66,0,1,7,53,1,2,1,2,3,1,0,61,0,1,1,0,1,0,0,1,1,0,1,0,0
2013,14,68,1,1,8,53,2,1,1,2,2,1,0,63,0,1,0,1,0,1,0,1,1,0,0,0,1
2014,25,99,1,0,5,79,0,2,0,1,4,1,0,71,0,1,1,0,1,0,0,1,1,0,0,0,1
2015,19,66,2,2,8,59,1,1,1,0,2,2,1,65,0,1,1,0,0,1,0,1,1,0,0,0,1
2016,18,71,2,2,9,93,1,1,0,2,4,1,1,68,1,0,0,1,0,1,0,1,1,0,0,1,0
2017,8,84,2,2,7,80,1,1,2,2,4,0,1,67,1,0,1,0,1,0,0,1,1,0,0,0,1
2018,24,84,0,2,6,93,2,2,0,1,1,0,0,70,0,1,1,0,0,1,0,1,1,0,0,1,0
2019,13,66,2,1,6,71,1,3,1,1,3,0,0,64,1,0,1,0,0,1,0,1,1,0,0,1,0
2020,20,92,1,2,8,80,2,0,1,1,3,1,0,71,1,0,0,1,1,0,0,1,1,0,0,1,0
2021,22,91,2,1,8,76,0,2,1,1,3,1,1,71,0,1,1,0,0,1,0,1,1,0,0,1,0
2022,28,69,1,2,8,99,0,0,2,1,3,0,1,67,0,1,0,1,1,0,0,1,1,0,1,0,0
2023,12,72,1,0,7,90,1,0,2,1,3,2,2,63,1,0,1,0,0,1,0,1,1,0,0,0,1
2024,2,98,0,2,7,80,2,2,0,2,1,0,0,66,1,0,1,0,0,1,0,1,1,0,0,1,0
2025,21,93,1,0,7,80,1,3,2,1,1,0,1,70,1,0,1,0,0,1,0,1,1,0,0,1,0
2026,31,88,1,0,6,62,1,2,0,1,4,0,0,70,1,0,0,1,1,0,0,1,1,0,0,0,1
2027,27,63,0,1,8,87,1,3,0,2,3,0,0,67,0,1,0,1,0,1,0,1,1,0,0,0,1
2028,21,77,0,1,7,99,2,3,1,2,3,2,0,69,1,0,1,0,1,0,0,1,1,0,0,1,0
2029,17,82,2,0,9,56,0,3,2,1,2,0,0,66,0,1,1,0,1,0,0,1,1,0,0,0,1
2030,25,67,1,2,9,82,1,1,1,1,3,2,2,67,0,1,1,0,1,0,0,1,1,0,0,0,1
2031,14,78,2,1,7,76,1,0,2,1,2,1,0,65,0,1,1,0,0,1,0,1,0,1,1,0,0
2032,23,84,2,2,8,93,1,1,2,1,3,2,2,72,1,0,1,0,0,1,0,1,1,0,0,0,1
2033,23,73,2,2,6,50,1,1,1,1,3,1,0,68,1,0,1,0,1,0,0,1,1,0,0,0,1
2034,26,91,2,1,7,57,0,3,1,1,3,1,0,72,1,0,1,0,0,1,0,1,1,0,1,0,0
2036,22,73,1,0,5,58,1,4,0,1,3,1,0,65,0,1,1,0,0,1,0,1,0,1,0,0,1
2037,17,94,0,1,8,85,1,1,1,0,4,0,0,68,1,0,1,0,1,0,0,1,1,0,0,0,1
2038,20,64,1,1,6,57,1,3,0,2,4,1,0,65,0,1,1,0,0,1,0,1,1,0,0,1,0
2039,9,94,1,1,6,81,0,0,0,2,3,0,0,66,1,0,1,0,0,1,0,1,1,0,0,0,1
2040,16,66,0,1,6,93,1,7,0,1,2,0,2,63,1,0,1,0,1,0,0,1,1,0,1,0,0
2041,18,63,1,0,7,52,1,2,2,2,3,2,1,63,0,1,1,0,1,0,0,1,1,0,0,0,1
2042,17,86,1,1,5,51,1,2,0,1,2,2,1,66,1,0,0,1,0,1,0,1,1,0,0,1,0
2043,21,79,2,0,8,99,1,2,0,2,4,0,0,69,1,0,1,0,0,1,0,1,1,0,0,0,1
2044,15,96,1,2,7,84,2,3,1,0,1,2,0,72,1,0,1,0,0,1,0,1,1,0,0,0,1
2045,27,75,1,0,10,57,1,3,2,0,3,0,0,66,1,0,1,0,0,1,0,1,1,0,1,0,0
2046,20,71,1,1,7,65,1,2,1,1,4,0,1,64,0,1,1,0,0,1,1,0,1,0,1,0,0
2047,20,80,1,0,8,99,0,0,0,2,3,0,0,67,1,0,0,1,0,1,0,1,1,0,0,0,1
2048,18,78,2,2,6,61,0,1,0,1,5,0,0,67,1,0,0,1,0,1,0,1,1,0,0,0,1
2049,21,74,0,1,5,88,1,1,1,2,1,1,0,66,1,0,1,0,0,1,0,1,1,0,0,1,0
2050,25,88,1,0,8,62,0,2,0,1,2,0,0,68,0,1,1,0,0,1,0,1,1,0,0,1,0
2051,15,90,1,1,5,70,1,0,1,1,2,0,1,65,1,0,0,1,1,0,0,1,1,0,0,1,0
2052,16,94,1,2,8,94,2,2,0,2,3,0,0,71,1,0,0,1,0,1,0,1,1,0,1,0,0
2053,18,99,1,2,10,51,1,1,1,0,4,2,0,71,1,0,1,0,0,1,0,1,1,0,0,1,0
2054,12,71,1,1,8,65,1,1,1,2,2,0,1,62,1,0,0,1,0,1,0,1,1,0,0,1,0
2055,15,89,1,2,8,74,0,2,1,2,2,1,0,69,1,0,1,0,0,1,0,1,1,0,0,0,1
2056,17,76,1,0,7,81,0,4,2,1,2,0,0,65,1,0,0,1,1,0,0,1,1,0,0,1,0
2057,25,87,2,0,6,51,0,3,1,1,3,2,0,70,1,0,1,0,1,0,0,1,1,0,0,1,0
2058,22,79,1,1,7,71,1,2,0,1,2,1,1,66,1,0,0,1,0,1,0,1,1,0,0,1,0
2059,21,100,1,1,6,67,1,0,2,1,3,0,2,70,1,0,1,0,1,0,0,1,1,0,0,0,1
2060,25,89,1,2,5,51,0,2,1,2,2,2,1,70,0,1,0,1,1,0,0,1,1,0,1,0,0
2061,19,98,0,2,7,68,1,1,0,1,4,0,1,69,0,1,0,1,0,1,0,1,1,0,0,1,0
2062,22,93,2,0,9,97,1,2,1,1,3,0,0,71,1,0,1,0,0,1,0,1,0,1,0,1,0
2063,19,96,1,1,5,64,1,1,1,1,3,0,0,69,1,0,1,0,1,0,0,1,1,0,0,1,0
2064,22,93,2,1,9,79,1,2,1,2,2,2,0,73,0,1,1,0,1,0,0,1,1,0,0,0,1
2065,17,78,1,1,9,65,0,1,1,2,4,0,1,65,0,1,1,0,0,1,0,1,1,0,0,1,0
2066,5,70,2,2,8,55,1,3,0,1,3,0,0,62,1,0,1,0,0,1,0,1,1,0,0,1,0
2067,19,75,1,2,8,64,1,2,2,0,5,2,1,67,0,1,1,0,1,0,0,1,1,0,1,0,0
2068,29,61,0,1,7,74,2,1,1,1,3,2,1,65,1,0,1,0,0,1,0,1,1,0,0,1,0
2069,26,81,0,1,7,65,0,1,1,1,3,0,2,65,1,0,1,0,1,0,0,1,1,0,0,1,0
2070,26,80,1,2,6,81,1,0,1,1,2,1,0,70,0,1,1,0,0,1,0,1,1,0,0,1,0
2071,27,81,1,1,7,97,0,1,1,1,2,1,0,70,0,1,1,0,0,1,0,1,1,0,0,1,0
2072,21,99,1,2,7,53,1,0,1,0,4,2,0,71,0,1,1,0,0,1,0,1,1,0,0,1,0
2073,21,96,2,0,10,86,0,1,0,2,3,1,0,71,1,0,1,0,1,0,0,1,1,0,0,1,0
2074,16,66,1,1,8,50,0,1,1,2,4,0,1,62,1,0,1,0,0,1,0,1,1,0,0,1,0
2075,18,75,1,0,7,50,1,4,0,1,2,2,0,65,0,1,1,0,1,0,0,1,1,0,0,0,1
2077,27,74,1,1,6,74,1,2,1,2,2,1,2,68,1,0,1,0,0,1,0,1,1,0,0,1,0
2078,19,92,2,1,6,52,1,3,2,1,1,0,0,70,1,0,1,0,0,1,0,1,1,0,0,0,1
2079,17,81,1,2,8,86,1,1,1,1,3,2,0,68,1,0,0,1,1,0,0,1,1,0,0,1,0
2080,20,83,1,1,6,51,1,2,0,2,4,2,0,67,1,0,1,0,1,0,0,1,1,0,1,0,0
2081,24,94,0,1,6,75,0,1,0,2,4,0,0,69,0,1,1,0,0,1,0,1,1,0,1,0,0
2082,11,92,2,2,6,84,1,2,0,0,1,0,0,68,0,1,1,0,0,1,0,1,1,0,1,0,0
2083,6,65,2,2,6,62,1,3,0,0,1,0,0,59,1,0,1,0,1,0,1,0,1,0,0,1,0
2084,17,89,2,0,9,79,1,0,1,1,2,1,0,67,0,1,1,0,0,1,1,0,1,0,0,0,1
2085,13,77,1,2,7,63,0,0,2,0,1,0,1,63,1,0,1,0,0,1,0,1,1,0,0,0,1
2086,17,72,2,2,7,61,0,1,1,1,4,0,0,65,0,1,1,0,0,1,0,1,1,0,1,0,0
2087,19,62,1,1,7,91,0,1,0,1,3,1,0,63,1,0,1,0,1,0,0,1,1,0,0,0,1
2088,17,79,1,1,7,67,0,1,0,1,3,0,0,64,0,1,0,1,1,0,0,1,1,0,0,0,1
2089,29,74,2,1,6,91,2,3,0,2,4,1,2,72,0,1,1,0,0,1,0,1,1,0,0,0,1
2090,22,70,0,1,5,61,2,1,0,1,3,1,1,63,1,0,1,0,0,1,0,1,1,0,1,0,0
2091,22,88,1,1,9,68,1,2,1,1,2,0,0,66,1,0,1,0,1,0,1,0,0,1,0,1,0
2092,24,91,1,1,8,55,0,0,1,0,2,1,1,67,0,1,0,1,0,1,0,1,1,0,0,1,0
2093,13,70,2,2,8,75,2,1,2,1,2,2,1,66,1,0,1,0,0,1,0,1,0,1,0,0,1
2094,26,62,1,1,8,69,1,2,1,2,3,1,1,66,0,1,1,0,0,1,0,1,1,0,0,0,1
2095,20,94,1,1,10,50,0,1,0,2,4,2,0,68,0,1,0,1,0,1,0,1,0,1,1,0,0
2096,24,60,2,2,6,73,1,1,0,1,5,2,1,66,1,0,0,1,1,0,0,1,1,0,0,0,1
2097,14,97,1,1,5,54,1,3,1,1,2,1,0,68,0,1,1,0,0,1,0,1,1,0,1,0,0
2098,11,85,1,1,8,92,0,2,1,1,4,0,2,65,0,1,1,0,0,1,0,1,1,0,1,0,0
2099,25,73,1,1,5,75,0,0,1,1,2,1,0,67,0,1,0,1,0,1,0,1,1,0,0,0,1
2100,22,70,2,0,7,85,1,0,2,1,3,0,2,64,1,0,0,1,1,0,0,1,1,0,1,0,0
2101,15,60,0,2,7,91,0,0,0,1,2,1,2,59,1,0,0,1,1,0,0,1,1,0,1,0,0
2102,15,69,1,1,8,53,0,0,2,1,3,0,0,60,1,0,0,1,0,1,1,0,1,0,1,0,0
2103,27,66,0,2,6,67,0,1,2,2,4,1,2,65,0,1,1,0,1,0,0,1,1,0,1,0,0
2104,13,84,1,1,9,51,2,0,0,1,4,0,0,64,0,1,1,0,0,1,0,1,1,0,1,0,0
2105,30,67,1,2,6,52,1,1,0,1,1,0,0,66,0,1,1,0,1,0,0,1,1,0,0,1,0
2106,15,81,1,1,8,52,1,0,1,1,2,2,0,65,1,0,1,0,0,1,0,1,1,0,0,1,0
2107,24,84,1,1,6,74,1,2,1,2,2,0,2,69,1,0,1,0,0,1,0,1,1,0,0,0,1
2108,18,72,2,2,8,73,1,0,1,1,4,0,0,66,0,1,0,1,0,1,0,1,0,1,0,0,1
2109,24,61,2,1,5,53,1,1,0,2,5,1,0,65,0,1,0,1,0,1,0,1,1,0,0,1,0
2110,17,61,2,1,7,63,0,1,1,1,4,1,1,62,0,1,1,0,1,0,0,1,1,0,0,0,1
2111,19,61,1,0,9,62,1,2,1,1,2,0,2,60,0,1,1,0,1,0,0,1,1,0,0,1,0
2112,20,90,0,1,7,65,0,4,0,2,4,1,1,68,0,1,1,0,1,0,1,0,1,0,0,0,1
2113,14,73,1,2,9,82,1,1,1,1,3,0,0,64,0,1,1,0,0,1,0,1,1,0,1,0,0
2114,24,92,2,2,7,85,2,0,1,1,3,1,0,73,0,1,1,0,1,0,0,1,1,0,0,0,1
2115,17,77,1,1,6,67,0,1,0,1,1,1,0,64,1,0,1,0,0,1,0,1,1,0,0,0,1
2116,19,78,2,2,7,89,1,2,1,1,4,0,1,69,0,1,1,0,1,0,0,1,1,0,0,1,0
2117,14,81,0,1,8,71,0,1,0,2,3,2,0,63,0,1,1,0,1,0,0,1,0,1,0,1,0
2118,5,89,1,1,4,76,2,2,1,1,3,1,0,65,1,0,1,0,0,1,0,1,1,0,0,1,0
2119,19,71,1,1,8,57,1,2,1,2,4,0,1,65,1,0,1,0,1,0,0,1,1,0,0,0,1
2120,34,65,1,1,6,62,2,0,1,2,3,0,0,67,1,0,1,0,0,1,0,1,1,0,1,0,0
2121,25,82,1,1,5,86,1,0,0,0,4,0,0,67,1,0,1,0,0,1,1,0,1,0,0,0,1
2122,20,73,1,1,8,99,0,1,1,1,3,0,0,66,1,0,0,1,1,0,0,1,1,0,0,0,1
2123,18,78,1,2,9,85,2,1,0,2,2,2,0,68,1,0,0,1,0,1,0,1,1,0,1,0,0
2124,20,86,1,0,7,53,1,1,0,2,2,0,0,65,1,0,1,0,0,1,0,1,1,0,1,0,0
2125,23,80,0,0,5,57,1,1,0,1,4,2,0,66,1,0,1,0,0,1,0,1,1,0,0,1,0
2126,13,85,2,0,6,72,1,2,0,1,1,1,1,66,0,1,1,0,0,1,0,1,1,0,0,0,1
2127,27,82,1,1,6,87,0,2,0,2,2,0,0,69,1,0,1,0,0,1,1,0,1,0,0,0,1
2128,24,90,1,1,7,58,1,2,0,1,2,2,0,70,1,0,0,1,1,0,0,1,1,0,0,1,0
2129,24,88,1,0,7,88,1,2,1,2,2,2,1,71,1,0,0,1,0,1,0,1,1,0,0,1,0
2130,23,81,2,1,8,78,2,4,0,0,3,0,1,70,1,0,1,0,1,0,0,1,1,0,0,0,1
2131,20,87,1,1,8,89,0,2,1,1,3,0,1,68,1,0,1,0,1,0,0,1,1,0,0,1,0
2132,24,95,2,2,8,78,1,2,0,2,2,2,2,73,0,1,1,0,0,1,0,1,1,0,1,0,0
2133,24,77,1,2,8,80,2,1,0,2,2,0,1,68,0,1,1,0,1,0,0,1,0,1,0,0,1
2134,18,77,1,1,7,62,0,2,2,1,4,1,0,66,1,0,0,1,0,1,0,1,1,0,0,1,0
2135,17,91,1,0,10,86,0,1,1,1,3,2,1,67,0,1,1,0,0,1,0,1,0,1,0,1,0
2136,21,83,1,0,8,92,0,2,1,1,4,0,0,66,1,0,0,1,0,1,0,1,0,1,1,0,0
2137,29,63,1,2,8,94,1,0,1,2,2,2,0,69,0,1,0,1,0,1,0,1,1,0,0,0,1
2138,13,96,1,1,10,51,1,1,0,0,3,2,0,67,0,1,1,0,1,0,0,1,1,0,0,0,1
2139,11,61,1,0,7,81,2,5,1,0,4,0,0,61,1,0,1,0,0,1,0,1,0,1,0,0,1
2140,21,90,1,1,6,99,1,2,0,1,3,1,0,70,0,1,0,1,1,0,0,1,1,0,1,0,0
2141,20,90,2,2,9,79,1,2,0,1,2,0,0,70,0,1,1,0,1,0,0,1,1,0,1,0,0
2142,21,98,1,1,9,59,2,3,1,1,3,1,0,70,0,1,1,0,0,1,1,0,0,1,0,1,0
2143,21,62,1,1,7,94,0,1,0,2,3,1,1,64,0,1,0,1,1,0,0,1,1,0,0,0,1
2144,19,84,2,1,10,63,1,0,0,1,3,1,2,65,0,1,1,0,1,0,0,1,1,0,1,0,0
2145,29,77,1,1,7,52,1,5,0,1,4,1,0,70,0,1,1,0,1,0,0,1,1,0,0,0,1
2146,10,73,0,2,8,72,0,1,0,2,2,1,1,62,0,1,1,0,0,1,0,1,1,0,0,0,1
2147,15,64,2,2,9,55,2,1,1,0,3,1,0,64,0,1,1,0,0,1,0,1,1,0,0,1,0
2148,19,83,1,2,7,56,1,1,1,0,3,1,2,67,0,1,0,1,0,1,0,1,1,0,0,0,1
2149,10,79,2,1,8,73,2,1,0,0,4,0,0,63,0,1,1,0,1,0,1,0,1,0,0,1,0
2150,19,64,0,1,9,81,2,0,1,2,3,0,0,62,1,0,1,0,0,1,0,1,0,1,0,1,0
2151,30,84,0,1,6,95,1,2,2,2,2,1,0,72,1,0,1,0,1,0,0,1,1,0,1,0,0
2152,20,90,0,1,6,85,2,3,0,2,2,1,0,69,1,0,0,1,1,0,1,0,1,0,0,1,0
2153,21,91,1,2,9,92,1,5,0,1,2,0,0,72,1,0,0,1,0,1,0,1,1,0,1,0,0
2154,12,96,0,1,7,71,2,2,1,1,2,1,0,68,1,0,0,1,0,1,0,1,1,0,0,0,1
2155,16,76,0,1,6,66,0,1,1,1,3,2,0,64,0,1,0,1,1,0,0,1,1,0,0,1,0
2156,18,98,2,2,7,80,0,3,0,1,1,1,0,72,0,1,0,1,0,1,0,1,1,0,0,1,0
2157,18,95,2,2,8,85,0,2,0,2,3,1,0,73,0,1,1,0,0,1,0,1,1,0,0,0,1
2158,28,72,2,1,5,78,0,5,1,0,2,1,2,67,1,0,0,1,0,1,1,0,1,0,1,0,0
2159,23,66,2,0,8,63,1,0,0,1,4,1,0,64,0,1,1,0,0,1,0,1,1,0,1,0,0
2160,13,77,1,1,8,68,0,3,2,1,3,0,0,65,0,1,0,1,0,1,0,1,1,0,0,1,0
2161,21,76,2,2,9,72,0,1,0,2,3,0,1,67,0,1,1,0,0,1,0,1,1,0,0,1,0
2162,23,83,1,1,7,51,0,3,1,2,2,1,1,68,1,0,1,0,0,1,0,1,1,0,0,1,0
2163,27,83,1,2,9,94,1,2,0,2,2,0,0,72,1,0,1,0,0,1,0,1,1,0,0,0,1
2164,29,90,2,0,7,76,0,1,1,0,3,0,1,71,0,1,1,0,0,1,0,1,1,0,0,0,1
2165,14,80,1,1,7,88,1,1,1,1,3,0,0,66,1,0,0,1,0,1,0,1,1,0,0,1,0
2166,15,64,2,1,7,59,0,0,0,1,3,0,0,59,0,1,1,0,1,0,0,1,0,1,0,1,0
2167,12,94,1,1,10,78,1,1,1,2,2,0,0,68,0,1,1,0,0,1,0,1,1,0,0,1,0
2168,19,72,0,2,5,96,0,3,0,0,2,0,1,64,0,1,1,0,0,1,1,0,1,0,0,0,1
2169,23,99,0,1,8,61,0,2,2,2,3,0,0,70,0,1,0,1,1,0,0,1,0,1,0,0,1
2170,26,65,0,1,7,67,1,4,2,1,3,0,1,65,0,1,0,1,0,1,0,1,1,0,1,0,0
2171,20,98,2,1,7,69,2,2,2,2,2,1,0,72,0,1,1,0,0,1,1,0,1,0,1,0,0
2172,18,64,2,2,8,69,1,3,2,1,3,1,1,66,1,0,1,0,1,0,0,1,1,0,0,0,1
2173,21,69,1,1,9,80,2,2,1,2,5,1,0,68,1,0,1,0,0,1,0,1,1,0,0,0,1
2174,15,62,1,2,8,70,1,1,0,1,3,1,0,62,1,0,0,1,1,0,0,1,1,0,0,0,1
2175,33,88,1,0,9,84,1,1,0,1,3,0,0,70,1,0,1,0,1,0,0,1,1,0,1,0,0
2176,10,94,2,1,7,74,2,3,2,1,3,1,1,70,1,0,1,0,0,1,0,1,1,0,0,0,1
2177,21,77,1,0,7,58,1,0,0,2,3,1,0,64,1,0,1,0,0,1,0,1,1,0,1,0,0
2179,20,84,1,1,10,62,2,1,1,1,2,1,1,67,1,0,1,0,0,1,0,1,1,0,0,1,0
2180,19,85,2,2,7,78,0,2,0,2,3,1,0,69,1,0,0,1,1,0,0,1,1,0,1,0,0
2181,18,94,1,0,7,53,1,4,1,2,3,0,2,68,0,1,1,0,0,1,0,1,1,0,0,0,1
2182,19,72,1,1,8,96,0,1,1,2,2,2,1,67,0,1,1,0,0,1,0,1,1,0,0,0,1
2183,28,74,1,1,9,96,0,0,2,2,3,0,0,69,0,1,0,1,0,1,0,1,1,0,0,1,0
2184,7,96,2,1,6,68,1,2,0,2,1,0,0,67,0,1,1,0,0,1,0,1,1,0,0,1,0
2185,29,96,2,2,9,56,0,0,0,2,4,0,0,73,1,0,0,1,0,1,0,1,1,0,0,1,0
2186,11,99,1,2,7,88,2,4,1,0,3,1,0,71,1,0,0,1,0,1,1,0,1,0,0,1,0
2187,18,96,1,0,9,63,1,4,0,1,3,2,0,70,1,0,0,1,1,0,0,1,1,0,0,1,0
2188,17,65,2,1,6,85,1,1,0,1,3,0,0,65,1,0,0,1,0,1,0,1,1,0,0,1,0
2189,24,93,2,1,8,96,1,0,1,1,1,2,1,73,1,0,1,0,0,1,0,1,1,0,0,0,1
2190,10,76,1,1,7,80,1,1,0,2,4,2,0,65,0,1,1,0,0,1,0,1,1,0,0,0,1
2191,23,100,0,1,5,93,1,4,0,1,3,2,1,73,1,0,0,1,0,1,0,1,1,0,0,1,0
2192,32,79,0,2,5,61,1,0,0,2,3,1,0,70,1,0,1,0,0,1,0,1,1,0,0,0,1
2193,12,82,2,1,6,96,2,0,0,0,4,1,0,66,1,0,0,1,0,1,0,1,0,1,0,0,1
2194,21,81,0,1,8,61,2,3,1,0,5,0,1,66,0,1,1,0,0,1,0,1,1,0,1,0,0
2195,16,73,1,1,4,61,0,4,0,2,5,0,1,64,1,0,0,1,0,1,0,1,1,0,0,1,0
2196,23,63,1,1,8,94,2,2,1,1,5,2,0,68,1,0,1,0,0,1,0,1,1,0,0,1,0
2197,20,96,1,1,7,78,1,1,2,2,2,0,0,70,1,0,1,0,1,0,0,1,1,0,0,1,0
2198,16,92,1,1,4,90,2,6,2,1,3,0,0,72,1,0,0,1,0,1,0,1,1,0,0,1,0
2199,23,66,1,2,6,90,1,2,0,1,3,0,0,66,1,0,1,0,1,0,0,1,1,0,0,1,0
2200,31,91,1,1,6,82,1,2,1,2,3,0,0,74,1,0,1,0,0,1,0,1,1,0,0,0,1
2201,19,85,2,1,7,59,0,0,1,2,4,1,1,67,1,0,0,1,1,0,0,1,1,0,1,0,0
2202,24,76,2,2,9,85,1,2,0,1,2,2,0,71,0,1,0,1,0,1,0,1,1,0,0,0,1
2203,12,70,0,2,9,53,1,2,0,1,2,0,0,60,1,0,1,0,0,1,0,1,0,1,0,1,0
2204,14,94,0,1,6,60,1,3,2,1,3,1,0,68,0,1,1,0,1,0,0,1,1,0,0,1,0
2205,23,88,1,1,6,82,1,0,1,1,3,1,0,69,1,0,0,1,1,0,0,1,1,0,1,0,0
2206,29,82,2,2,5,95,1,2,1,2,3,1,0,74,1,0,1,0,1,0,0,1,1,0,0,1,0
2207,22,84,2,1,6,89,1,2,1,1,3,0,0,71,1,0,1,0,0,1,0,1,1,0,0,1,0
2208,18,64,2,1,6,67,2,0,0,1,4,1,0,63,1,0,0,1,0,1,0,1,1,0,1,0,0
2209,20,79,2,0,7,91,2,2,0,1,4,1,1,66,1,0,0,1,0,1,1,0,0,1,1,0,0
2210,12,68,1,2,7,98,1,1,1,2,4,0,0,65,1,0,0,1,1,0,0,1,1,0,0,1,0
2211,24,68,0,0,6,67,2,0,0,2,3,0,2,60,0,1,0,1,1,0,1,0,0,1,0,0,1
2212,25,86,1,0,6,59,1,3,0,1,3,0,0,69,0,1,1,0,0,1,0,1,1,0,0,0,1
2213,17,96,2,1,6,60,1,1,0,1,3,1,0,69,0,1,1,0,1,0,0,1,1,0,0,1,0
2214,17,76,1,2,6,70,0,2,2,1,4,2,1,67,1,0,1,0,0,1,0,1,1,0,0,1,0
2215,22,68,2,1,9,53,2,1,1,1,2,0,1,65,0,1,1,0,0,1,0,1,1,0,0,1,0
2216,17,86,2,2,8,74,1,1,0,2,4,1,0,70,1,0,0,1,0,1,0,1,1,0,0,1,0
2217,20,95,2,1,8,87,0,0,0,1,3,2,1,71,0,1,0,1,0,1,0,1,1,0,0,0,1
2218,33,90,0,1,9,77,1,3,1,2,6,2,1,73,1,0,1,0,0,1,0,1,0,1,1,0,0
2219,19,95,0,2,8,99,1,0,0,1,2,2,1,70,1,0,1,0,0,1,0,1,1,0,0,1,0
2220,18,81,2,0,9,73,2,1,1,2,2,0,0,67,0,1,1,0,0,1,0,1,1,0,0,1,0
2221,16,90,0,2,8,51,1,1,2,1,5,0,1,67,0,1,1,0,0,1,0,1,1,0,0,1,0
2222,24,66,0,2,7,74,1,0,2,2,2,1,1,65,1,0,1,0,1,0,0,1,1,0,0,1,0
2223,19,74,2,2,6,96,1,2,2,1,3,1,0,69,1,0,1,0,0,1,0,1,1,0,0,1,0
2224,16,76,2,2,6,55,1,1,0,1,1,2,0,65,1,0,1,0,0,1,1,0,1,0,0,0,1
2225,28,80,1,2,8,61,0,1,0,1,3,1,2,68,0,1,0,1,0,1,0,1,1,0,1,0,0
2226,29,97,2,1,7,86,1,0,1,1,3,1,0,74,0,1,1,0,1,0,0,1,1,0,0,0,1
2227,16,95,0,1,5,65,2,0,1,1,3,1,0,68,0,1,0,1,0,1,0,1,1,0,0,1,0
2228,9,65,1,1,4,88,0,1,0,1,3,1,0,61,1,0,1,0,1,0,0,1,1,0,0,0,1
2229,26,67,1,0,10,71,2,3,0,1,3,2,0,67,1,0,1,0,0,1,0,1,1,0,0,1,0
2230,16,74,2,2,6,90,1,1,0,1,4,0,0,66,0,1,0,1,0,1,0,1,0,1,1,0,0
2231,25,72,0,0,6,78,0,8,1,2,4,0,0,69,1,0,1,0,0,1,0,1,1,0,0,0,1
2232,8,85,1,0,9,54,0,1,0,2,3,0,0,62,1,0,0,1,0,1,0,1,1,0,0,0,1
2233,25,96,1,2,5,69,0,0,0,1,4,0,1,71,1,0,1,0,0,1,0,1,1,0,0,1,0
2234,13,98,2,2,8,67,1,1,1,1,4,2,1,71,0,1,0,1,0,1,0,1,1,0,0,0,1
2235,24,86,1,2,10,91,0,0,0,2,4,1,0,72,0,1,0,1,0,1,0,1,1,0,0,0,1
2236,20,94,1,2,10,81,0,1,1,2,5,0,2,69,0,1,1,0,0,1,0,1,0,1,0,1,0
2237,14,81,0,1,6,89,1,6,0,2,3,1,0,67,0,1,0,1,1,0,1,0,1,0,0,1,0
2238,18,68,1,2,7,69,1,1,0,2,4,0,1,63,0,1,1,0,1,0,0,1,0,1,0,1,0
2239,24,81,1,1,6,85,1,1,1,2,4,1,1,68,1,0,1,0,0,1,1,0,1,0,0,1,0
2240,21,82,2,2,7,53,0,0,2,1,2,2,0,69,1,0,1,0,0,1,0,1,1,0,0,0,1
2241,24,90,1,0,9,52,0,0,0,1,3,1,0,65,0,1,1,0,0,1,0,1,0,1,1,0,0
2242,32,69,2,2,5,64,1,0,1,1,3,2,0,70,0,1,1,0,0,1,0,1,1,0,1,0,0
2243,11,75,1,1,8,89,1,2,2,2,4,1,1,65,1,0,0,1,1,0,0,1,1,0,0,0,1
2244,30,75,1,1,7,77,1,0,0,1,2,0,1,67,1,0,1,0,1,0,0,1,1,0,0,0,1
2245,21,98,1,2,9,70,1,0,0,2,1,1,0,72,1,0,1,0,0,1,0,1,1,0,0,0,1
2246,15,78,1,2,9,95,2,1,2,2,3,0,0,69,1,0,1,0,0,1,0,1,1,0,0,0,1
2247,12,90,2,2,6,75,0,2,1,1,3,2,0,69,1,0,1,0,0,1,1,0,1,0,0,1,0
2248,19,90,2,0,7,81,1,4,2,2,4,1,0,71,0,1,1,0,1,0,0,1,0,1,0,1,0
2249,26,71,1,0,8,99,1,1,1,2,3,0,2,67,1,0,1,0,0,1,0,1,1,0,0,0,1
2250,19,83,0,0,8,76,0,3,0,0,3,2,0,65,0,1,1,0,1,0,0,1,1,0,0,1,0
2251,29,96,0,0,4,89,1,2,0,2,2,0,2,70,0,1,1,0,1,0,0,1,1,0,0,1,0
2252,11,79,1,1,8,71,0,1,1,1,2,1,1,63,0,1,0,1,1,0,0,1,1,0,0,0,1
2253,20,98,2,2,9,52,1,0,1,1,3,1,2,71,1,0,0,1,0,1,0,1,1,0,0,0,1
2254,12,69,2,1,7,92,0,1,1,1,3,1,0,64,0,1,1,0,0,1,0,1,1,0,0,1,0
2255,22,63,1,2,8,97,2,5,1,1,3,0,0,69,1,0,0,1,0,1,0,1,1,0,0,1,0
2256,25,96,0,1,9,72,0,0,0,1,3,0,0,69,1,0,0,1,1,0,0,1,1,0,0,0,1
2257,17,94,1,1,7,75,1,1,0,2,3,2,1,70,1,0,1,0,0,1,0,1,1,0,0,0,1
2258,4,100,2,0,8,71,0,2,0,1,4,0,1,64,0,1,0,1,1,0,0,1,1,0,1,0,0
2259,21,87,1,2,7,100,0,1,0,1,3,0,0,70,1,0,1,0,1,0,0,1,1,0,0,0,1
2260,23,97,1,2,7,95,1,0,1,2,4,2,1,74,0,1,0,1,1,0,0,1,1,0,0,0,1
2261,22,93,1,1,6,52,1,1,0,1,3,1,0,69,0,1,1,0,0,1,0,1,1,0,1,0,0
2262,27,94,0,1,7,89,1,3,0,1,2,1,0,73,0,1,0,1,0,1,0,1,1,0,0,0,1
2263,14,83,1,1,10,80,1,1,1,2,3,1,0,66,0,1,0,1,0,1,0,1,0,1,0,1,0
2264,24,75,2,2,6,51,2,1,1,2,3,0,0,67,1,0,1,0,0,1,1,0,1,0,1,0,0
2266,9,77,1,1,7,57,0,2,1,0,3,0,0,61,1,0,1,0,1,0,0,1,1,0,1,0,0
2267,22,82,0,1,9,94,2,0,1,1,4,0,1,68,0,1,1,0,0,1,0,1,1,0,0,0,1
2268,17,78,1,0,9,51,2,1,0,1,3,0,1,63,1,0,0,1,0,1,0,1,1,0,0,1,0
2269,20,83,2,0,6,94,1,1,0,1,2,0,0,67,1,0,1,0,0,1,0,1,1,0,0,1,0
2270,22,79,0,0,6,97,0,3,2,1,3,0,1,66,1,0,1,0,0,1,0,1,1,0,1,0,0
2271,17,62,2,0,6,54,0,2,1,2,3,1,0,62,1,0,1,0,0,1,0,1,1,0,0,1,0
2272,16,95,2,0,6,86,1,0,0,2,3,0,0,69,1,0,0,1,0,1,0,1,1,0,0,1,0
2273,20,78,1,1,6,77,1,3,1,1,3,0,1,67,1,0,0,1,1,0,0,1,1,0,0,0,1
2274,13,84,1,1,8,98,0,2,1,1,2,1,1,66,0,1,1,0,1,0,1,0,1,0,0,0,1
2275,13,66,2,1,6,90,1,2,0,1,3,0,1,63,1,0,1,0,0,1,0,1,0,1,0,0,1
2276,24,60,1,1,6,85,0,1,2,1,2,2,1,64,1,0,1,0,1,0,0,1,1,0,0,1,0
2277,13,70,0,1,6,96,2,2,1,1,5,2,1,64,1,0,0,1,0,1,0,1,1,0,1,0,0
2278,24,88,0,1,8,58,1,1,0,2,3,0,0,67,1,0,1,0,1,0,0,1,1,0,1,0,0
2279,23,64,0,1,7,69,2,4,2,1,3,0,1,66,1,0,1,0,0,1,0,1,1,0,0,0,1
2280,10,96,2,2,7,92,1,1,0,0,1,0,0,68,0,1,1,0,0,1,0,1,1,0,0,1,0
2281,16,69,1,2,6,55,1,1,1,2,1,0,1,62,1,0,1,0,0,1,0,1,1,0,1,0,0
2282,27,68,1,1,5,97,0,1,1,1,4,1,0,68,1,0,1,0,0,1,0,1,1,0,1,0,0
2283,14,67,2,0,9,87,1,1,1,1,3,0,0,63,1,0,0,1,1,0,0,1,1,0,0,0,1
2284,17,61,1,2,7,72,0,1,1,2,2,0,1,62,1,0,1,0,1,0,0,1,1,0,0,1,0
2285,23,91,2,2,10,67,2,2,0,1,2,1,0,72,1,0,1,0,1,0,0,1,1,0,0,0,1
2286,25,95,1,0,8,57,0,4,0,1,3,0,1,69,0,1,1,0,1,0,0,1,1,0,0,1,0
2287,18,85,1,0,10,55,2,3,1,2,3,0,0,67,1,0,1,0,0,1,0,1,1,0,0,1,0
2288,16,68,1,2,8,71,1,1,2,2,3,0,1,65,1,0,0,1,0,1,0,1,1,0,0,1,0
2289,29,71,2,1,7,92,0,1,0,1,3,0,0,69,0,1,1,0,1,0,0,1,1,0,0,0,1
2290,30,79,2,2,6,77,1,1,0,1,2,0,0,72,1,0,1,0,0,1,0,1,1,0,0,0,1
2291,26,98,0,1,6,73,1,2,0,0,3,0,0,70,0,1,1,0,0,1,0,1,1,0,1,0,0
2293,15,89,2,0,7,58,0,2,0,1,3,0,1,65,1,0,1,0,0,1,0,1,1,0,1,0,0
2294,15,78,0,1,8,100,0,0,0,1,3,0,0,62,0,1,1,0,0,1,0,1,0,1,1,0,0
2295,23,72,0,2,8,51,1,2,0,1,3,1,2,65,1,0,0,1,0,1,0,1,1,0,0,0,1
2296,23,78,1,1,8,66,1,1,1,2,1,1,1,67,0,1,1,0,0,1,0,1,1,0,0,1,0
2297,28,63,1,0,6,88,2,4,1,2,4,0,2,67,1,0,1,0,1,0,0,1,1,0,0,1,0
2298,24,92,1,2,9,76,1,2,2,1,2,0,0,72,0,1,1,0,1,0,0,1,1,0,0,0,1
2299,11,70,1,0,7,66,0,1,1,2,3,0,0,60,0,1,1,0,0,1,0,1,1,0,1,0,0
2300,26,89,1,0,7,100,0,0,1,0,3,0,0,69,0,1,1,0,1,0,0,1,1,0,0,1,0
2301,14,63,1,1,8,81,0,0,1,0,5,0,0,61,0,1,0,1,1,0,0,1,1,0,0,0,1
2302,18,98,0,1,7,65,1,1,2,1,4,2,0,70,0,1,0,1,0,1,0,1,1,0,0,1,0
2303,22,68,1,2,4,92,2,2,2,1,3,0,0,68,1,0,1,0,1,0,0,1,1,0,0,1,0
2304,32,95,1,2,9,58,1,2,1,1,4,0,0,75,1,0,0,1,0,1,0,1,1,0,0,0,1
2305,39,92,1,1,9,73,1,1,1,1,4,2,1,75,1,0,1,0,1,0,0,1,1,0,1,0,0
2306,24,99,2,1,4,92,0,2,2,1,3,0,2,72,1,0,0,1,1,0,0,1,1,0,0,1,0
2307,19,79,0,1,5,99,2,1,0,1,4,1,1,66,0,1,0,1,0,1,0,1,1,0,1,0,0
2308,23,89,0,2,10,69,0,5,1,1,4,0,0,71,1,0,1,0,1,0,0,1,1,0,0,1,0
2309,25,75,0,2,7,57,2,4,0,2,5,1,0,70,1,0,1,0,1,0,0,1,1,0,0,0,1
2310,18,67,1,2,7,78,0,2,1,1,3,0,0,63,0,1,1,0,0,1,0,1,0,1,1,0,0
2311,31,78,2,2,6,97,0,0,1,2,3,0,0,72,1,0,1,0,0,1,0,1,1,0,0,1,0
2312,21,67,1,1,5,83,1,1,0,2,5,0,0,65,1,0,0,1,0,1,0,1,1,0,0,1,0
2313,23,99,1,1,7,80,0,3,0,0,2,0,0,71,1,0,0,1,0,1,0,1,1,0,0,1,0
2314,24,64,1,1,8,65,1,0,1,1,3,1,0,65,0,1,1,0,0,1,0,1,1,0,0,0,1
2315,23,84,1,0,7,80,1,1,1,2,3,1,1,69,0,1,0,1,0,1,0,1,1,0,0,0,1
2316,25,85,1,0,8,94,1,3,1,2,3,0,1,71,1,0,1,0,0,1,0,1,1,0,0,0,1
2317,16,82,1,2,10,69,1,2,0,1,4,1,0,68,1,0,1,0,0,1,0,1,1,0,0,0,1
2318,17,86,0,1,6,62,0,2,1,2,4,0,0,66,0,1,1,0,1,0,0,1,1,0,0,0,1
2319,13,65,2,1,7,74,0,0,2,1,2,0,1,60,1,0,1,0,1,0,0,1,0,1,0,1,0
2320,23,82,1,1,9,69,1,0,2,1,3,0,0,68,0,1,1,0,1,0,0,1,1,0,0,0,1
2321,25,71,1,2,6,73,1,1,0,1,4,0,0,67,0,1,0,1,0,1,0,1,1,0,0,1,0
2322,23,98,1,0,7,55,1,3,2,2,4,0,0,71,1,0,0,1,1,0,0,1,1,0,0,1,0
2323,30,90,2,1,10,67,2,2,1,1,6,0,0,74,1,0,0,1,1,0,0,1,1,0,0,1,0
2324,20,99,0,1,6,91,1,2,1,0,4,0,0,70,1,0,1,0,1,0,0,1,1,0,1,0,0
2325,24,62,0,2,9,70,0,2,0,1,2,1,1,63,0,1,1,0,1,0,0,1,1,0,0,0,1
2326,13,71,1,1,7,98,1,0,1,1,3,1,0,64,1,0,1,0,1,0,0,1,1,0,0,0,1
2327,18,68,1,2,10,85,2,3,0,1,3,0,0,66,1,0,1,0,0,1,0,1,1,0,0,1,0
2328,24,60,1,1,5,68,1,0,1,0,3,2,0,64,0,1,1,0,0,1,0,1,1,0,0,1,0
2329,25,70,2,2,7,63,1,1,1,2,3,1,1,69,1,0,0,1,0,1,0,1,1,0,0,0,1
2330,18,87,1,2,5,84,1,2,1,0,4,2,0,71,1,0,0,1,0,1,0,1,1,0,0,0,1
2331,20,69,2,1,6,65,1,1,0,1,2,0,0,64,0,1,1,0,1,0,0,1,1,0,0,1,0
2332,11,80,1,1,6,96,0,1,0,2,3,0,0,65,1,0,1,0,0,1,0,1,1,0,0,1,0
2333,18,96,2,1,7,56,0,2,1,1,1,1,0,69,0,1,0,1,1,0,0,1,1,0,0,1,0
2334,25,88,1,2,5,51,1,1,1,0,1,0,0,68,0,1,1,0,1,0,0,1,1,0,0,1,0
2335,23,76,1,1,7,61,1,3,1,0,4,0,0,68,1,0,1,0,0,1,0,1,1,0,0,0,1
2336,23,75,2,1,8,80,2,0,0,2,4,0,1,68,0,1,0,1,0,1,0,1,1,0,0,1,0
2337,20,78,0,1,5,92,0,1,1,1,3,0,2,65,1,0,1,0,0,1,0,1,1,0,0,0,1
2338,20,67,2,2,6,59,0,1,1,1,4,1,0,65,0,1,0,1,1,0,0,1,1,0,1,0,0
2339,16,85,1,0,10,79,0,1,2,1,3,1,0,66,1,0,0,1,1,0,0,1,1,0,0,1,0
2340,24,75,2,0,7,57,1,0,1,1,1,2,0,66,1,0,1,0,1,0,0,1,1,0,0,1,0
2341,23,94,1,0,4,78,1,2,2,2,4,0,1,71,1,0,1,0,0,1,0,1,1,0,0,1,0
2342,23,90,2,1,5,51,1,0,0,2,1,0,0,68,1,0,1,0,0,1,0,1,1,0,1,0,0
2343,17,84,0,1,7,78,0,0,2,2,5,1,1,65,0,1,1,0,0,1,0,1,0,1,0,1,0
2344,7,75,1,2,7,76,1,0,1,0,4,1,1,63,0,1,0,1,0,1,0,1,1,0,0,0,1
2345,27,68,2,1,6,52,1,1,1,0,5,2,2,66,0,1,0,1,1,0,0,1,1,0,0,1,0
2346,17,91,2,0,10,84,1,7,0,2,4,1,1,71,1,0,1,0,0,1,0,1,0,1,0,1,0
2347,15,79,0,1,10,79,1,2,0,1,4,1,1,65,1,0,0,1,0,1,0,1,1,0,0,1,0
2348,24,69,1,2,7,81,0,3,1,1,4,0,0,68,0,1,0,1,0,1,0,1,1,0,0,1,0
2349,18,68,1,1,8,76,2,2,2,1,3,2,0,66,1,0,1,0,0,1,0,1,1,0,0,1,0
2350,26,67,0,2,8,86,1,2,0,1,2,0,0,64,0,1,1,0,1,0,0,1,0,1,1,0,0
2351,24,91,1,0,9,76,2,1,0,0,4,1,0,70,0,1,1,0,0,1,0,1,1,0,0,0,1
2352,24,69,2,0,6,96,1,4,2,1,4,1,1,70,1,0,1,0,0,1,0,1,1,0,0,0,1
2353,12,81,1,2,10,97,0,1,0,1,5,0,0,66,0,1,0,1,1,0,0,1,1,0,0,0,1
2354,27,78,1,1,7,86,1,3,1,1,2,0,1,70,0,1,1,0,0,1,0,1,1,0,0,0,1
2355,22,83,2,2,8,96,1,2,1,2,0,1,0,71,0,1,1,0,1,0,1,0,1,0,0,0,1
2356,18,95,0,2,7,96,1,2,1,2,4,0,1,70,1,0,0,1,1,0,0,1,0,1,0,0,1
2357,21,95,1,1,7,63,1,1,0,1,4,2,0,70,1,0,0,1,1,0,0,1,1,0,0,0,1
2358,9,78,2,1,7,100,0,2,1,1,2,0,0,66,1,0,1,0,0,1,0,1,1,0,0,0,1
2359,22,61,2,1,5,63,0,1,0,1,3,2,0,64,1,0,1,0,1,0,0,1,1,0,0,0,1
2360,14,77,2,2,4,51,0,5,0,1,3,1,1,66,1,0,1,0,1,0,0,1,1,0,0,0,1
2361,12,84,2,1,7,98,2,1,0,1,3,0,0,68,0,1,1,0,0,1,0,1,1,0,0,0,1
2362,11,82,0,0,6,61,0,2,1,1,2,0,0,61,0,1,1,0,1,0,0,1,1,0,0,1,0
2363,27,86,1,1,8,79,1,2,0,2,4,1,0,72,1,0,0,1,0,1,0,1,1,0,0,0,1
2364,16,66,2,2,8,99,1,1,0,2,3,0,1,66,1,0,0,1,1,0,0,1,1,0,0,0,1
2365,29,86,0,0,7,52,1,1,0,1,3,1,0,68,0,1,1,0,0,1,0,1,1,0,0,0,1
2366,17,67,0,1,9,63,2,1,0,2,4,1,2,61,1,0,1,0,1,0,0,1,1,0,1,0,0
2367,10,90,2,1,7,80,0,0,1,1,5,0,0,67,0,1,1,0,0,1,0,1,1,0,0,1,0
2368,13,74,2,2,5,88,0,3,0,1,3,1,0,66,0,1,0,1,0,1,0,1,0,1,0,1,0
2369,27,88,1,1,7,90,1,3,1,1,4,2,1,74,0,1,1,0,0,1,0,1,1,0,0,0,1
2370,19,62,2,1,9,94,1,0,2,0,4,2,0,66,0,1,1,0,0,1,0,1,1,0,0,1,0
2371,17,76,2,1,4,58,1,4,1,1,2,2,1,67,0,1,0,1,0,1,0,1,1,0,0,1,0
2372,21,88,2,0,7,69,1,4,1,1,3,1,0,71,1,0,0,1,0,1,0,1,1,0,0,1,0
2373,23,69,2,0,8,86,2,0,1,2,4,1,2,66,1,0,1,0,0,1,0,1,1,0,0,1,0
2374,27,92,1,1,10,86,2,0,0,0,3,0,1,71,1,0,0,1,0,1,0,1,1,0,0,0,1
2375,29,85,2,1,9,65,2,4,0,1,4,2,1,72,1,0,0,1,0,1,1,0,1,0,0,1,0
2376,18,84,1,1,7,65,1,2,1,1,3,0,0,66,0,1,1,0,0,1,0,1,1,0,1,0,0
2377,12,74,2,0,8,66,0,1,0,1,2,0,0,62,1,0,1,0,0,1,0,1,1,0,0,0,1
2378,18,79,2,1,4,95,0,1,0,2,2,0,1,66,0,1,1,0,0,1,0,1,1,0,1,0,0
2379,22,84,0,2,5,95,1,2,0,2,3,0,1,69,1,0,1,0,0,1,0,1,1,0,0,1,0
2380,14,79,1,1,8,51,1,0,1,2,4,0,0,64,1,0,1,0,0,1,0,1,1,0,1,0,0
2381,14,88,1,1,7,66,1,4,1,2,3,0,0,69,0,1,1,0,0,1,0,1,1,0,0,0,1
2382,22,77,2,0,7,70,1,2,1,1,4,2,0,69,1,0,0,1,0,1,0,1,1,0,0,0,1
2383,20,68,2,0,7,99,2,0,0,1,2,1,1,64,0,1,1,0,0,1,0,1,0,1,0,0,1
2384,20,69,1,2,7,97,1,3,1,2,3,1,0,68,0,1,1,0,0,1,0,1,0,1,0,0,1
2385,15,60,1,1,7,81,0,4,0,2,2,0,0,63,1,0,1,0,0,1,0,1,1,0,0,0,1
2386,19,72,2,1,5,52,0,1,0,1,2,0,0,64,1,0,1,0,0,1,0,1,1,0,0,0,1
2387,14,90,1,2,7,60,1,2,1,1,4,2,0,69,1,0,1,0,0,1,0,1,1,0,0,1,0
2388,25,92,0,2,5,72,1,1,1,1,4,0,0,71,0,1,1,0,1,0,0,1,1,0,0,0,1
2389,26,68,1,2,6,98,0,2,1,1,3,1,2,67,0,1,0,1,1,0,0,1,1,0,0,1,0
2390,9,98,2,1,9,55,0,3,0,1,2,0,0,67,1,0,1,0,1,0,0,1,1,0,0,0,1
2391,14,80,2,0,7,90,2,2,0,2,2,1,2,66,0,1,1,0,0,1,0,1,1,0,1,0,0
2392,11,97,1,2,8,60,1,0,1,0,3,0,0,67,1,0,0,1,0,1,0,1,1,0,0,0,1
2393,16,88,0,2,7,75,0,2,1,1,4,2,0,68,0,1,1,0,1,0,0,1,1,0,0,1,0
2394,19,89,1,1,6,88,0,1,1,2,2,0,0,69,0,1,1,0,0,1,0,1,1,0,0,0,1
2395,11,63,2,2,5,85,2,0,0,2,4,0,1,62,0,1,1,0,0,1,1,0,0,1,0,0,1
2396,14,69,1,1,6,89,2,2,2,2,5,0,1,66,0,1,0,1,0,1,0,1,1,0,0,0,1
2397,14,60,1,1,7,91,1,1,0,2,3,2,0,63,1,0,0,1,0,1,0,1,1,0,1,0,0
2398,21,89,0,0,8,65,1,2,0,0,3,1,0,67,0,1,1,0,0,1,0,1,1,0,0,1,0
2399,20,74,2,1,7,68,2,3,1,1,4,0,2,68,1,0,1,0,1,0,0,1,1,0,0,0,1
2400,16,91,1,0,8,91,0,2,1,1,2,0,2,66,0,1,1,0,1,0,0,1,1,0,0,1,0
2401,21,74,1,1,5,52,1,3,1,1,1,0,0,66,1,0,0,1,0,1,0,1,1,0,0,0,1
2402,17,93,2,1,8,76,0,0,0,1,3,0,1,67,0,1,0,1,1,0,0,1,1,0,1,0,0
2403,18,65,2,1,5,96,1,1,2,1,2,0,0,66,0,1,0,1,0,1,0,1,1,0,0,1,0
2404,30,67,1,1,8,94,1,1,1,1,2,1,0,69,0,1,1,0,0,1,0,1,1,0,0,1,0
2405,28,74,1,2,8,90,2,2,1,1,3,2,0,72,1,0,1,0,1,0,0,1,1,0,0,0,1
2406,12,76,1,0,4,51,1,0,0,1,1,0,0,60,0,1,0,1,0,1,0,1,1,0,0,1,0
2407,25,74,0,2,8,94,2,0,0,1,4,0,1,68,0,1,1,0,0,1,0,1,1,0,0,0,1
2408,25,91,0,1,8,96,1,3,1,1,3,0,0,72,0,1,1,0,0,1,0,1,1,0,0,1,0
2409,13,64,1,2,9,83,0,1,2,1,4,0,0,64,1,0,1,0,0,1,0,1,1,0,0,0,1
2410,25,74,0,1,6,65,2,0,2,1,1,0,1,65,1,0,1,0,0,1,0,1,1,0,0,1,0
2412,13,63,0,1,8,88,1,0,0,1,2,0,0,59,1,0,0,1,1,0,0,1,1,0,1,0,0
2413,14,98,1,1,8,91,0,0,0,1,4,0,1,67,1,0,1,0,0,1,0,1,1,0,1,0,0
2414,26,99,1,1,8,67,1,4,1,1,4,0,0,73,1,0,0,1,0,1,0,1,0,1,0,0,1
2415,22,64,1,2,6,66,0,1,1,1,4,1,0,64,1,0,1,0,1,0,0,1,1,0,0,1,0
2416,23,72,1,2,8,87,0,3,1,0,3,0,0,67,1,0,1,0,1,0,0,1,1,0,0,1,0
2417,22,75,2,1,8,84,0,3,2,1,3,1,0,69,1,0,1,0,0,1,0,1,1,0,1,0,0
2418,22,91,1,0,7,76,1,1,0,2,3,1,1,69,0,1,1,0,0,1,0,1,1,0,0,1,0
2419,12,84,2,2,6,71,1,2,1,1,3,1,1,67,1,0,1,0,0,1,1,0,1,0,0,0,1
2420,26,86,1,2,6,83,1,2,0,1,4,0,0,72,1,0,1,0,0,1,0,1,1,0,0,0,1
2422,19,65,1,2,8,54,1,0,0,2,3,0,2,62,0,1,0,1,0,1,0,1,1,0,0,1,0
2423,20,93,1,0,7,79,1,1,1,0,3,2,0,69,0,1,1,0,1,0,0,1,1,0,0,1,0
2424,11,88,2,2,7,61,0,2,1,1,3,2,0,68,1,0,1,0,0,1,0,1,1,0,0,1,0
2426,23,96,0,1,7,89,1,1,0,1,3,1,2,70,0,1,0,1,0,1,0,1,1,0,0,0,1
2427,20,88,0,1,5,85,1,2,1,1,3,0,0,68,1,0,1,0,0,1,0,1,1,0,1,0,0
2428,27,68,1,1,7,95,0,0,1,1,4,0,0,67,1,0,1,0,0,1,0,1,1,0,0,0,1
2429,18,77,2,1,9,57,0,1,0,2,2,2,0,66,1,0,1,0,0,1,0,1,1,0,1,0,0
2430,23,80,0,2,6,63,0,0,2,1,2,0,0,66,1,0,0,1,1,0,0,1,1,0,0,0,1
2431,14,62,1,2,7,63,1,2,0,1,2,1,1,62,0,1,1,0,0,1,0,1,1,0,0,0,1
2432,20,98,1,1,8,89,2,3,2,1,2,1,0,72,1,0,1,0,0,1,0,1,0,1,1,0,0
2433,19,65,1,2,7,76,1,0,1,1,3,2,0,64,0,1,1,0,0,1,1,0,1,0,0,1,0
2434,21,88,1,1,6,63,0,1,1,1,3,0,0,68,0,1,1,0,0,1,0,1,1,0,0,1,0
2435,18,80,1,2,7,57,1,2,0,0,3,2,2,66,0,1,1,0,0,1,0,1,1,0,0,0,1
2436,19,61,1,2,8,95,2,4,1,1,3,1,0,68,1,0,0,1,0,1,0,1,1,0,0,0,1
2437,25,97,0,2,7,85,2,3,2,1,1,2,0,75,1,0,1,0,0,1,0,1,1,0,0,1,0
2438,17,94,0,0,7,76,2,3,0,2,3,1,2,67,1,0,1,0,1,0,0,1,0,1,0,1,0
2439,10,81,0,1,9,98,1,2,0,1,2,1,0,65,1,0,1,0,0,1,0,1,1,0,0,1,0
2440,30,69,1,1,8,92,1,2,1,0,3,0,0,68,0,1,1,0,1,0,0,1,1,0,0,1,0
2441,28,65,1,1,5,59,2,2,0,1,5,0,0,67,1,0,0,1,0,1,0,1,1,0,0,1,0
2442,12,75,1,1,8,75,2,1,0,1,2,1,0,63,0,1,0,1,0,1,0,1,1,0,1,0,0
2443,24,70,1,2,8,74,0,2,1,2,3,0,0,67,1,0,1,0,0,1,0,1,1,0,1,0,0
2444,17,80,1,1,5,92,1,0,0,1,4,2,0,67,0,1,0,1,0,1,0,1,1,0,1,0,0
2445,22,99,1,1,4,57,2,2,1,2,3,1,0,73,0,1,1,0,0,1,0,1,1,0,0,0,1
2446,22,83,1,1,5,73,2,0,0,1,3,0,0,67,1,0,1,0,0,1,1,0,1,0,0,0,1
2447,19,96,1,1,7,82,1,1,2,1,4,2,0,71,1,0,1,0,1,0,0,1,1,0,0,1,0
2448,15,86,0,1,9,97,1,2,1,1,4,0,0,67,1,0,1,0,1,0,0,1,1,0,1,0,0
2449,16,79,2,0,6,95,1,0,2,1,5,1,0,68,1,0,1,0,0,1,0,1,1,0,0,1,0
2450,15,94,0,0,8,77,1,1,2,2,1,1,0,68,1,0,0,1,0,1,0,1,1,0,0,0,1
2451,15,79,2,1,4,80,1,1,2,1,4,0,2,66,1,0,0,1,0,1,0,1,1,0,1,0,0
2452,20,95,2,0,7,93,0,0,0,2,2,0,0,68,1,0,1,0,0,1,1,0,1,0,0,1,0
2453,16,72,1,0,6,87,1,2,1,0,4,0,0,63,0,1,0,1,1,0,1,0,1,0,0,0,1
2454,24,65,2,2,10,94,1,2,1,1,2,2,1,68,1,0,1,0,1,0,0,1,1,0,0,1,0
2455,29,94,0,2,4,95,1,1,1,1,5,0,0,74,1,0,1,0,0,1,0,1,1,0,0,0,1
2456,17,83,0,1,7,92,0,3,0,1,2,0,1,65,1,0,1,0,0,1,0,1,0,1,0,1,0
2457,21,96,1,1,4,50,1,1,0,0,2,2,1,69,1,0,0,1,0,1,0,1,1,0,0,0,1
2458,23,98,1,2,6,66,1,1,0,1,1,0,1,70,1,0,1,0,1,0,0,1,1,0,0,1,0
2459,23,62,1,0,4,70,2,3,1,2,2,1,1,65,0,1,1,0,0,1,0,1,1,0,0,0,1
2460,20,80,1,1,10,84,1,1,1,1,4,1,0,68,1,0,1,0,1,0,0,1,1,0,0,0,1
2461,24,75,0,1,6,65,1,0,1,1,5,1,1,65,1,0,1,0,1,0,1,0,1,0,0,0,1
2462,23,85,1,2,7,66,0,0,2,2,2,1,0,68,1,0,1,0,1,0,1,0,1,0,0,1,0
2463,13,92,1,2,7,70,0,4,0,1,3,0,0,68,1,0,1,0,0,1,0,1,1,0,0,1,0
2464,25,71,1,1,5,98,0,0,0,1,1,2,2,66,1,0,1,0,0,1,0,1,1,0,0,0,1
2465,25,82,2,1,9,72,2,0,2,1,0,1,0,70,0,1,1,0,1,0,0,1,1,0,0,0,1
2466,15,88,1,1,8,57,1,1,2,1,2,0,2,66,1,0,0,1,1,0,0,1,1,0,0,0,1
2467,20,65,1,2,8,50,1,0,0,1,5,0,0,64,1,0,1,0,0,1,0,1,1,0,0,0,1
2468,24,93,1,2,5,62,1,1,0,1,1,1,0,70,0,1,1,0,1,0,0,1,1,0,0,1,0
2469,19,84,2,1,9,97,0,1,2,1,3,0,0,68,1,0,1,0,1,0,0,1,0,1,1,0,0
2470,26,98,0,2,9,98,0,4,0,0,2,1,1,74,1,0,1,0,0,1,0,1,1,0,0,0,1
2471,34,74,2,0,7,76,1,2,0,2,2,1,0,71,0,1,1,0,0,1,0,1,1,0,0,0,1
2472,15,64,1,1,8,82,0,0,0,1,3,0,0,61,1,0,1,0,0,1,0,1,1,0,1,0,0
2473,12,80,1,0,7,90,1,3,0,1,3,0,0,64,0,1,1,0,1,0,0,1,1,0,0,1,0
2474,22,63,2,0,5,53,2,2,2,1,1,2,1,64,1,0,1,0,1,0,0,1,1,0,0,1,0
2475,24,99,2,1,7,69,1,0,1,1,3,0,0,73,1,0,0,1,0,1,0,1,1,0,0,0,1
2476,19,62,1,2,6,82,1,0,0,2,3,1,1,62,1,0,1,0,0,1,0,1,0,1,1,0,0
2477,29,90,0,1,7,95,1,0,2,2,2,0,0,71,1,0,1,0,0,1,0,1,0,1,0,1,0
2478,12,81,2,1,9,86,1,2,1,2,2,2,0,68,1,0,1,0,0,1,0,1,1,0,1,0,0
2479,24,75,1,0,5,68,2,2,1,1,2,2,0,67,1,0,1,0,0,1,0,1,1,0,0,1,0
2480,16,63,1,1,6,95,2,1,1,1,4,1,2,63,0,1,1,0,1,0,0,1,1,0,1,0,0
2481,30,85,0,1,6,83,1,2,1,1,3,1,0,71,0,1,1,0,1,0,0,1,1,0,0,0,1
2482,32,83,1,1,6,92,0,1,2,1,3,0,0,72,1,0,1,0,0,1,0,1,1,0,0,1,0
2483,15,71,2,1,6,69,2,3,1,2,3,2,1,66,0,1,1,0,1,0,1,0,1,0,0,0,1
2484,17,96,1,1,7,50,0,1,1,1,4,0,0,67,0,1,0,1,0,1,0,1,1,0,1,0,0
2485,25,72,2,1,8,58,1,0,0,1,4,1,1,66,0,1,1,0,0,1,0,1,1,0,1,0,0
2486,18,78,0,1,8,96,1,4,2,1,4,1,0,68,1,0,1,0,1,0,0,1,0,1,0,0,1
2487,20,82,0,0,7,52,0,0,1,1,3,1,0,64,0,1,0,1,0,1,0,1,1,0,0,1,0
2488,20,64,1,1,8,80,2,1,1,1,3,0,0,65,1,0,0,1,0,1,0,1,1,0,0,0,1
2489,8,97,2,1,10,70,2,0,0,0,1,0,0,66,1,0,1,0,0,1,0,1,1,0,0,1,0
2490,20,75,2,2,7,71,2,1,1,2,4,1,1,69,1,0,1,0,0,1,0,1,1,0,0,0,1
2491,16,63,2,2,9,70,0,2,1,2,5,1,1,64,0,1,0,1,1,0,0,1,1,0,1,0,0
2492,17,75,0,2,8,53,1,1,0,2,3,1,0,65,0,1,1,0,0,1,0,1,1,0,0,0,1
2493,29,84,2,1,10,56,2,3,0,2,4,2,2,72,0,1,1,0,0,1,0,1,1,0,0,1,0
2494,12,81,2,1,8,53,0,1,1,2,3,1,0,65,1,0,0,1,1,0,0,1,1,0,0,0,1
2495,25,88,0,2,6,53,1,2,1,2,4,1,0,70,0,1,1,0,0,1,0,1,1,0,1,0,0
2496,18,62,1,1,7,54,1,2,1,2,3,2,1,64,1,0,0,1,0,1,0,1,1,0,0,0,1
2497,18,71,1,0,7,85,0,1,0,0,2,0,1,62,1,0,1,0,0,1,0,1,1,0,0,1,0
2498,25,93,1,2,8,56,2,0,0,0,3,0,0,69,1,0,0,1,1,0,0,1,1,0,0,1,0
2499,22,63,2,0,6,63,0,1,1,0,2,2,1,62,1,0,1,0,1,0,0,1,1,0,1,0,0
2500,23,94,0,0,9,83,1,2,0,1,2,0,0,69,0,1,0,1,0,1,0,1,1,0,0,0,1
2501,26,64,1,2,7,56,1,3,1,1,3,0,0,66,1,0,1,0,1,0,0,1,1,0,0,0,1
2502,18,93,1,2,8,96,1,2,1,0,2,0,1,71,0,1,1,0,0,1,0,1,1,0,0,0,1
2503,16,74,1,2,7,74,0,4,0,0,3,0,0,66,1,0,0,1,0,1,0,1,1,0,0,0,1
2504,13,84,2,1,7,98,1,0,0,0,4,0,0,64,1,0,1,0,1,0,1,0,0,1,0,1,0
2505,15,66,1,2,7,60,2,2,2,1,3,0,1,63,0,1,0,1,0,1,0,1,1,0,1,0,0
2506,38,63,1,2,8,52,2,1,1,1,3,1,1,69,1,0,0,1,1,0,0,1,1,0,0,0,1
2507,27,69,2,2,10,80,1,1,1,2,4,0,0,68,0,1,1,0,0,1,1,0,0,1,0,0,1
2508,12,65,2,2,4,66,1,0,1,2,2,0,0,63,0,1,1,0,0,1,0,1,1,0,0,1,0
2509,12,72,1,1,8,79,2,1,2,1,3,1,2,64,1,0,1,0,0,1,0,1,1,0,0,0,1
2510,23,81,1,0,7,74,1,0,0,1,0,2,0,66,0,1,1,0,0,1,0,1,1,0,0,1,0
2511,23,84,1,2,7,73,1,1,2,1,4,0,0,71,1,0,1,0,0,1,0,1,1,0,0,0,1
2512,23,92,2,1,4,93,2,0,2,1,4,0,0,72,0,1,1,0,0,1,0,1,1,0,1,0,0
2514,19,84,1,2,7,75,0,1,0,1,2,1,2,66,1,0,1,0,0,1,0,1,1,0,1,0,0
2515,22,76,1,1,6,71,1,0,0,2,2,0,1,65,1,0,0,1,0,1,0,1,1,0,0,1,0
2516,21,79,0,1,7,84,0,2,1,1,3,0,0,66,1,0,0,1,0,1,0,1,1,0,0,1,0
2517,7,77,0,1,7,53,2,4,0,1,2,1,1,62,0,1,0,1,0,1,0,1,1,0,0,0,1
2518,19,94,1,0,4,76,1,4,0,2,3,0,1,68,0,1,0,1,1,0,0,1,1,0,1,0,0
2519,15,69,1,1,7,74,2,2,0,1,5,2,0,65,0,1,0,1,0,1,0,1,1,0,0,1,0
2520,21,60,0,2,8,99,0,0,0,0,3,0,0,62,1,0,0,1,1,0,0,1,1,0,0,0,1
2521,38,86,2,1,6,88,2,1,0,2,4,0,1,74,0,1,1,0,1,0,0,1,1,0,1,0,0
2522,22,68,1,0,7,58,1,0,1,1,3,2,0,64,1,0,1,0,0,1,0,1,1,0,0,1,0
2523,18,96,2,2,7,75,2,2,1,2,2,0,0,72,1,0,1,0,1,0,0,1,1,0,1,0,0
2524,26,94,1,1,9,89,1,0,0,1,3,0,0,70,0,1,1,0,1,0,0,1,0,1,0,1,0
2525,23,63,2,1,7,76,1,2,1,2,1,0,2,65,1,0,1,0,1,0,0,1,1,0,0,0,1
2526,23,64,1,2,8,68,0,3,0,2,3,0,0,66,0,1,1,0,0,1,0,1,1,0,0,1,0
2527,24,80,1,1,7,69,0,0,1,2,3,1,2,67,1,0,0,1,0,1,0,1,1,0,0,0,1
2528,32,84,1,2,10,68,1,1,0,1,5,0,0,73,1,0,1,0,0,1,0,1,1,0,0,0,1
2529,13,71,1,2,6,51,0,4,2,1,4,1,1,65,0,1,1,0,0,1,0,1,1,0,0,0,1
2530,23,89,2,2,6,87,1,4,1,2,3,1,0,74,0,1,0,1,1,0,0,1,1,0,0,1,0
2531,14,84,1,1,7,81,1,0,2,1,2,1,0,66,0,1,1,0,1,0,0,1,1,0,0,1,0
2532,23,73,1,1,6,63,1,1,2,1,3,0,0,67,1,0,1,0,1,0,0,1,1,0,0,0,1
2534,17,90,2,2,8,65,1,2,0,2,3,2,1,71,1,0,1,0,1,0,0,1,1,0,0,0,1
2535,18,69,0,2,4,62,2,1,1,0,3,0,1,63,1,0,1,0,0,1,0,1,1,0,0,1,0
2536,26,93,0,2,6,87,1,1,1,2,3,1,0,73,0,1,1,0,1,0,0,1,1,0,0,0,1
2537,26,77,2,1,5,90,1,1,1,1,2,0,2,68,0,1,0,1,0,1,0,1,1,0,0,1,0
2538,13,83,0,1,7,81,1,4,0,1,5,1,0,66,0,1,1,0,0,1,0,1,1,0,1,0,0
2539,20,95,0,1,4,89,1,3,0,1,3,0,0,68,1,0,1,0,1,0,0,1,0,1,1,0,0
2540,16,95,1,0,8,68,0,2,1,2,4,0,0,66,0,1,1,0,1,0,1,0,1,0,0,1,0
2541,12,75,1,2,8,54,0,1,1,2,3,0,0,62,0,1,1,0,1,0,0,1,1,0,1,0,0
2543,18,91,1,1,7,63,1,1,1,1,4,1,0,68,1,0,1,0,1,0,0,1,1,0,1,0,0
2545,23,68,2,0,8,68,1,1,1,1,2,1,0,65,1,0,1,0,0,1,0,1,1,0,0,1,0
2546,12,96,2,2,5,84,0,3,2,1,4,2,0,73,0,1,1,0,0,1,0,1,1,0,0,0,1
2547,17,68,1,0,5,78,1,4,0,0,2,1,0,64,1,0,1,0,0,1,0,1,1,0,0,0,1
2548,26,61,0,2,9,91,1,0,2,2,4,1,0,67,0,1,0,1,0,1,1,0,1,0,0,0,1
2549,33,61,2,1,6,92,1,1,1,1,4,0,0,69,0,1,1,0,1,0,0,1,1,0,0,0,1
2550,10,85,0,0,6,53,2,1,0,1,3,0,1,60,1,0,0,1,0,1,0,1,0,1,0,1,0
2551,9,86,2,1,8,65,2,0,1,1,3,1,0,66,0,1,1,0,1,0,0,1,1,0,0,0,1
2552,31,72,0,2,5,94,2,2,0,0,2,0,0,70,1,0,1,0,0,1,0,1,1,0,0,0,1
2553,22,73,2,1,7,70,0,2,0,1,3,1,0,66,1,0,1,0,0,1,1,0,1,0,0,0,1
2554,15,74,2,1,8,76,1,1,1,0,4,0,2,64,1,0,1,0,0,1,0,1,1,0,0,1,0
2555,23,87,1,2,5,59,1,1,2,0,4,1,0,70,1,0,1,0,1,0,0,1,1,0,0,1,0
2557,20,97,1,2,5,63,1,0,0,1,3,1,2,69,0,1,1,0,0,1,0,1,1,0,1,0,0
2558,22,69,1,1,6,91,0,0,2,2,1,0,1,64,1,0,0,1,0,1,0,1,0,1,0,1,0
2559,26,100,0,1,9,60,1,2,1,1,4,0,0,72,1,0,1,0,1,0,0,1,1,0,0,0,1
2560,14,67,1,1,9,68,0,1,0,1,3,0,0,60,1,0,1,0,0,1,0,1,0,1,0,1,0
2561,21,91,1,1,7,55,2,2,2,1,3,0,0,70,0,1,0,1,0,1,0,1,1,0,0,1,0
2562,14,69,1,0,8,79,1,1,2,1,1,2,1,62,0,1,1,0,0,1,0,1,1,0,1,0,0
2563,22,63,1,1,8,97,1,1,2,2,3,0,1,66,0,1,1,0,0,1,0,1,1,0,0,1,0
2564,15,95,1,1,6,59,0,0,1,1,5,0,2,66,0,1,0,1,0,1,0,1,1,0,0,0,1
2565,18,94,0,1,7,51,1,1,0,1,3,1,1,65,1,0,1,0,0,1,0,1,0,1,0,1,0
2566,14,76,2,1,5,71,1,1,0,1,3,0,0,64,1,0,1,0,0,1,0,1,1,0,1,0,0
2567,24,88,2,1,6,87,1,1,2,0,3,0,0,72,0,1,0,1,0,1,0,1,1,0,0,0,1
2568,25,82,1,1,7,99,2,3,0,2,2,0,0,71,0,1,1,0,0,1,0,1,1,0,0,1,0
2569,19,94,0,2,5,53,1,1,1,1,3,0,0,68,0,1,1,0,1,0,0,1,1,0,0,1,0
2570,20,73,2,1,5,89,1,2,1,2,5,0,1,68,0,1,1,0,0,1,0,1,0,1,0,0,1
2571,11,81,0,1,6,68,2,2,2,1,3,2,2,64,0,1,0,1,0,1,0,1,1,0,1,0,0
2572,18,79,0,1,9,58,1,3,1,2,3,0,0,65,0,1,1,0,0,1,0,1,1,0,1,0,0
2573,20,74,1,2,9,60,1,1,0,1,3,0,1,64,0,1,1,0,0,1,1,0,1,0,0,0,1
2574,36,96,1,0,7,96,1,1,0,2,3,1,1,75,0,1,1,0,1,0,0,1,1,0,0,0,1
2575,13,67,0,1,8,90,1,2,0,1,2,0,0,61,1,0,0,1,0,1,0,1,1,0,1,0,0
2576,29,66,2,2,6,66,1,0,1,1,3,2,0,68,1,0,0,1,1,0,0,1,1,0,1,0,0
2577,26,83,1,1,4,97,0,2,0,2,4,1,1,70,1,0,1,0,1,0,0,1,1,0,1,0,0
2578,22,86,2,1,6,55,1,5,2,0,3,2,0,71,0,1,0,1,1,0,0,1,1,0,1,0,0
2579,31,68,0,2,7,66,0,0,0,1,3,0,0,66,1,0,1,0,0,1,0,1,1,0,0,0,1
2580,22,76,2,0,7,83,0,0,0,1,1,1,0,66,1,0,1,0,0,1,0,1,1,0,0,0,1
2581,22,98,1,1,7,100,0,0,0,1,3,0,2,70,1,0,1,0,0,1,0,1,1,0,0,1,0
2582,20,70,0,1,7,73,1,0,0,1,5,0,0,62,0,1,1,0,1,0,0,1,1,0,1,0,0
2583,27,87,2,0,6,91,0,4,2,1,4,0,1,72,1,0,1,0,0,1,0,1,1,0,0,1,0
2584,27,90,2,1,8,96,2,0,1,1,4,0,1,72,1,0,1,0,1,0,0,1,1,0,1,0,0
2585,16,78,0,1,5,50,1,2,0,1,2,1,1,63,1,0,0,1,0,1,0,1,1,0,0,0,1
2586,12,98,2,0,8,64,1,5,0,1,5,1,0,69,0,1,1,0,0,1,1,0,1,0,0,1,0
2587,19,89,1,1,6,55,1,0,1,2,2,2,1,68,1,0,1,0,0,1,0,1,1,0,0,0,1
2588,15,78,2,2,10,89,0,0,1,1,3,0,0,67,1,0,1,0,0,1,0,1,1,0,0,1,0
2589,20,83,2,2,7,78,2,3,0,1,2,1,0,71,0,1,0,1,0,1,0,1,1,0,0,1,0
2590,27,88,0,1,6,55,0,2,0,1,5,0,2,67,1,0,1,0,0,1,1,0,1,0,0,0,1
2591,17,84,0,0,6,71,0,0,1,1,4,0,0,62,1,0,0,1,0,1,0,1,0,1,1,0,0
2592,20,95,1,1,6,76,1,0,0,2,4,0,1,69,0,1,0,1,1,0,0,1,1,0,0,0,1
2593,20,74,2,1,8,85,1,2,0,1,0,0,0,67,1,0,1,0,0,1,0,1,1,0,0,0,1
2594,25,72,1,2,7,89,1,2,0,2,3,2,0,71,0,1,1,0,0,1,0,1,1,0,0,0,1
2596,16,62,0,1,8,74,1,2,2,2,3,0,1,62,1,0,0,1,1,0,0,1,1,0,0,1,0
2597,21,62,2,0,7,58,1,2,0,2,1,1,0,64,0,1,1,0,0,1,0,1,1,0,0,0,1
2598,27,95,1,2,8,88,2,3,1,1,2,0,2,74,0,1,0,1,1,0,0,1,1,0,0,0,1
2599,17,87,2,2,9,83,1,0,0,2,2,1,1,69,1,0,1,0,0,1,0,1,1,0,0,1,0
2600,9,86,2,1,8,86,1,1,0,2,1,0,0,65,1,0,1,0,1,0,0,1,1,0,0,1,0
2601,24,85,0,1,7,54,1,2,1,0,3,1,1,66,0,1,1,0,0,1,1,0,1,0,0,1,0
2602,16,94,1,1,8,76,0,3,1,1,4,2,0,70,0,1,1,0,0,1,0,1,1,0,1,0,0
2603,13,79,2,2,5,92,1,3,1,1,3,0,0,68,1,0,1,0,1,0,0,1,1,0,0,1,0
2604,16,95,0,0,10,86,1,4,2,1,2,1,0,70,0,1,1,0,1,0,0,1,1,0,0,0,1
2605,19,74,2,2,8,93,2,1,1,1,3,0,0,68,1,0,1,0,1,0,0,1,1,0,1,0,0
2606,16,97,2,0,8,60,1,0,0,2,3,0,0,69,1,0,1,0,0,1,0,1,1,0,0,0,1
2607,7,88,1,2,7,64,0,2,1,2,4,2,1,66,1,0,1,0,0,1,0,1,1,0,0,1,0
2608,25,70,1,1,4,72,1,0,0,0,4,1,1,65,1,0,1,0,0,1,0,1,1,0,0,1,0
2609,28,83,1,1,7,76,1,1,1,1,3,1,0,71,1,0,1,0,0,1,0,1,1,0,0,0,1
2610,24,81,1,0,7,63,1,1,0,1,3,0,1,66,1,0,1,0,0,1,0,1,1,0,0,0,1
2611,13,66,0,1,6,69,0,2,0,1,4,0,0,61,1,0,0,1,0,1,0,1,1,0,0,0,1
2612,19,84,1,1,6,84,1,3,1,2,2,2,1,69,1,0,1,0,0,1,0,1,1,0,0,1,0
2613,20,73,1,1,6,82,0,1,1,2,3,1,0,65,1,0,0,1,1,0,0,1,1,0,1,0,0
2614,24,62,1,1,8,56,1,0,1,1,2,1,1,63,1,0,0,1,0,1,0,1,1,0,0,0,1
2615,24,98,1,0,9,99,2,2,0,2,2,2,2,73,0,1,1,0,0,1,0,1,1,0,0,1,0
2616,16,86,2,1,7,78,0,1,0,1,4,2,1,68,1,0,0,1,0,1,0,1,1,0,0,0,1
2617,20,95,1,1,6,74,1,1,2,0,4,0,2,70,0,1,1,0,0,1,0,1,1,0,0,0,1
2618,23,87,1,1,6,98,1,3,1,1,3,1,0,72,1,0,1,0,0,1,0,1,1,0,0,1,0
2619,29,74,2,1,7,57,1,3,1,1,2,0,1,68,1,0,0,1,0,1,1,0,1,0,0,0,1
2620,24,81,1,1,7,77,1,0,2,1,3,0,0,68,1,0,0,1,1,0,0,1,1,0,0,0,1
2621,25,87,2,1,8,90,1,1,0,1,4,0,0,71,0,1,1,0,0,1,0,1,1,0,1,0,0
2622,21,98,0,0,6,70,1,1,1,1,3,0,1,68,1,0,1,0,0,1,0,1,1,0,0,0,1
2623,28,70,2,0,8,87,2,3,0,1,3,2,1,70,1,0,1,0,0,1,0,1,1,0,0,1,0
2624,22,95,1,0,8,95,1,2,0,2,4,0,0,70,0,1,0,1,0,1,1,0,1,0,0,1,0
2625,15,97,2,1,6,63,0,2,1,1,3,0,0,69,0,1,1,0,0,1,0,1,1,0,0,1,0
2626,28,87,2,1,4,62,2,2,0,2,4,0,0,73,0,1,1,0,0,1,0,1,1,0,0,0,1
2627,24,97,1,1,6,68,0,1,1,2,4,1,0,72,1,0,1,0,0,1,0,1,1,0,0,1,0
2628,17,76,1,2,9,71,1,0,1,2,3,2,0,67,1,0,1,0,1,0,0,1,1,0,0,1,0
2629,17,98,2,1,4,56,1,2,0,0,3,0,0,69,0,1,0,1,1,0,0,1,1,0,0,0,1
2630,22,88,0,1,9,62,1,1,2,1,3,1,0,68,1,0,0,1,0,1,0,1,1,0,1,0,0
2631,23,62,2,0,4,94,1,0,1,0,3,2,2,64,0,1,0,1,1,0,0,1,1,0,0,0,1
2632,21,96,0,2,6,78,0,2,1,2,3,0,1,71,0,1,0,1,0,1,0,1,1,0,0,1,0
2633,22,79,2,1,6,63,1,1,1,2,4,0,0,68,0,1,1,0,0,1,0,1,1,0,0,1,0
2634,30,78,1,2,10,97,1,1,0,0,2,0,2,70,1,0,0,1,0,1,0,1,1,0,0,0,1
2635,26,83,1,2,7,89,1,3,0,1,3,0,1,72,1,0,0,1,0,1,0,1,1,0,0,0,1
2636,21,66,0,2,7,68,2,2,0,1,1,0,0,65,0,1,1,0,0,1,0,1,1,0,0,0,1
2637,26,79,1,2,6,88,1,1,0,2,3,1,0,70,1,0,1,0,1,0,0,1,0,1,0,0,1
2638,14,93,1,1,8,80,0,2,0,1,4,2,0,69,1,0,0,1,1,0,0,1,1,0,0,0,1
2639,22,61,1,1,6,84,0,0,1,1,2,2,0,64,1,0,1,0,1,0,0,1,1,0,0,0,1
2640,31,71,0,2,7,66,1,3,0,1,1,0,0,67,1,0,0,1,0,1,0,1,1,0,1,0,0
2641,19,60,2,2,6,60,2,1,0,1,2,1,0,65,1,0,1,0,0,1,0,1,1,0,0,0,1
2642,15,77,0,1,8,63,1,0,1,1,1,0,0,62,0,1,1,0,0,1,0,1,1,0,0,1,0
2643,16,89,2,1,8,54,1,2,0,2,2,1,1,68,1,0,0,1,1,0,0,1,1,0,0,0,1
2644,13,92,1,2,6,74,2,2,0,1,2,1,0,68,1,0,0,1,1,0,0,1,1,0,0,1,0
2645,15,98,1,1,6,70,0,1,1,2,3,0,1,68,1,0,0,1,1,0,0,1,1,0,0,0,1
2646,18,84,1,0,6,50,1,4,2,2,3,2,0,68,1,0,0,1,0,1,0,1,1,0,1,0,0
2647,12,70,1,1,7,93,1,1,0,2,4,0,2,62,0,1,1,0,0,1,0,1,1,0,0,1,0
2648,20,97,1,0,8,84,0,4,1,1,5,0,0,72,0,1,1,0,0,1,0,1,1,0,0,0,1
2649,25,91,0,1,7,72,1,1,1,2,3,1,2,69,1,0,0,1,1,0,0,1,1,0,0,1,0
2650,15,83,1,2,4,98,0,3,0,2,3,0,1,68,0,1,1,0,1,0,0,1,1,0,0,0,1
2651,29,88,0,1,8,97,1,4,0,2,3,1,1,71,1,0,1,0,0,1,0,1,0,1,1,0,0
2652,23,97,0,2,5,55,1,0,1,0,3,0,1,69,0,1,1,0,0,1,0,1,1,0,0,1,0
2653,26,88,0,2,6,81,1,1,2,1,2,0,0,71,1,0,1,0,1,0,0,1,1,0,0,0,1
2654,16,75,1,2,7,91,0,2,0,0,5,0,2,65,1,0,1,0,0,1,0,1,1,0,0,0,1
2655,25,89,1,2,7,59,1,1,0,1,4,0,0,68,1,0,1,0,1,0,0,1,0,1,0,1,0
2656,13,62,1,1,8,56,0,1,0,2,4,0,0,60,0,1,1,0,0,1,0,1,0,1,0,0,1
2657,25,75,1,1,6,63,0,3,2,1,4,0,0,68,1,0,0,1,0,1,0,1,1,0,0,1,0
2658,21,76,0,2,6,64,1,1,1,1,4,0,0,66,0,1,1,0,1,0,0,1,1,0,0,1,0
2659,23,67,1,1,7,98,0,4,0,1,3,0,1,66,1,0,0,1,1,0,0,1,1,0,0,1,0
2660,13,61,1,1,8,89,0,4,0,1,4,0,2,62,0,1,0,1,0,1,0,1,1,0,0,1,0
2661,15,65,1,1,8,53,1,2,0,1,3,1,0,61,1,0,1,0,1,0,0,1,1,0,1,0,0
2662,24,86,2,1,7,89,0,2,0,1,3,2,2,69,0,1,1,0,1,0,0,1,1,0,1,0,0
2663,14,92,1,2,9,58,2,1,2,0,2,0,0,69,1,0,1,0,0,1,0,1,1,0,0,0,1
2664,23,100,1,1,9,68,1,4,2,2,3,2,0,74,1,0,0,1,0,1,0,1,1,0,1,0,0
2665,12,74,1,2,8,66,0,1,0,1,4,0,0,62,0,1,1,0,0,1,0,1,1,0,1,0,0
2666,25,84,1,1,5,64,1,0,0,1,3,1,1,67,0,1,1,0,0,1,0,1,1,0,1,0,0
2667,13,97,2,1,8,65,2,1,0,1,2,0,0,69,0,1,0,1,1,0,0,1,1,0,0,0,1
2668,23,67,2,0,7,88,1,1,0,1,4,0,0,66,1,0,0,1,0,1,0,1,1,0,0,0,1
2669,24,89,1,2,6,63,1,2,2,1,3,1,0,72,1,0,0,1,0,1,0,1,1,0,0,0,1
2670,16,90,2,0,6,90,1,2,2,1,3,0,0,69,1,0,1,0,1,0,0,1,1,0,0,1,0
2671,23,64,1,2,7,55,1,0,1,1,4,0,1,65,1,0,1,0,0,1,0,1,1,0,0,0,1
2672,22,94,1,2,6,80,0,0,2,1,2,2,0,72,1,0,0,1,1,0,0,1,1,0,0,0,1
2673,17,93,0,1,7,93,0,2,1,1,4,0,0,69,1,0,0,1,0,1,0,1,1,0,0,0,1
2674,14,61,1,2,7,54,1,3,0,1,2,0,0,60,0,1,1,0,1,0,0,1,0,1,0,0,1
2675,8,64,2,1,7,82,2,0,2,1,1,2,0,61,0,1,1,0,1,0,0,1,0,1,0,1,0
2676,22,62,2,0,8,76,1,1,1,0,3,0,0,63,1,0,1,0,1,0,0,1,1,0,0,1,0
2677,11,73,1,1,7,67,1,3,1,2,5,2,0,63,1,0,0,1,1,0,1,0,0,1,0,0,1
2678,21,80,1,1,6,55,2,1,2,2,3,2,1,68,1,0,1,0,0,1,0,1,1,0,1,0,0
2679,18,81,1,1,4,84,0,1,1,1,4,1,0,68,0,1,0,1,0,1,0,1,1,0,0,0,1
2680,24,71,2,1,8,65,1,1,0,1,2,0,0,65,1,0,0,1,1,0,0,1,1,0,1,0,0
2681,18,96,1,2,7,67,1,1,2,1,2,0,0,71,0,1,1,0,1,0,0,1,1,0,0,0,1
2682,18,75,1,1,7,86,0,1,0,1,3,0,0,64,1,0,0,1,0,1,0,1,1,0,1,0,0
2683,24,62,1,1,9,97,1,1,1,1,2,2,0,65,1,0,0,1,1,0,0,1,1,0,1,0,0
2684,22,72,2,1,5,67,0,2,1,1,4,1,0,67,0,1,1,0,0,1,0,1,1,0,0,1,0
2685,22,81,2,1,7,87,0,0,0,1,2,0,0,67,0,1,1,0,1,0,0,1,1,0,0,1,0
2686,23,76,0,1,6,98,1,1,0,2,3,1,1,67,1,0,1,0,0,1,0,1,1,0,0,1,0
2688,25,65,2,2,4,76,2,1,2,1,1,0,1,67,0,1,0,1,0,1,0,1,1,0,0,1,0
2689,24,93,2,1,8,51,2,4,1,1,2,0,0,72,1,0,0,1,0,1,0,1,0,1,0,0,1
2690,14,100,1,0,8,91,2,0,0,2,3,0,0,69,0,1,1,0,0,1,0,1,1,0,0,1,0
2691,19,73,1,1,6,64,0,1,2,1,3,1,1,65,0,1,1,0,0,1,0,1,1,0,0,0,1
2692,20,75,2,1,7,67,0,1,0,1,4,0,0,66,0,1,0,1,0,1,0,1,1,0,0,0,1
2693,19,85,2,2,6,84,0,3,1,1,3,2,0,70,1,0,0,1,1,0,0,1,1,0,1,0,0
2694,22,89,2,2,8,89,1,0,1,1,3,0,1,71,1,0,0,1,0,1,0,1,1,0,0,1,0
2695,29,76,1,2,8,70,0,1,0,0,4,1,1,67,0,1,1,0,0,1,1,0,1,0,0,1,0
2696,26,96,2,1,5,83,1,0,1,2,2,0,2,72,1,0,1,0,1,0,0,1,1,0,0,0,1
2697,12,82,0,1,5,98,1,0,0,2,1,0,1,63,1,0,1,0,1,0,0,1,1,0,0,1,0
2698,24,78,2,0,9,94,0,0,0,2,4,0,1,67,0,1,1,0,0,1,0,1,1,0,0,1,0
2699,28,86,0,1,10,85,1,6,0,2,2,0,0,72,1,0,1,0,1,0,0,1,1,0,0,1,0
2700,22,98,1,1,8,97,0,1,2,1,1,2,0,72,0,1,0,1,1,0,0,1,0,1,0,0,1
2701,27,92,1,1,8,94,1,1,0,1,4,1,0,70,0,1,0,1,1,0,1,0,1,0,1,0,0
2702,32,62,2,1,7,86,0,0,0,1,2,0,0,67,0,1,1,0,1,0,0,1,1,0,0,0,1
2703,26,73,1,1,7,96,2,0,1,2,3,0,0,68,0,1,0,1,1,0,0,1,1,0,0,1,0
2704,21,79,0,1,8,91,2,1,0,1,3,0,1,67,1,0,1,0,0,1,0,1,1,0,0,0,1
2705,26,73,2,2,7,75,0,3,0,1,5,1,0,70,1,0,1,0,1,0,0,1,1,0,0,0,1
2706,21,88,1,0,9,75,2,1,1,2,2,2,1,67,0,1,0,1,1,0,1,0,1,0,0,1,0
2707,20,93,1,1,7,50,1,1,2,2,4,1,0,71,1,0,1,0,0,1,0,1,1,0,0,0,1
2708,18,89,2,0,7,52,1,1,2,2,3,2,0,69,0,1,1,0,0,1,0,1,1,0,0,0,1
2709,29,100,1,1,7,87,1,3,0,1,5,1,0,74,0,1,1,0,0,1,1,0,1,0,1,0,0
2710,15,71,2,0,7,78,1,0,1,1,3,0,0,63,1,0,0,1,1,0,0,1,1,0,0,0,1
2711,29,95,1,0,9,88,1,0,1,2,2,0,0,72,0,1,1,0,0,1,0,1,1,0,0,1,0
2712,23,91,2,0,7,97,0,2,0,1,3,1,1,71,1,0,1,0,0,1,0,1,1,0,0,1,0
2713,12,74,2,1,7,73,1,1,0,1,5,0,0,64,1,0,1,0,1,0,0,1,1,0,0,1,0
2714,22,89,1,1,7,54,1,1,2,1,3,0,0,69,0,1,1,0,0,1,0,1,1,0,0,0,1
2715,7,64,2,2,6,81,1,2,0,0,3,2,1,62,0,1,0,1,1,0,0,1,1,0,0,0,1
2716,24,92,1,1,5,55,1,1,1,1,4,1,0,69,1,0,1,0,0,1,1,0,1,0,0,1,0
2717,25,81,2,0,9,81,0,2,0,1,3,0,0,68,1,0,1,0,0,1,0,1,1,0,0,1,0
2718,16,72,2,1,9,76,2,6,0,0,3,0,0,67,1,0,1,0,0,1,0,1,1,0,1,0,0
2719,21,86,1,1,9,86,2,2,1,1,3,2,0,71,1,0,1,0,0,1,0,1,1,0,0,1,0
2720,32,86,1,1,5,68,0,1,1,1,4,0,1,70,1,0,1,0,0,1,0,1,1,0,1,0,0
2721,17,68,2,1,9,57,1,2,1,0,3,0,1,63,1,0,1,0,1,0,0,1,1,0,0,1,0
2722,14,61,0,2,10,62,1,0,2,1,4,1,1,60,0,1,1,0,1,0,0,1,1,0,1,0,0
2723,29,77,1,1,9,84,1,0,0,2,3,1,0,69,0,1,1,0,1,0,0,1,1,0,0,1,0
2724,32,83,1,1,9,74,1,3,0,1,3,1,1,71,1,0,1,0,0,1,0,1,1,0,0,1,0
2725,20,95,0,0,8,77,1,1,2,2,2,0,0,69,1,0,1,0,0,1,0,1,1,0,0,0,1
2726,26,97,2,0,6,66,1,2,1,1,1,1,0,73,0,1,1,0,0,1,0,1,1,0,0,0,1
2727,28,81,1,2,8,92,1,1,2,1,3,1,0,73,0,1,1,0,0,1,0,1,1,0,0,0,1
2728,16,90,1,1,5,100,1,1,0,1,3,0,1,68,0,1,1,0,1,0,0,1,1,0,0,0,1
2729,17,78,2,1,6,66,1,2,0,1,4,1,1,67,1,0,1,0,0,1,0,1,1,0,0,0,1
2730,27,90,1,2,7,86,2,2,1,1,3,1,1,74,1,0,1,0,1,0,0,1,1,0,0,0,1
2731,30,68,1,2,7,59,1,3,0,1,3,1,1,68,1,0,1,0,1,0,0,1,1,0,0,0,1
2732,23,75,2,1,8,87,0,1,1,2,2,1,0,69,0,1,1,0,1,0,0,1,1,0,0,0,1
2733,15,85,2,1,4,72,1,4,0,2,4,1,0,69,1,0,0,1,1,0,0,1,1,0,0,1,0
2734,32,61,2,2,7,80,1,0,0,1,4,1,1,68,0,1,1,0,0,1,0,1,0,1,0,0,1
2735,17,89,0,2,8,62,1,1,0,2,1,0,1,66,1,0,1,0,1,0,0,1,1,0,0,0,1
2736,18,93,0,0,8,93,1,3,0,2,3,2,1,69,1,0,1,0,0,1,0,1,1,0,1,0,0
2737,22,76,1,1,8,59,1,1,0,1,2,1,0,66,0,1,1,0,0,1,0,1,1,0,0,0,1
2738,29,78,0,1,7,96,2,5,0,1,4,1,1,72,1,0,1,0,0,1,0,1,1,0,0,0,1
2739,25,94,1,0,6,53,0,1,1,1,3,0,0,69,0,1,1,0,0,1,0,1,1,0,1,0,0
2740,22,91,1,1,8,64,1,1,0,2,3,0,1,68,1,0,1,0,0,1,0,1,0,1,0,0,1
2741,23,72,1,1,7,78,1,1,0,1,3,0,0,66,1,0,0,1,0,1,0,1,1,0,0,1,0
2742,20,73,1,0,8,93,2,1,0,2,4,0,2,65,1,0,1,0,0,1,0,1,1,0,1,0,0
2743,23,87,1,1,8,79,2,2,0,2,2,2,0,71,1,0,1,0,1,0,0,1,1,0,0,1,0
2744,5,83,1,1,7,61,1,2,0,1,4,0,1,61,1,0,1,0,0,1,0,1,1,0,1,0,0
2745,18,66,0,1,6,93,1,1,0,1,3,1,0,63,0,1,1,0,0,1,0,1,0,1,0,1,0
2746,21,72,1,2,9,80,0,1,1,1,3,0,0,66,0,1,1,0,0,1,0,1,1,0,0,1,0
2747,13,96,1,2,8,62,1,0,2,1,2,2,0,69,1,0,0,1,1,0,0,1,1,0,0,1,0
2748,22,88,2,2,10,78,1,0,1,2,2,0,1,71,1,0,0,1,0,1,0,1,1,0,0,0,1
2749,19,99,2,1,8,84,2,0,2,1,4,0,0,73,0,1,1,0,0,1,0,1,1,0,0,0,1
2750,31,91,2,1,8,84,0,2,0,1,2,0,0,72,1,0,1,0,0,1,0,1,1,0,1,0,0
2751,29,98,1,2,5,86,0,2,1,1,4,0,2,73,1,0,0,1,1,0,0,1,1,0,1,0,0
2752,17,69,0,2,7,95,1,1,0,2,2,0,1,65,1,0,0,1,0,1,0,1,1,0,0,0,1
2753,19,91,0,2,7,91,1,1,2,2,3,0,0,71,0,1,1,0,0,1,0,1,1,0,0,1,0
2754,20,61,2,1,8,80,1,1,0,2,3,0,0,65,1,0,1,0,0,1,0,1,1,0,0,0,1
2755,17,87,1,1,8,52,0,1,1,1,5,1,0,67,1,0,1,0,1,0,0,1,1,0,0,0,1
2756,21,79,1,2,8,87,1,1,0,2,2,2,1,69,1,0,1,0,0,1,0,1,1,0,0,1,0
2757,15,74,0,2,10,99,0,0,0,1,3,1,1,63,1,0,0,1,1,0,1,0,1,0,0,1,0
2758,13,94,0,2,6,65,2,2,1,1,2,2,1,68,1,0,1,0,0,1,0,1,1,0,0,1,0
2759,24,94,2,0,8,80,2,1,0,1,4,0,0,70,0,1,1,0,0,1,1,0,1,0,0,1,0
2760,24,61,1,1,8,88,0,1,0,1,4,0,1,64,0,1,0,1,0,1,0,1,1,0,0,0,1
2761,15,84,1,1,10,82,1,1,2,0,2,0,0,64,1,0,0,1,1,0,0,1,0,1,1,0,0
2762,25,75,0,2,8,96,2,1,0,1,0,1,0,68,1,0,0,1,0,1,0,1,1,0,0,1,0
2763,16,77,1,2,8,74,1,0,2,0,2,1,1,65,0,1,0,1,0,1,0,1,1,0,0,1,0
2764,22,93,2,1,8,77,1,0,2,1,1,0,0,70,0,1,1,0,1,0,0,1,1,0,0,1,0
2765,25,72,1,1,8,52,0,0,1,1,2,2,0,66,1,0,0,1,0,1,0,1,1,0,0,0,1
2766,20,98,2,0,9,95,0,1,0,1,2,0,1,70,0,1,1,0,0,1,0,1,1,0,0,0,1
2767,23,67,1,1,6,63,2,3,0,2,3,0,0,66,1,0,0,1,0,1,0,1,1,0,0,1,0
2768,17,87,1,1,6,99,1,2,0,1,2,2,0,69,1,0,0,1,1,0,0,1,1,0,0,1,0
2769,19,87,2,2,10,60,2,2,1,0,3,0,1,69,1,0,0,1,1,0,0,1,1,0,0,0,1
2770,19,70,2,2,4,63,1,1,0,1,3,1,2,64,0,1,0,1,1,0,0,1,1,0,0,1,0
2771,16,73,1,1,7,74,0,1,0,2,3,0,1,64,1,0,1,0,0,1,0,1,1,0,0,0,1
2772,19,93,0,1,7,83,1,1,1,1,3,0,0,69,0,1,1,0,0,1,0,1,1,0,0,0,1
2773,11,90,1,1,7,72,2,3,1,1,3,0,0,67,0,1,1,0,0,1,0,1,1,0,1,0,0
2774,17,73,0,1,9,68,0,2,1,1,3,1,0,63,0,1,1,0,0,1,0,1,0,1,0,0,1
2775,18,81,0,2,8,77,0,1,1,2,3,1,1,67,1,0,1,0,0,1,0,1,1,0,0,0,1
2776,18,62,1,2,6,98,0,3,1,1,1,1,0,65,1,0,0,1,1,0,0,1,1,0,0,1,0
2777,19,68,1,1,6,98,0,2,0,1,1,0,1,64,0,1,1,0,0,1,0,1,1,0,0,0,1
2778,20,79,2,1,7,66,0,3,2,1,3,1,0,68,0,1,1,0,1,0,0,1,1,0,1,0,0
2779,23,63,0,1,9,84,2,0,2,1,3,0,0,64,0,1,1,0,0,1,0,1,1,0,0,1,0
2780,25,94,2,1,7,86,0,2,0,1,4,1,1,70,1,0,0,1,1,0,1,0,1,0,1,0,0
2781,16,89,2,1,7,83,2,0,0,2,4,2,1,70,1,0,1,0,0,1,0,1,1,0,0,0,1
2782,13,98,2,0,6,56,1,1,2,0,3,1,1,67,0,1,1,0,0,1,0,1,1,0,1,0,0
2783,14,88,2,2,8,77,1,2,1,1,3,1,2,69,1,0,1,0,0,1,0,1,1,0,0,0,1
2784,17,98,2,1,7,88,1,2,0,2,4,0,2,70,1,0,0,1,1,0,0,1,1,0,1,0,0
2785,18,82,2,2,6,60,1,5,1,2,3,1,0,69,1,0,1,0,1,0,0,1,1,0,1,0,0
2786,15,84,1,0,9,67,1,1,1,2,3,1,1,65,1,0,0,1,0,1,0,1,1,0,1,0,0
2787,12,99,1,2,10,60,1,0,0,0,1,0,1,66,1,0,1,0,0,1,0,1,1,0,1,0,0
2788,17,86,2,2,7,94,1,2,1,1,3,0,1,70,1,0,1,0,0,1,0,1,1,0,0,1,0
2789,21,61,1,0,7,93,0,1,0,2,5,0,0,63,1,0,0,1,0,1,0,1,1,0,1,0,0
2790,24,89,0,1,5,58,1,3,2,1,3,0,0,69,0,1,1,0,1,0,0,1,1,0,0,0,1
2791,17,96,2,2,8,88,1,4,0,0,4,2,0,74,1,0,0,1,0,1,0,1,1,0,0,0,1
2792,18,92,1,1,8,68,0,2,2,2,3,0,0,70,1,0,0,1,0,1,0,1,1,0,0,0,1
2793,14,83,2,1,7,84,1,1,0,1,3,0,0,66,0,1,1,0,1,0,0,1,1,0,0,1,0
2794,20,87,0,2,6,75,1,0,0,1,3,2,0,68,1,0,1,0,0,1,0,1,0,1,0,0,1
2795,15,100,1,0,10,74,1,2,1,1,5,0,2,67,1,0,1,0,1,0,0,1,1,0,1,0,0
2796,23,64,1,1,8,94,0,2,1,1,5,0,1,66,0,1,0,1,0,1,0,1,1,0,0,0,1
2797,9,87,2,1,6,82,1,0,0,1,3,1,0,65,0,1,1,0,1,0,0,1,1,0,1,0,0
2798,18,71,0,1,8,62,1,3,2,2,2,1,0,66,1,0,1,0,0,1,0,1,1,0,0,0,1
2799,22,86,2,1,7,56,1,1,2,1,4,0,1,69,1,0,0,1,0,1,0,1,1,0,0,0,1
2800,21,84,0,1,7,97,1,2,0,0,4,0,1,67,0,1,1,0,1,0,0,1,1,0,0,1,0
2801,36,66,0,2,8,58,2,1,1,1,3,1,2,69,1,0,1,0,0,1,0,1,1,0,0,0,1
2802,22,68,1,1,4,87,2,2,1,1,3,2,2,66,0,1,1,0,1,0,0,1,1,0,0,1,0
2803,14,85,1,1,4,75,2,2,2,1,1,0,2,64,0,1,1,0,1,0,0,1,0,1,1,0,0
2804,19,65,1,1,9,57,0,1,1,1,2,0,0,61,0,1,1,0,1,0,0,1,0,1,0,0,1
2805,9,71,0,2,7,89,1,0,0,1,2,0,0,61,1,0,1,0,0,1,0,1,1,0,1,0,0
2806,20,93,1,1,6,95,0,1,1,2,4,1,1,70,1,0,1,0,0,1,0,1,1,0,1,0,0
2807,15,73,1,2,5,56,1,1,1,1,2,2,0,65,0,1,1,0,1,0,0,1,1,0,0,0,1
2808,25,80,2,0,7,53,1,1,1,1,3,1,1,67,1,0,0,1,1,0,0,1,1,0,0,1,0
2809,17,98,0,1,7,92,1,0,2,1,0,1,0,69,1,0,0,1,1,0,0,1,1,0,0,0,1
2810,19,69,1,0,9,75,1,2,1,0,5,0,1,63,0,1,1,0,0,1,0,1,1,0,1,0,0
2811,16,76,1,1,8,84,2,1,2,2,4,0,0,66,1,0,1,0,1,0,0,1,1,0,0,1,0
2812,30,84,2,1,7,72,1,3,1,1,2,0,0,73,1,0,1,0,0,1,0,1,1,0,0,0,1
2813,18,90,2,2,8,71,2,0,0,1,3,0,0,68,0,1,1,0,1,0,1,0,1,0,0,1,0
2814,31,96,2,2,9,65,2,0,0,1,2,0,2,74,1,0,0,1,0,1,0,1,1,0,0,0,1
2815,25,97,0,1,8,78,1,0,1,1,3,0,0,70,1,0,1,0,0,1,0,1,1,0,0,1,0
2816,23,91,2,0,8,58,1,0,1,1,2,0,2,68,1,0,1,0,0,1,0,1,1,0,0,0,1
2817,22,69,2,2,7,86,0,1,2,1,4,0,1,67,0,1,1,0,1,0,0,1,0,1,0,0,1
2818,22,61,2,1,6,77,0,1,1,1,4,2,1,65,1,0,1,0,1,0,0,1,1,0,0,0,1
2819,8,75,1,1,5,92,1,5,2,2,4,0,1,66,1,0,1,0,1,0,0,1,1,0,0,0,1
2820,18,66,2,1,5,96,1,0,0,1,5,0,1,64,0,1,1,0,0,1,0,1,1,0,0,1,0
2821,25,88,1,1,8,95,0,1,2,2,4,0,0,72,0,1,1,0,0,1,0,1,1,0,0,1,0
2822,20,86,1,1,8,80,2,2,1,1,2,1,0,70,1,0,1,0,0,1,0,1,1,0,0,1,0
2823,12,62,1,1,9,66,1,1,0,1,2,1,1,60,0,1,0,1,0,1,0,1,1,0,0,1,0
2824,20,93,1,1,8,68,1,1,0,0,3,0,1,68,1,0,1,0,0,1,0,1,1,0,0,1,0
2825,30,70,1,2,9,83,1,1,2,1,2,2,0,71,0,1,0,1,0,1,0,1,1,0,0,1,0
2826,27,77,1,1,7,86,0,1,2,1,3,0,1,68,1,0,1,0,0,1,0,1,1,0,0,1,0
2827,20,87,2,1,8,58,0,2,0,1,2,2,0,67,1,0,1,0,0,1,0,1,0,1,1,0,0
2828,26,77,1,1,5,100,0,1,0,2,5,0,0,70,0,1,0,1,0,1,0,1,1,0,0,0,1
2829,18,78,1,2,7,55,2,0,2,1,3,0,0,65,1,0,1,0,1,0,0,1,1,0,1,0,0
2830,10,63,1,1,4,80,1,0,0,1,3,1,0,60,1,0,1,0,1,0,0,1,1,0,0,0,1
2831,14,76,2,0,7,77,0,2,2,1,4,1,0,65,1,0,1,0,1,0,1,0,1,0,0,0,1
2832,29,91,1,1,9,80,0,0,0,2,4,0,0,70,0,1,1,0,1,0,0,1,1,0,1,0,0
2833,18,97,0,0,7,77,1,4,0,0,4,2,0,69,1,0,0,1,0,1,0,1,1,0,0,1,0
2834,19,77,2,0,8,53,1,1,0,1,3,0,0,64,1,0,0,1,1,0,0,1,1,0,0,0,1
2835,18,77,0,1,7,100,1,2,2,2,3,0,0,67,1,0,0,1,1,0,0,1,0,1,0,0,1
2836,31,88,0,1,6,99,0,2,2,0,3,2,0,73,1,0,1,0,0,1,0,1,1,0,1,0,0
2837,30,98,1,2,7,76,2,1,0,1,3,1,0,74,1,0,1,0,1,0,0,1,1,0,0,1,0
2838,33,71,1,0,9,60,1,0,1,1,4,0,0,67,1,0,1,0,0,1,0,1,0,1,0,0,1
2839,19,78,0,2,8,59,1,2,2,1,1,0,0,66,1,0,1,0,0,1,0,1,1,0,0,0,1
2840,22,92,1,1,6,53,1,4,2,1,4,0,0,69,1,0,1,0,1,0,0,1,0,1,0,1,0
2841,11,84,2,1,5,81,0,1,0,1,3,0,1,64,0,1,0,1,1,0,0,1,1,0,1,0,0
2842,29,64,1,2,7,74,1,0,2,1,2,2,0,69,0,1,1,0,0,1,0,1,1,0,0,0,1
2843,13,85,0,2,6,71,1,1,0,1,3,0,0,66,0,1,1,0,0,1,0,1,1,0,0,0,1
2844,21,67,2,1,7,76,1,1,1,2,2,0,0,65,1,0,0,1,0,1,0,1,0,1,0,1,0
2845,13,80,1,1,5,94,2,1,1,1,3,0,0,67,0,1,0,1,0,1,0,1,1,0,0,0,1
2846,16,81,1,2,9,54,1,3,1,2,3,2,1,67,1,0,1,0,1,0,0,1,1,0,1,0,0
2847,15,95,1,1,7,77,2,0,0,1,3,0,0,68,0,1,0,1,1,0,0,1,1,0,0,1,0
2848,16,78,1,0,7,85,1,4,1,1,2,0,0,65,1,0,1,0,1,0,0,1,0,1,0,1,0
2849,17,71,1,0,6,99,0,4,1,1,3,2,0,66,1,0,1,0,0,1,0,1,0,1,0,0,1
2850,17,69,2,1,7,87,0,2,0,1,3,1,0,65,1,0,1,0,0,1,0,1,1,0,0,1,0
2851,25,95,1,1,7,77,2,0,0,2,3,2,0,71,1,0,1,0,0,1,1,0,1,0,0,1,0
2852,13,67,1,2,6,88,1,0,0,1,3,1,1,63,0,1,1,0,0,1,0,1,1,0,0,1,0
2853,21,77,2,0,7,100,0,2,2,2,4,1,0,70,0,1,1,0,0,1,0,1,1,0,0,0,1
2854,27,67,2,2,9,94,2,0,2,0,2,1,0,70,0,1,1,0,0,1,0,1,1,0,0,0,1
2855,17,91,0,1,4,54,2,3,0,1,4,1,1,67,0,1,1,0,0,1,0,1,1,0,0,1,0
2856,16,79,2,1,7,79,2,2,2,2,2,0,1,68,1,0,1,0,0,1,0,1,1,0,0,0,1
2857,19,74,1,0,6,89,1,0,2,1,2,0,1,63,1,0,1,0,0,1,1,0,1,0,0,1,0
2858,27,74,1,2,9,84,0,3,2,1,3,1,0,70,0,1,0,1,0,1,0,1,1,0,1,0,0
2859,21,94,1,1,7,71,0,1,0,2,2,2,0,69,1,0,0,1,1,0,1,0,1,0,0,1,0
2860,17,82,1,1,5,66,1,1,1,0,3,0,0,66,0,1,1,0,0,1,0,1,1,0,0,0,1
2861,23,89,0,2,7,81,1,2,0,2,2,2,1,70,1,0,1,0,1,0,0,1,1,0,0,1,0
2862,13,96,1,2,8,71,0,1,1,0,3,0,0,68,1,0,1,0,1,0,0,1,1,0,0,0,1
2863,24,96,1,1,10,70,1,0,2,1,4,0,0,70,0,1,1,0,1,0,0,1,1,0,1,0,0
2864,22,73,0,2,4,92,1,0,0,1,4,2,1,67,1,0,1,0,0,1,0,1,1,0,0,0,1
2865,18,98,1,2,5,66,1,0,1,1,0,2,0,69,1,0,0,1,0,1,0,1,1,0,1,0,0
2866,15,61,2,0,9,82,1,2,1,2,2,2,0,64,1,0,1,0,0,1,0,1,1,0,0,0,1
2867,15,75,2,1,5,94,0,1,0,1,3,0,1,62,0,1,1,0,1,0,1,0,0,1,1,0,0
2868,23,96,1,1,7,81,1,1,0,1,2,2,1,71,1,0,0,1,1,0,0,1,1,0,0,0,1
2869,27,71,2,1,6,75,1,2,1,2,4,0,0,69,1,0,0,1,0,1,0,1,1,0,0,1,0
2870,16,71,1,2,6,52,0,0,2,2,1,0,2,62,1,0,1,0,0,1,0,1,1,0,0,1,0
2871,23,72,0,1,7,84,2,0,1,1,4,0,0,66,1,0,1,0,0,1,0,1,1,0,0,0,1
2872,7,84,1,2,7,100,0,3,0,1,4,0,1,64,1,0,0,1,0,1,0,1,0,1,1,0,0
2873,16,78,0,2,9,90,1,3,0,1,3,2,1,66,1,0,1,0,1,0,0,1,1,0,1,0,0
2874,20,89,2,1,9,82,1,2,2,2,3,1,0,72,0,1,1,0,0,1,0,1,1,0,0,1,0
2875,15,96,2,2,8,73,1,3,1,1,3,1,0,71,0,1,0,1,0,1,0,1,1,0,1,0,0
2876,14,87,1,2,7,61,1,0,0,1,3,0,2,65,1,0,1,0,0,1,0,1,1,0,0,1,0
2877,16,68,1,1,7,85,1,1,1,1,2,1,0,65,0,1,1,0,0,1,0,1,1,0,0,0,1
2878,22,97,1,2,8,59,1,1,0,1,3,0,0,70,1,0,1,0,0,1,0,1,1,0,1,0,0
2879,19,71,1,2,9,94,2,1,2,1,4,0,0,68,1,0,0,1,0,1,0,1,1,0,0,0,1
2881,7,64,1,2,9,70,2,4,0,0,4,0,2,59,1,0,1,0,1,0,0,1,0,1,0,1,0
2882,16,83,0,0,6,61,1,0,1,2,4,1,0,64,1,0,1,0,0,1,0,1,1,0,0,1,0
2883,23,65,2,1,9,74,1,2,1,2,3,1,1,67,1,0,0,1,0,1,0,1,1,0,0,1,0
2884,4,66,0,2,8,84,0,2,0,2,3,2,0,60,0,1,1,0,1,0,0,1,1,0,0,1,0
2885,17,72,2,2,6,65,0,3,0,2,2,2,2,67,1,0,1,0,0,1,0,1,1,0,0,0,1
2886,17,71,1,2,7,85,0,2,0,0,2,1,0,65,0,1,0,1,0,1,0,1,1,0,1,0,0
2887,28,84,1,1,7,81,1,1,1,2,3,1,0,71,1,0,1,0,0,1,0,1,1,0,1,0,0
2888,18,93,0,1,7,69,1,0,0,1,2,1,0,67,1,0,1,0,0,1,0,1,1,0,0,1,0
2889,22,90,1,1,7,66,0,0,0,1,1,2,0,69,1,0,1,0,0,1,0,1,1,0,0,0,1
2890,21,70,2,1,5,93,2,1,0,1,3,1,0,68,1,0,1,0,0,1,0,1,1,0,0,1,0
2891,7,70,1,1,6,51,1,0,2,1,1,0,1,59,0,1,0,1,0,1,0,1,1,0,0,1,0
2892,25,99,2,2,7,86,0,3,1,1,3,1,0,75,0,1,1,0,1,0,1,0,1,0,0,0,1
2893,21,60,1,1,6,71,0,0,1,0,4,0,2,59,1,0,1,0,0,1,0,1,0,1,1,0,0
2894,23,95,2,1,6,86,0,0,1,2,3,0,1,71,0,1,1,0,1,0,0,1,1,0,0,1,0
2895,44,68,2,0,9,75,0,3,1,2,2,0,1,71,0,1,0,1,1,0,0,1,1,0,1,0,0
2896,7,98,1,1,7,54,2,0,1,2,2,0,0,66,0,1,0,1,1,0,0,1,1,0,0,1,0
2897,30,74,1,0,10,99,1,1,2,1,2,0,1,69,1,0,0,1,1,0,0,1,1,0,0,0,1
2898,18,78,2,1,7,54,0,4,0,2,4,1,1,65,0,1,1,0,0,1,1,0,0,1,0,1,0
2899,22,88,1,1,9,58,0,3,0,1,2,1,1,68,1,0,0,1,0,1,0,1,1,0,1,0,0
2900,20,84,2,0,7,71,1,5,0,2,2,0,2,68,0,1,0,1,1,0,0,1,1,0,0,0,1
2901,17,73,1,1,6,97,2,1,1,2,3,0,0,67,1,0,1,0,0,1,0,1,1,0,0,0,1
2902,17,82,2,1,7,65,1,1,1,1,5,0,0,68,1,0,1,0,0,1,0,1,1,0,0,0,1
2903,22,89,0,1,9,78,1,0,1,1,3,0,1,68,1,0,1,0,0,1,0,1,1,0,0,0,1
2905,25,60,1,2,8,67,1,1,1,2,2,1,0,66,0,1,1,0,0,1,0,1,1,0,0,1,0
2906,18,78,2,0,7,85,2,3,0,0,2,1,0,67,1,0,1,0,0,1,0,1,1,0,1,0,0
2907,13,65,1,2,7,75,0,2,1,2,4,0,1,63,1,0,0,1,1,0,0,1,1,0,0,1,0
2908,17,87,1,2,7,79,1,3,0,1,4,0,0,68,0,1,1,0,0,1,0,1,0,1,0,1,0
2909,28,69,2,0,6,61,0,2,1,2,1,0,0,65,1,0,1,0,1,0,0,1,0,1,0,0,1
2910,17,77,2,1,7,96,1,1,0,0,3,1,0,67,1,0,0,1,0,1,0,1,1,0,0,0,1
2911,22,68,2,2,8,56,1,3,1,1,1,2,0,67,1,0,0,1,0,1,1,0,1,0,0,0,1
2912,16,82,1,1,7,85,1,1,2,1,4,0,0,67,1,0,1,0,0,1,0,1,1,0,0,1,0
2913,25,65,1,0,7,94,0,1,0,2,3,0,2,64,1,0,1,0,1,0,0,1,1,0,0,0,1
2914,24,61,1,1,8,54,1,1,0,1,2,0,1,61,1,0,1,0,1,0,0,1,0,1,0,1,0
2915,31,62,1,1,7,51,1,2,1,1,1,1,2,65,0,1,1,0,0,1,0,1,1,0,0,1,0
2916,19,98,0,2,7,67,2,1,1,1,4,0,1,70,0,1,0,1,0,1,0,1,1,0,1,0,0
2917,24,66,1,2,8,89,1,0,1,2,2,1,0,67,1,0,1,0,1,0,0,1,1,0,0,0,1
2918,21,88,2,0,7,86,1,1,0,1,2,0,1,68,1,0,0,1,1,0,0,1,1,0,0,0,1
2919,28,63,1,1,7,91,1,1,0,1,1,0,2,65,1,0,0,1,0,1,0,1,1,0,0,0,1
2920,16,64,2,1,8,70,0,3,2,2,3,0,2,63,0,1,0,1,0,1,0,1,1,0,1,0,0
2921,24,80,1,2,7,100,1,1,2,2,3,2,1,72,1,0,1,0,1,0,0,1,1,0,0,1,0
2922,19,79,2,1,7,68,1,2,2,2,1,1,0,68,0,1,1,0,0,1,0,1,1,0,1,0,0
2923,20,98,1,2,7,90,1,2,1,1,4,0,0,73,1,0,1,0,0,1,0,1,1,0,0,0,1
2924,21,98,2,1,7,68,2,0,1,1,3,1,0,71,0,1,1,0,0,1,0,1,0,1,0,0,1
2925,22,91,1,2,5,61,1,3,0,2,2,2,2,70,1,0,1,0,1,0,0,1,1,0,0,1,0
2926,19,84,2,1,7,67,0,0,1,0,3,2,0,68,0,1,1,0,0,1,0,1,1,0,0,0,1
2927,21,78,1,2,10,60,1,3,2,1,5,0,1,68,1,0,1,0,1,0,0,1,1,0,1,0,0
2928,29,74,1,1,6,56,0,2,0,2,3,2,0,68,0,1,1,0,1,0,0,1,1,0,0,1,0
2929,26,98,0,2,6,68,1,1,0,1,1,2,1,71,1,0,0,1,0,1,0,1,1,0,0,1,0
2930,25,84,1,1,10,57,0,4,1,1,2,1,0,70,1,0,1,0,0,1,0,1,1,0,0,0,1
2931,17,83,2,1,6,75,1,2,1,1,3,0,0,67,1,0,1,0,1,0,0,1,0,1,0,0,1
2932,15,69,0,1,9,52,1,0,2,1,3,1,0,61,0,1,1,0,0,1,0,1,1,0,0,1,0
2933,26,62,2,0,7,72,0,1,1,1,3,1,1,64,0,1,1,0,0,1,0,1,1,0,0,1,0
2934,25,98,0,1,7,98,1,1,1,1,4,2,0,72,1,0,1,0,1,0,0,1,1,0,1,0,0
2935,29,73,2,1,7,68,0,1,0,2,4,0,1,67,1,0,0,1,1,0,0,1,0,1,0,0,1
2936,16,78,2,0,8,57,2,1,1,1,3,1,0,65,1,0,1,0,0,1,0,1,1,0,1,0,0
2937,19,65,1,0,5,65,2,1,2,1,6,1,1,64,0,1,1,0,0,1,0,1,1,0,0,0,1
2938,10,93,0,1,7,90,1,0,0,1,2,0,0,66,0,1,0,1,0,1,0,1,1,0,0,0,1
2939,18,61,1,1,6,66,1,1,1,2,2,0,1,62,0,1,1,0,1,0,0,1,1,0,0,0,1
2940,26,93,0,1,4,69,1,2,0,1,3,0,0,70,1,0,1,0,1,0,0,1,1,0,0,1,0
2941,17,66,1,1,9,89,1,1,1,2,4,0,1,64,0,1,1,0,0,1,1,0,1,0,0,0,1
2942,24,95,1,0,4,63,0,3,0,1,3,0,0,70,0,1,1,0,1,0,0,1,1,0,0,0,1
2943,19,89,1,0,10,74,1,1,0,1,2,0,1,66,0,1,1,0,1,0,0,1,1,0,0,0,1
2944,22,67,0,2,8,53,1,0,1,2,3,0,2,62,1,0,1,0,0,1,0,1,1,0,1,0,0
2945,13,83,0,0,5,59,2,4,0,1,2,0,0,63,0,1,0,1,1,0,0,1,1,0,0,1,0
2946,21,73,0,1,9,60,2,2,1,1,3,1,0,66,1,0,1,0,0,1,0,1,1,0,0,0,1
2948,19,94,1,2,6,91,1,1,0,1,3,0,1,70,1,0,1,0,0,1,0,1,1,0,1,0,0
2949,10,76,1,0,4,68,1,1,2,0,6,1,0,63,1,0,0,1,1,0,0,1,1,0,0,1,0
2950,27,76,1,2,6,69,2,0,1,2,1,0,0,70,1,0,1,0,0,1,0,1,1,0,0,1,0
2951,25,67,2,1,6,65,1,1,0,1,3,0,0,65,1,0,1,0,0,1,0,1,1,0,1,0,0
2952,23,75,1,0,8,66,1,5,1,0,3,0,0,67,1,0,1,0,0,1,0,1,1,0,0,1,0
2953,29,95,2,1,9,70,1,1,0,1,2,2,0,73,0,1,0,1,1,0,1,0,1,0,0,0,1
2955,30,98,0,1,7,51,2,0,0,1,2,0,0,71,1,0,1,0,1,0,0,1,1,0,0,0,1
2956,26,98,1,1,4,81,0,1,0,1,4,2,0,73,1,0,1,0,0,1,0,1,1,0,0,0,1
2957,19,66,1,2,7,94,0,1,2,1,4,0,1,65,0,1,1,0,1,0,0,1,1,0,0,0,1
2958,27,67,2,1,10,71,1,1,0,2,3,0,0,67,0,1,1,0,0,1,0,1,1,0,0,1,0
2959,13,95,1,1,4,83,0,1,0,2,4,1,1,67,1,0,1,0,0,1,1,0,1,0,0,1,0
2960,15,76,2,2,5,79,1,4,1,1,4,2,1,69,0,1,1,0,0,1,0,1,1,0,0,1,0
2961,16,60,1,2,8,67,0,0,0,1,3,0,0,61,1,0,1,0,0,1,0,1,1,0,0,1,0
2962,17,71,1,0,8,57,1,3,1,2,4,0,0,64,0,1,0,1,1,0,0,1,1,0,0,0,1
2963,14,84,0,2,6,61,0,1,2,1,2,1,2,64,1,0,1,0,1,0,0,1,1,0,0,0,1
2964,27,92,0,1,9,53,0,2,0,1,2,1,2,68,1,0,1,0,0,1,0,1,1,0,1,0,0
2965,18,65,1,0,6,88,1,1,1,1,1,1,0,62,1,0,0,1,1,0,0,1,0,1,0,0,1
2966,22,64,1,1,10,77,2,5,1,1,3,0,0,66,1,0,1,0,0,1,0,1,0,1,0,1,0
2967,17,97,2,0,8,89,1,1,0,1,4,1,0,70,1,0,1,0,0,1,0,1,1,0,0,1,0
2968,9,90,2,1,9,65,0,3,1,1,3,0,0,67,0,1,1,0,0,1,0,1,1,0,0,0,1
2969,22,84,1,1,8,90,1,2,1,1,2,1,0,70,0,1,1,0,0,1,0,1,1,0,0,0,1
2970,9,91,1,1,8,65,2,0,1,1,4,0,1,65,1,0,1,0,1,0,0,1,1,0,0,0,1
2971,20,77,0,1,8,56,1,1,1,2,4,1,1,65,1,0,1,0,1,0,0,1,1,0,0,0,1
2972,12,90,1,2,9,77,1,3,1,1,3,2,0,70,1,0,1,0,0,1,0,1,1,0,0,0,1
2973,32,75,2,1,7,97,2,1,1,1,3,1,1,72,1,0,0,1,0,1,0,1,1,0,0,1,0
2974,25,70,1,1,6,71,0,0,0,1,2,1,0,65,0,1,1,0,1,0,0,1,1,0,0,1,0
2975,21,89,2,2,7,76,1,1,1,1,2,0,0,71,1,0,1,0,0,1,0,1,1,0,0,0,1
2976,28,77,2,2,6,73,0,3,1,2,3,1,0,71,0,1,0,1,0,1,0,1,1,0,1,0,0
2977,15,99,1,2,6,73,2,1,2,2,5,2,0,72,1,0,1,0,0,1,0,1,1,0,1,0,0
2978,23,74,0,0,9,61,0,0,1,0,4,2,0,64,1,0,1,0,1,0,0,1,1,0,0,0,1
2979,21,97,1,1,8,71,2,2,2,2,1,1,1,72,1,0,1,0,1,0,0,1,1,0,0,1,0
2980,22,97,0,1,8,75,1,1,1,1,4,2,0,71,1,0,0,1,1,0,0,1,1,0,0,0,1
2981,28,70,1,1,9,87,0,0,0,1,3,0,1,66,1,0,1,0,0,1,0,1,1,0,0,1,0
2982,24,92,2,0,8,57,1,3,1,1,3,1,0,71,0,1,0,1,1,0,0,1,1,0,0,0,1
2983,22,77,1,1,10,79,2,2,1,0,2,0,0,67,1,0,1,0,0,1,0,1,1,0,0,1,0
2984,10,97,2,2,4,83,0,1,0,2,2,2,0,69,1,0,1,0,1,0,0,1,1,0,0,1,0
2985,14,78,2,1,6,69,2,0,1,1,5,1,1,67,0,1,1,0,0,1,0,1,1,0,0,0,1
2986,19,90,2,1,6,77,1,0,2,1,4,2,0,71,1,0,1,0,0,1,0,1,1,0,0,1,0
2987,21,79,1,0,5,86,0,1,2,1,2,0,1,66,0,1,0,1,1,0,0,1,1,0,0,0,1
2988,13,69,2,2,7,73,0,1,1,0,2,0,2,62,1,0,0,1,1,0,0,1,1,0,0,0,1
2989,34,68,1,1,7,67,2,0,1,1,2,0,1,67,1,0,0,1,1,0,0,1,1,0,0,1,0
2990,29,77,1,0,10,91,2,2,0,1,4,2,0,70,0,1,1,0,0,1,0,1,1,0,1,0,0
2991,24,90,2,2,8,99,2,0,0,1,3,1,1,72,0,1,1,0,1,0,0,1,1,0,0,1,0
2992,20,84,2,2,6,61,1,3,1,1,2,0,0,69,1,0,0,1,1,0,0,1,1,0,0,1,0
2993,19,88,1,2,8,94,2,1,1,1,3,0,1,70,1,0,1,0,1,0,0,1,1,0,0,1,0
2994,14,71,2,2,4,77,1,0,1,1,3,0,0,64,0,1,1,0,1,0,0,1,1,0,1,0,0
2995,20,79,1,1,7,72,0,1,1,1,3,0,0,65,1,0,1,0,0,1,1,0,1,0,1,0,0
2996,22,62,1,2,7,95,1,2,1,1,2,0,0,66,1,0,1,0,0,1,0,1,1,0,1,0,0
2997,13,93,0,1,6,96,2,2,2,1,3,0,0,68,0,1,0,1,1,0,0,1,1,0,1,0,0
2998,22,100,1,1,7,64,1,2,0,1,3,1,0,72,0,1,0,1,0,1,0,1,1,0,0,0,1
2999,19,76,1,0,6,68,1,2,2,1,3,0,1,65,0,1,1,0,0,1,0,1,1,0,0,0,1
3000,9,60,1,0,6,93,1,3,0,2,2,0,1,60,0,1,0,1,0,1,0,1,1,0,0,1,0
3001,15,67,1,1,8,75,1,0,2,2,4,2,0,63,0,1,1,0,1,0,0,1,1,0,1,0,0
3002,18,86,0,0,9,64,0,3,0,2,3,0,0,66,0,1,1,0,0,1,0,1,1,0,0,0,1
3003,31,84,0,1,8,98,0,1,1,1,4,2,0,73,0,1,1,0,0,1,0,1,1,0,0,0,1
3004,23,92,1,1,6,61,0,4,0,1,4,1,0,71,1,0,1,0,0,1,0,1,1,0,0,0,1
3005,12,70,1,1,6,81,0,1,0,1,2,0,2,59,1,0,1,0,0,1,0,1,0,1,1,0,0
3006,23,91,1,0,6,71,1,5,0,2,3,0,1,70,0,1,1,0,0,1,0,1,1,0,0,1,0
3007,11,88,1,0,7,73,0,1,1,0,3,1,0,63,0,1,0,1,0,1,0,1,0,1,0,1,0
3008,26,73,1,1,6,55,1,1,1,0,4,2,0,67,1,0,1,0,1,0,0,1,1,0,0,0,1
3009,17,82,0,1,9,63,1,2,0,1,2,1,1,65,1,0,0,1,0,1,0,1,1,0,0,1,0
3010,19,66,1,0,7,58,1,5,1,0,4,1,1,64,0,1,1,0,1,0,0,1,1,0,0,0,1
3011,28,78,2,1,8,87,0,2,0,1,2,2,0,71,1,0,1,0,1,0,0,1,1,0,0,0,1
3012,12,95,1,2,5,85,1,2,2,1,2,1,0,70,1,0,1,0,0,1,0,1,1,0,1,0,0
3013,12,77,1,0,6,90,1,2,1,0,2,0,0,63,0,1,1,0,0,1,0,1,1,0,0,1,0
3014,16,94,0,1,8,85,1,3,0,2,2,0,0,68,0,1,1,0,1,0,0,1,1,0,0,1,0
3015,26,84,1,1,8,56,1,1,1,1,2,1,0,67,0,1,1,0,0,1,1,0,1,0,1,0,0
3016,11,68,1,2,5,99,1,1,2,1,4,2,0,66,0,1,1,0,0,1,0,1,1,0,0,1,0
3017,3,83,2,0,7,59,0,2,1,2,5,0,1,63,1,0,1,0,0,1,0,1,1,0,0,0,1
3018,17,80,1,1,7,68,1,0,1,1,5,1,0,65,0,1,0,1,0,1,0,1,0,1,1,0,0
3019,23,76,1,2,6,85,0,2,0,1,3,0,2,66,1,0,1,0,0,1,0,1,0,1,0,0,1
3020,27,65,1,1,8,57,1,2,0,0,4,2,0,65,0,1,1,0,0,1,0,1,1,0,1,0,0
3021,17,77,0,1,5,59,1,2,1,2,4,0,0,65,1,0,0,1,0,1,0,1,1,0,0,1,0
3022,18,63,2,0,6,94,1,2,1,2,2,0,0,63,1,0,1,0,1,0,0,1,0,1,0,1,0
3023,27,64,1,2,8,67,1,0,0,1,3,0,0,65,1,0,1,0,1,0,0,1,1,0,0,0,1
3024,9,77,0,2,7,83,1,1,0,2,4,0,2,62,1,0,0,1,0,1,0,1,0,1,0,1,0
3025,18,72,1,1,7,93,1,1,1,1,3,1,0,66,0,1,1,0,0,1,0,1,1,0,0,0,1
3026,21,97,1,0,7,99,1,1,2,1,3,2,0,71,0,1,1,0,1,0,0,1,1,0,1,0,0
3027,23,75,0,0,8,61,2,2,0,1,2,0,2,64,0,1,1,0,0,1,0,1,1,0,0,0,1
3028,17,90,1,1,8,56,0,0,1,1,4,1,0,67,0,1,0,1,0,1,0,1,1,0,0,1,0
3029,20,81,1,1,8,87,1,1,2,1,3,0,0,68,1,0,0,1,1,0,0,1,1,0,0,1,0
3030,5,88,1,1,7,59,1,3,0,1,3,1,0,63,0,1,1,0,1,0,0,1,1,0,1,0,0
3031,16,70,0,1,6,79,2,0,2,2,3,1,0,64,0,1,1,0,0,1,0,1,1,0,1,0,0
3032,23,98,2,2,6,77,1,1,0,2,1,2,0,74,0,1,1,0,0,1,0,1,1,0,0,1,0
3033,14,81,0,1,5,78,1,2,2,2,4,2,0,68,1,0,1,0,0,1,0,1,1,0,0,0,1
3034,20,93,1,1,6,82,0,1,1,2,3,0,1,68,0,1,1,0,0,1,1,0,0,1,0,0,1
3035,23,75,2,2,6,93,1,2,1,0,3,2,1,69,0,1,1,0,0,1,1,0,1,0,0,1,0
3036,18,64,0,1,9,64,1,4,0,1,4,0,0,61,1,0,1,0,0,1,0,1,0,1,1,0,0
3037,21,87,0,2,5,78,2,1,0,1,2,0,0,69,0,1,0,1,0,1,0,1,1,0,0,0,1
3038,14,60,0,0,9,67,0,3,2,2,3,0,0,61,0,1,1,0,0,1,0,1,1,0,0,0,1
3039,19,79,1,2,7,66,0,3,2,1,3,0,0,67,1,0,1,0,0,1,0,1,0,1,0,0,1
3040,24,68,0,2,7,51,1,0,0,0,4,0,0,63,0,1,0,1,1,0,0,1,1,0,0,1,0
3041,21,85,1,1,8,80,1,3,0,2,3,1,1,68,0,1,1,0,1,0,0,1,0,1,0,0,1
3042,16,99,1,1,5,99,0,0,0,1,5,1,1,68,0,1,0,1,1,0,1,0,1,0,0,1,0
3043,21,79,1,0,6,88,0,2,2,1,1,0,0,67,1,0,1,0,0,1,0,1,1,0,0,1,0
3044,24,93,0,1,5,62,2,1,2,1,3,1,1,69,0,1,0,1,0,1,0,1,1,0,1,0,0
3045,8,80,2,1,6,86,1,2,0,1,3,0,0,64,1,0,1,0,1,0,0,1,1,0,0,1,0
3046,27,80,0,0,6,65,0,1,0,1,4,2,0,67,1,0,1,0,1,0,0,1,1,0,0,0,1
3047,18,97,1,2,9,88,0,1,2,1,3,0,0,70,0,1,1,0,1,0,0,1,0,1,0,1,0
3048,23,96,0,2,6,93,0,5,0,1,4,0,0,72,0,1,1,0,0,1,0,1,1,0,1,0,0
3049,27,91,0,2,4,67,1,1,2,2,2,0,1,71,0,1,0,1,1,0,0,1,1,0,0,1,0
3050,12,72,1,1,6,50,2,1,0,1,3,1,0,62,1,0,1,0,1,0,0,1,1,0,0,0,1
3051,16,82,1,1,8,65,2,2,0,1,5,2,0,67,1,0,0,1,0,1,0,1,0,1,0,0,1
3052,18,69,1,2,9,60,1,3,0,1,2,1,2,64,0,1,1,0,0,1,0,1,1,0,1,0,0
3053,15,78,1,1,7,81,1,0,1,0,2,0,0,64,1,0,1,0,0,1,0,1,1,0,0,1,0
3054,30,79,2,1,6,65,1,1,0,1,4,2,0,70,0,1,1,0,1,0,0,1,1,0,1,0,0
3055,15,93,1,1,7,52,1,3,0,1,5,1,0,68,0,1,1,0,0,1,0,1,1,0,1,0,0
3056,17,96,1,1,8,77,1,1,1,1,3,2,0,70,0,1,1,0,1,0,0,1,1,0,0,1,0
3057,21,77,1,0,5,94,0,1,1,2,3,0,2,65,1,0,1,0,0,1,0,1,1,0,1,0,0
3058,13,61,0,0,7,73,0,2,2,1,2,0,0,59,0,1,1,0,1,0,0,1,1,0,0,0,1
3059,18,94,1,1,7,69,1,1,1,2,2,0,2,69,0,1,1,0,0,1,0,1,1,0,0,0,1
3060,22,67,1,1,7,59,2,2,0,2,3,2,0,67,1,0,1,0,0,1,0,1,1,0,0,0,1
3061,18,85,1,2,7,69,1,2,0,1,4,0,0,68,1,0,0,1,1,0,0,1,1,0,0,0,1
3062,19,61,1,1,6,67,0,1,1,1,1,1,0,62,1,0,1,0,1,0,0,1,1,0,0,0,1
3063,17,76,2,1,8,100,0,0,2,1,4,0,1,65,1,0,0,1,1,0,1,0,1,0,0,1,0
3064,11,99,2,1,7,52,1,0,2,2,5,1,0,69,0,1,0,1,0,1,0,1,1,0,0,1,0
3065,22,64,1,1,7,62,1,3,0,1,4,2,1,65,0,1,0,1,0,1,0,1,1,0,0,1,0
3066,31,77,2,0,5,53,2,1,1,1,2,0,0,68,0,1,1,0,0,1,0,1,1,0,0,1,0
3067,20,72,2,0,8,93,1,4,0,2,2,0,0,68,1,0,1,0,0,1,0,1,1,0,0,0,1
3068,21,96,2,1,6,71,2,3,1,1,3,0,0,71,0,1,1,0,0,1,1,0,1,0,1,0,0
3069,24,95,1,0,9,90,1,3,0,0,4,0,1,71,1,0,1,0,0,1,0,1,1,0,0,0,1
3070,12,70,2,1,5,85,2,1,2,1,3,2,0,66,0,1,1,0,1,0,0,1,1,0,0,0,1
3071,30,63,1,2,8,96,1,4,0,1,3,2,0,71,0,1,0,1,0,1,0,1,1,0,0,0,1
3072,21,85,1,1,4,51,0,2,0,1,3,1,0,66,0,1,1,0,1,0,0,1,1,0,0,1,0
3073,30,73,2,0,4,60,1,0,0,0,4,0,1,66,0,1,0,1,1,0,0,1,1,0,0,0,1
3074,16,87,2,2,6,85,1,2,1,2,1,0,0,69,0,1,1,0,0,1,0,1,1,0,0,1,0
3075,31,61,1,1,4,79,1,0,0,0,3,0,1,65,0,1,1,0,1,0,0,1,1,0,0,0,1
3076,25,65,2,0,8,85,1,2,0,1,3,2,0,66,0,1,1,0,0,1,0,1,1,0,1,0,0
3077,23,87,1,0,7,79,1,2,1,1,2,0,2,67,1,0,1,0,1,0,0,1,1,0,0,1,0
3078,21,68,1,1,9,79,0,1,2,2,4,2,1,66,0,1,0,1,1,0,0,1,1,0,1,0,0
3079,19,94,1,1,7,97,1,0,1,1,3,0,0,69,0,1,1,0,1,0,0,1,1,0,0,1,0
3080,27,62,2,0,7,96,1,2,0,1,4,0,0,66,1,0,1,0,1,0,0,1,1,0,0,1,0
3081,21,69,2,1,7,52,0,0,0,1,3,2,0,64,1,0,1,0,0,1,0,1,1,0,1,0,0
3082,8,100,2,2,6,71,1,0,0,2,2,2,0,70,0,1,1,0,0,1,0,1,1,0,0,0,1
3083,13,77,0,1,6,76,0,1,1,0,4,1,1,62,1,0,0,1,0,1,1,0,1,0,0,1,0
3084,19,88,0,1,5,68,2,1,0,0,5,0,1,67,1,0,1,0,0,1,0,1,1,0,0,0,1
3085,22,67,0,1,8,52,1,1,1,0,2,1,1,60,0,1,1,0,1,0,0,1,0,1,1,0,0
3086,20,84,0,0,7,74,0,1,2,1,3,2,0,66,0,1,1,0,1,0,0,1,1,0,0,1,0
3087,27,89,1,1,7,99,1,0,1,2,2,0,0,72,0,1,1,0,0,1,0,1,1,0,0,0,1
3088,8,73,1,2,10,54,1,2,1,1,3,0,0,63,1,0,1,0,0,1,0,1,1,0,0,0,1
3089,21,93,0,0,6,91,0,1,2,1,3,2,0,69,1,0,1,0,0,1,0,1,1,0,1,0,0
3090,9,84,2,2,7,60,2,1,0,1,3,1,1,66,1,0,0,1,0,1,0,1,1,0,0,0,1
3091,25,76,1,1,7,79,1,2,1,1,2,1,0,69,1,0,1,0,0,1,0,1,1,0,0,0,1
3092,19,82,2,1,9,69,0,2,1,1,3,1,1,68,1,0,0,1,1,0,0,1,1,0,0,1,0
3093,23,83,1,0,7,67,1,3,0,0,4,0,1,66,0,1,1,0,1,0,0,1,1,0,1,0,0
3094,15,67,1,1,7,94,0,0,2,0,2,2,1,63,1,0,0,1,0,1,0,1,1,0,0,0,1
3095,28,76,1,1,10,99,2,1,1,1,3,0,0,70,1,0,1,0,0,1,0,1,1,0,0,1,0
3096,26,74,1,1,6,69,1,2,0,2,4,2,1,68,1,0,1,0,1,0,0,1,1,0,0,0,1
3097,24,76,1,1,7,82,1,2,1,1,4,1,2,68,1,0,1,0,0,1,0,1,1,0,0,0,1
3098,19,90,1,1,8,78,1,1,0,1,3,0,1,67,1,0,0,1,1,0,0,1,1,0,0,1,0
3099,23,79,2,2,6,54,0,1,0,1,1,0,1,67,1,0,1,0,0,1,0,1,1,0,0,1,0
3100,16,98,2,0,8,52,1,3,0,2,3,1,1,69,0,1,1,0,0,1,0,1,1,0,0,1,0
3101,25,72,1,1,6,89,0,3,0,2,5,0,0,68,1,0,1,0,1,0,0,1,1,0,0,1,0
3102,30,77,1,0,9,70,1,0,1,2,1,0,1,67,1,0,1,0,0,1,0,1,1,0,0,1,0
3103,26,91,2,1,8,65,0,0,1,2,2,0,1,70,1,0,1,0,0,1,0,1,1,0,0,1,0
3104,16,82,2,2,7,99,0,3,1,1,3,2,1,70,1,0,1,0,1,0,0,1,1,0,0,0,1
3105,22,82,1,0,5,54,1,2,1,1,2,1,1,66,1,0,1,0,1,0,0,1,1,0,0,1,0
3106,12,62,2,2,6,63,2,0,0,1,2,0,0,61,1,0,0,1,0,1,0,1,1,0,1,0,0
3107,23,76,0,2,7,93,1,2,0,1,2,1,0,68,1,0,1,0,0,1,0,1,1,0,1,0,0
3108,23,71,0,1,8,71,0,1,0,0,2,2,0,64,0,1,1,0,0,1,0,1,1,0,0,1,0
3109,9,100,0,0,7,79,1,1,0,1,2,2,0,66,1,0,1,0,1,0,0,1,1,0,0,0,1
3110,13,72,0,2,8,52,1,3,2,2,4,0,0,65,1,0,0,1,0,1,0,1,1,0,0,0,1
3111,18,95,1,2,8,96,1,3,1,0,6,2,0,73,1,0,1,0,1,0,0,1,1,0,1,0,0
3112,18,87,0,0,8,57,1,3,2,2,4,0,0,66,1,0,1,0,1,0,1,0,1,0,0,0,1
3113,13,74,2,2,7,61,1,2,0,1,3,0,1,65,1,0,1,0,0,1,0,1,1,0,0,0,1
3114,22,82,1,2,7,58,1,0,1,1,4,1,0,68,1,0,1,0,0,1,0,1,1,0,1,0,0
3115,22,94,1,1,7,75,0,0,0,2,3,0,0,69,1,0,1,0,0,1,0,1,1,0,0,1,0
3116,19,95,0,2,6,91,2,1,1,2,4,1,0,72,1,0,1,0,0,1,0,1,1,0,0,1,0
3117,15,66,1,1,9,63,1,3,1,1,3,0,0,63,1,0,0,1,1,0,0,1,1,0,0,1,0
3118,26,74,0,1,8,57,1,0,1,1,1,0,0,65,1,0,0,1,1,0,0,1,1,0,0,0,1
3119,30,73,2,1,9,70,0,0,1,1,4,1,0,69,1,0,1,0,0,1,0,1,1,0,1,0,0
3120,17,62,2,0,6,99,1,2,1,1,3,0,2,62,0,1,0,1,1,0,0,1,1,0,1,0,0
3121,16,84,1,2,8,51,0,0,1,1,3,2,0,66,0,1,1,0,0,1,0,1,1,0,1,0,0
3122,23,94,0,0,9,75,1,3,0,1,2,2,1,69,0,1,0,1,0,1,0,1,1,0,0,1,0
3123,18,75,2,1,9,83,1,2,0,1,4,2,1,67,0,1,1,0,0,1,0,1,0,1,0,0,1
3125,24,85,1,1,7,87,2,2,1,1,2,0,0,71,0,1,0,1,0,1,0,1,1,0,0,1,0
3126,9,75,1,1,7,54,0,2,0,1,4,0,0,61,0,1,1,0,1,0,0,1,1,0,0,0,1
3127,28,66,2,1,9,73,1,2,0,1,2,1,0,68,1,0,1,0,0,1,0,1,1,0,0,0,1
3128,20,88,1,1,4,54,0,0,2,0,4,0,0,66,1,0,1,0,1,0,0,1,1,0,1,0,0
3129,18,94,2,2,5,81,1,0,2,0,5,0,0,71,0,1,1,0,0,1,0,1,1,0,1,0,0
3130,19,87,0,1,9,54,0,3,0,2,4,0,1,66,0,1,1,0,1,0,0,1,1,0,0,0,1
3131,20,61,0,1,6,52,1,2,0,0,2,2,0,60,1,0,0,1,1,0,0,1,1,0,1,0,0
3132,10,69,1,1,5,65,0,0,1,1,3,0,0,60,0,1,0,1,0,1,0,1,1,0,0,0,1
3133,29,63,0,0,9,97,2,3,1,2,3,0,0,66,1,0,1,0,0,1,1,0,1,0,1,0,0
3134,20,83,1,0,5,85,1,1,2,2,2,1,2,67,1,0,1,0,0,1,0,1,1,0,0,1,0
3135,23,90,0,0,9,50,0,4,1,1,3,0,1,67,1,0,0,1,1,0,0,1,1,0,0,1,0
3136,26,64,1,1,5,64,1,2,2,1,1,0,0,64,1,0,1,0,1,0,0,1,1,0,1,0,0
3137,14,94,1,1,5,51,1,0,1,2,3,1,0,66,1,0,1,0,1,0,0,1,1,0,0,1,0
3138,23,82,2,0,7,65,2,1,1,2,3,0,0,68,0,1,1,0,1,0,0,1,1,0,1,0,0
3139,18,88,2,0,6,84,1,1,1,2,3,2,1,70,0,1,1,0,0,1,0,1,1,0,0,0,1
3140,25,99,2,1,7,88,1,3,0,1,4,1,1,75,0,1,0,1,0,1,0,1,1,0,0,0,1
3142,19,96,1,1,7,95,2,3,1,2,3,1,0,73,0,1,0,1,0,1,0,1,1,0,1,0,0
3143,16,65,1,0,9,68,1,1,2,1,3,0,1,61,1,0,1,0,1,0,0,1,1,0,0,1,0
3144,23,76,2,2,7,93,1,0,1,1,6,0,1,68,1,0,0,1,1,0,0,1,1,0,1,0,0
3145,23,94,1,2,8,86,1,1,0,2,0,1,2,70,0,1,1,0,1,0,0,1,1,0,0,1,0
3146,16,96,1,1,4,77,2,1,2,2,2,0,0,71,1,0,1,0,0,1,0,1,1,0,0,0,1
3147,16,80,2,1,8,98,2,2,1,2,4,2,0,71,1,0,0,1,0,1,0,1,1,0,0,0,1
3148,19,84,1,1,8,97,2,2,1,1,1,1,0,68,1,0,1,0,1,0,0,1,0,1,0,1,0
3149,15,88,2,2,6,95,1,2,0,1,4,0,0,70,0,1,1,0,0,1,0,1,1,0,1,0,0
3150,25,93,1,1,10,60,0,1,1,1,3,1,1,70,1,0,1,0,0,1,0,1,1,0,0,0,1
3151,18,65,1,2,6,60,0,0,1,2,3,0,1,62,0,1,0,1,0,1,0,1,1,0,0,1,0
3152,3,92,2,0,5,95,2,3,1,1,1,2,0,67,0,1,1,0,0,1,0,1,1,0,0,1,0
3153,18,79,1,1,8,70,2,3,1,1,3,1,0,68,0,1,1,0,1,0,0,1,1,0,0,0,1
3154,14,78,2,2,5,90,1,1,1,1,3,2,0,68,0,1,1,0,0,1,0,1,1,0,0,1,0
3155,10,77,2,2,7,84,0,2,0,2,1,0,2,64,1,0,0,1,1,0,0,1,1,0,0,1,0
3156,13,80,1,2,9,88,1,1,2,2,3,2,0,68,1,0,1,0,1,0,0,1,1,0,0,0,1
3157,21,98,0,2,8,51,1,0,1,1,3,0,0,69,1,0,1,0,0,1,0,1,1,0,0,1,0
3158,28,82,1,2,7,71,0,1,1,2,3,0,0,70,1,0,1,0,1,0,0,1,1,0,0,1,0
3159,22,98,1,1,6,93,1,4,0,1,4,0,0,73,0,1,1,0,0,1,0,1,1,0,0,1,0
3160,16,67,2,1,9,74,1,1,2,2,3,2,1,66,1,0,1,0,0,1,0,1,1,0,0,0,1
3161,23,89,0,1,5,85,0,0,0,1,3,2,1,68,1,0,1,0,1,0,0,1,1,0,0,0,1
3162,17,92,0,1,8,88,2,1,2,1,3,0,0,68,0,1,1,0,0,1,1,0,1,0,0,1,0
3163,16,87,0,1,10,56,0,2,1,2,0,2,1,65,0,1,0,1,0,1,0,1,1,0,0,1,0
3164,13,84,1,1,8,58,2,2,0,0,3,2,0,66,0,1,1,0,0,1,0,1,1,0,0,1,0
3165,9,83,2,0,7,86,1,0,0,1,1,1,2,62,0,1,1,0,0,1,0,1,1,0,1,0,0
3166,18,94,0,0,7,53,0,3,1,2,2,0,0,67,0,1,0,1,0,1,0,1,1,0,0,1,0
3167,21,93,1,2,6,67,2,1,1,2,3,2,0,73,0,1,1,0,0,1,0,1,1,0,0,0,1
3168,19,65,1,0,6,96,1,2,1,2,2,2,0,65,1,0,0,1,0,1,0,1,1,0,0,1,0
3169,18,94,2,0,7,79,2,2,2,1,4,0,0,70,0,1,0,1,1,0,0,1,1,0,0,1,0
3170,14,77,2,1,8,96,1,3,1,1,2,2,0,68,1,0,1,0,0,1,0,1,1,0,0,1,0
3171,24,70,2,1,9,65,1,3,1,0,3,0,1,67,1,0,0,1,0,1,0,1,1,0,0,0,1
3172,12,95,0,1,4,82,2,2,0,1,3,0,1,66,1,0,1,0,0,1,0,1,1,0,1,0,0
3173,25,77,1,0,4,64,0,3,0,1,4,1,0,65,0,1,1,0,1,0,0,1,0,1,0,1,0
3174,14,92,2,0,9,56,0,1,1,1,4,0,1,66,0,1,1,0,0,1,0,1,1,0,0,1,0
3175,15,71,2,2,7,100,0,2,0,0,4,0,0,66,1,0,1,0,1,0,0,1,1,0,0,1,0
3176,11,60,1,2,7,59,2,2,0,1,1,1,1,60,1,0,1,0,1,0,0,1,1,0,0,0,1
3177,17,80,2,0,8,59,1,0,2,2,4,1,0,66,0,1,1,0,0,1,0,1,1,0,1,0,0
3178,26,64,2,1,7,92,0,2,0,2,4,1,1,68,0,1,0,1,0,1,0,1,1,0,0,0,1
3179,23,90,1,1,10,90,0,3,0,1,5,0,0,72,1,0,1,0,0,1,0,1,1,0,0,0,1
3180,26,71,0,2,8,99,1,1,1,1,3,1,0,68,1,0,1,0,1,0,1,0,1,0,0,0,1
3181,23,78,1,1,6,54,2,0,0,1,3,2,0,67,0,1,1,0,0,1,0,1,1,0,0,1,0
3182,13,63,2,1,6,55,2,0,1,0,4,2,0,62,1,0,1,0,1,0,0,1,1,0,0,0,1
3183,18,71,1,1,7,72,2,0,2,2,5,1,1,66,0,1,1,0,1,0,0,1,1,0,0,0,1
3184,15,91,2,1,6,80,1,0,0,1,3,2,0,69,1,0,0,1,1,0,0,1,1,0,0,0,1
3185,28,66,1,1,10,52,0,0,0,2,3,0,0,64,1,0,1,0,1,0,0,1,1,0,0,0,1
3186,13,86,0,1,7,58,1,0,1,1,3,0,0,63,1,0,0,1,1,0,1,0,1,0,0,0,1
3187,25,97,0,2,5,85,1,2,2,1,2,0,0,74,1,0,1,0,0,1,0,1,1,0,0,0,1
3188,25,87,2,1,8,83,1,0,1,2,4,1,1,72,1,0,0,1,0,1,0,1,1,0,0,0,1
3189,31,92,1,1,9,54,1,1,0,1,3,1,0,71,1,0,0,1,0,1,1,0,1,0,0,0,1
3190,18,64,0,2,9,97,1,2,1,1,3,0,1,64,0,1,1,0,0,1,0,1,1,0,1,0,0
3191,24,70,2,2,6,63,0,0,0,1,3,0,0,65,1,0,1,0,1,0,1,0,1,0,0,1,0
3192,34,96,1,1,5,94,2,1,1,2,5,0,1,75,0,1,1,0,0,1,0,1,0,1,1,0,0
3193,16,89,2,1,9,96,1,2,1,0,3,1,2,69,1,0,1,0,1,0,0,1,1,0,0,0,1
3194,11,86,1,1,5,75,1,1,1,0,4,2,1,65,0,1,1,0,1,0,0,1,1,0,0,1,0
3195,9,87,0,0,8,71,0,0,0,2,1,1,1,60,1,0,1,0,1,0,1,0,1,0,0,1,0
3196,24,77,1,1,6,64,1,2,2,1,4,0,0,69,1,0,1,0,0,1,0,1,1,0,0,0,1
3197,9,62,2,2,9,90,2,4,2,1,4,1,2,65,1,0,1,0,0,1,0,1,1,0,0,1,0
3198,18,91,0,1,5,60,0,0,2,2,4,0,1,67,1,0,0,1,0,1,0,1,1,0,0,0,1
3199,23,87,2,0,6,81,0,5,1,2,2,0,2,70,0,1,0,1,1,0,0,1,1,0,0,1,0
3200,21,79,1,0,8,78,0,1,0,2,4,1,1,66,0,1,1,0,0,1,0,1,1,0,0,0,1
3201,23,96,1,1,8,62,1,0,0,2,4,0,1,69,0,1,1,0,0,1,0,1,1,0,0,1,0
3202,21,73,1,1,9,99,1,2,1,2,3,2,0,69,1,0,1,0,0,1,0,1,1,0,0,1,0
3203,28,72,2,1,8,92,0,1,1,1,2,0,0,68,0,1,1,0,0,1,0,1,1,0,1,0,0
3204,14,95,1,1,8,51,1,5,1,1,4,1,0,70,0,1,0,1,0,1,0,1,1,0,0,0,1
3205,16,92,1,0,9,71,2,2,0,1,2,0,1,66,0,1,0,1,1,0,0,1,1,0,0,1,0
3206,15,81,2,1,5,68,0,0,1,2,3,0,0,65,0,1,1,0,1,0,1,0,1,0,0,0,1
3207,25,65,0,1,6,94,1,1,0,2,4,1,0,65,1,0,1,0,1,0,0,1,1,0,1,0,0
3208,25,69,0,1,5,63,1,1,2,1,2,0,0,65,1,0,0,1,0,1,0,1,1,0,0,1,0
3209,23,86,0,1,4,100,1,0,0,2,3,2,0,69,1,0,1,0,0,1,0,1,1,0,1,0,0
3210,27,75,1,1,8,60,1,4,1,1,2,2,1,69,0,1,1,0,1,0,0,1,1,0,0,0,1
3211,13,93,1,2,9,62,0,0,0,1,3,0,1,65,1,0,0,1,1,0,0,1,1,0,0,1,0
3213,29,92,1,2,8,58,0,2,1,0,3,1,0,72,1,0,0,1,1,0,0,1,1,0,0,1,0
3214,24,75,1,0,7,94,1,2,1,2,4,0,0,67,1,0,1,0,1,0,0,1,1,0,1,0,0
3215,31,92,2,1,7,55,1,3,0,2,3,0,0,74,1,0,1,0,0,1,0,1,1,0,0,0,1
3216,10,74,1,1,10,99,2,2,1,2,3,1,0,66,1,0,1,0,0,1,0,1,1,0,0,1,0
3217,17,67,2,2,9,94,1,2,0,0,3,0,0,66,0,1,0,1,0,1,0,1,1,0,0,0,1
3218,16,61,1,2,6,92,2,4,2,2,3,0,0,66,1,0,1,0,1,0,0,1,1,0,0,1,0
3219,24,75,0,2,9,70,2,5,2,2,5,1,0,71,0,1,1,0,0,1,0,1,1,0,1,0,0
3220,14,96,1,0,9,76,1,0,0,2,3,0,1,66,1,0,1,0,1,0,0,1,1,0,0,1,0
3221,25,70,0,2,8,73,2,1,0,0,2,2,0,65,1,0,1,0,1,0,0,1,1,0,1,0,0
3222,28,68,0,2,8,99,1,1,2,1,3,0,0,69,0,1,1,0,0,1,0,1,1,0,0,1,0
3223,24,99,1,0,8,52,0,1,0,2,2,0,0,69,1,0,1,0,0,1,0,1,1,0,1,0,0
3224,22,61,1,1,5,69,0,2,0,2,2,0,2,63,0,1,1,0,0,1,0,1,1,0,0,1,0
3225,14,91,0,1,5,98,2,0,2,2,3,0,0,68,0,1,1,0,1,0,0,1,1,0,0,1,0
3226,15,73,1,1,8,68,1,1,2,1,3,0,0,64,0,1,1,0,1,0,0,1,1,0,0,1,0
3227,27,61,1,1,5,70,1,2,0,0,2,1,0,64,1,0,1,0,1,0,0,1,1,0,0,1,0
3228,25,97,1,2,5,82,2,1,0,2,5,1,1,73,1,0,1,0,0,1,0,1,1,0,1,0,0
3229,20,66,0,2,4,95,2,2,2,1,2,0,1,66,0,1,1,0,0,1,0,1,1,0,0,1,0
3230,17,82,1,2,6,65,0,4,0,1,3,0,1,67,0,1,0,1,1,0,0,1,1,0,0,0,1
3231,8,71,2,1,8,97,1,3,1,1,1,0,0,63,0,1,0,1,0,1,0,1,0,1,0,1,0
3232,14,63,1,1,8,64,2,1,0,1,3,0,1,61,1,0,1,0,0,1,0,1,1,0,0,1,0
3233,31,62,1,1,8,91,2,4,2,2,4,0,1,71,1,0,1,0,0,1,0,1,1,0,0,0,1
3234,12,65,0,1,6,64,1,1,1,1,3,1,0,61,0,1,1,0,0,1,0,1,1,0,0,0,1
3235,21,63,1,0,7,54,0,1,1,1,3,1,1,62,0,1,0,1,0,1,0,1,1,0,0,0,1
3236,26,90,2,2,8,91,1,1,2,2,4,0,0,74,1,0,0,1,0,1,0,1,0,1,0,1,0
3237,12,79,1,1,8,73,1,2,1,1,4,0,0,65,1,0,0,1,1,0,0,1,1,0,0,1,0
3238,21,74,0,0,6,70,0,2,0,2,3,0,1,64,0,1,1,0,0,1,0,1,1,0,0,0,1
3239,26,77,0,0,7,71,1,1,1,2,4,2,1,66,1,0,1,0,1,0,0,1,1,0,0,1,0
3240,20,97,2,2,4,81,1,1,1,1,2,0,0,72,1,0,1,0,0,1,0,1,0,1,0,0,1
3242,10,89,1,1,6,62,1,4,0,1,3,2,1,67,1,0,1,0,0,1,0,1,1,0,0,0,1
3243,26,95,1,2,9,74,0,3,0,1,3,0,0,71,0,1,0,1,1,0,0,1,0,1,0,1,0
3244,19,73,2,1,6,52,1,1,1,1,3,0,0,65,1,0,1,0,1,0,0,1,1,0,0,0,1
3245,25,75,0,0,7,82,1,3,1,2,4,2,0,68,1,0,0,1,0,1,0,1,1,0,1,0,0
3246,23,85,1,1,6,91,0,1,0,2,3,0,2,68,1,0,1,0,0,1,0,1,1,0,0,1,0
3247,16,85,2,0,6,86,0,3,2,2,2,0,2,67,1,0,0,1,0,1,0,1,1,0,0,1,0
3248,21,79,1,0,8,73,1,1,0,0,2,0,0,64,0,1,1,0,1,0,0,1,1,0,0,1,0
3249,9,76,0,2,6,78,0,0,1,1,4,2,0,60,1,0,1,0,1,0,1,0,0,1,1,0,0
3250,24,99,1,1,10,51,0,1,0,1,3,0,0,70,1,0,1,0,1,0,0,1,1,0,0,1,0
3251,22,93,2,1,4,96,2,1,2,0,2,1,0,73,1,0,0,1,0,1,0,1,1,0,0,0,1
3252,24,77,1,1,8,78,0,2,2,2,3,0,1,69,1,0,0,1,0,1,0,1,1,0,0,0,1
3253,26,89,2,1,7,66,1,0,0,1,5,1,0,70,1,0,1,0,1,0,0,1,0,1,0,1,0
3254,22,71,1,1,7,65,0,1,0,1,3,1,0,64,1,0,1,0,1,0,0,1,1,0,0,1,0
3255,21,64,2,0,7,83,2,2,0,0,3,0,1,64,0,1,1,0,0,1,0,1,1,0,0,1,0
3256,15,74,2,1,8,79,1,0,2,1,3,1,0,65,1,0,1,0,0,1,0,1,1,0,1,0,0
3257,16,76,1,1,7,59,0,0,0,1,2,1,0,62,0,1,1,0,1,0,0,1,1,0,0,1,0
3258,27,61,1,1,9,70,1,0,1,1,2,0,0,64,1,0,1,0,0,1,0,1,1,0,0,1,0
3259,29,93,1,1,7,84,1,0,2,1,3,1,1,72,1,0,1,0,0,1,0,1,1,0,0,1,0
3260,19,74,1,0,5,65,2,1,0,2,3,0,0,64,1,0,1,0,0,1,1,0,1,0,0,0,1
3261,20,83,1,1,7,75,1,0,1,1,4,0,0,67,0,1,1,0,0,1,0,1,1,0,0,1,0
3262,15,63,2,2,9,63,0,4,2,2,3,1,0,64,1,0,0,1,0,1,1,0,1,0,1,0,0
3263,27,67,0,1,6,54,1,0,1,0,2,0,2,61,1,0,0,1,1,0,0,1,1,0,1,0,0
3264,24,96,1,2,5,69,1,1,0,1,4,0,0,72,1,0,1,0,0,1,0,1,1,0,0,0,1
3265,32,84,1,1,8,87,1,2,1,1,1,0,2,70,1,0,1,0,0,1,1,0,1,0,0,0,1
3266,15,98,1,2,8,61,1,4,0,1,2,0,1,70,0,1,1,0,1,0,0,1,1,0,0,0,1
3267,18,100,1,1,6,88,1,2,1,1,2,1,1,71,1,0,1,0,1,0,0,1,1,0,0,1,0
3268,21,75,2,2,7,83,0,1,1,1,2,1,0,68,0,1,1,0,1,0,0,1,1,0,0,0,1
3269,24,72,1,1,7,75,1,3,2,1,2,1,0,68,0,1,0,1,1,0,0,1,1,0,0,1,0
3270,19,94,2,2,7,99,1,0,0,1,1,0,0,70,1,0,1,0,1,0,0,1,0,1,0,1,0
3271,15,100,2,2,8,94,2,2,1,2,3,1,0,73,1,0,1,0,1,0,0,1,1,0,1,0,0
3272,25,85,2,1,6,78,0,2,1,2,1,0,2,69,0,1,1,0,1,0,0,1,1,0,0,1,0
3273,24,92,1,2,8,78,2,0,1,1,3,0,0,71,1,0,1,0,1,0,0,1,1,0,0,1,0
3274,15,91,0,1,6,64,0,1,0,2,3,0,0,64,1,0,1,0,1,0,0,1,0,1,0,0,1
3275,28,74,1,1,9,96,0,0,1,1,3,0,0,68,0,1,0,1,1,0,0,1,1,0,0,1,0
3276,27,83,1,1,10,95,1,0,2,0,4,0,1,69,0,1,0,1,1,0,0,1,1,0,0,1,0
3277,21,93,2,0,6,87,1,1,0,2,2,0,0,70,0,1,1,0,1,0,0,1,1,0,0,0,1
3278,20,88,1,1,5,56,1,1,0,1,4,0,0,67,0,1,1,0,1,0,0,1,1,0,0,1,0
3279,23,61,1,2,8,85,1,1,1,2,0,0,0,66,1,0,0,1,0,1,0,1,1,0,0,0,1
3280,15,73,1,2,7,63,1,2,1,1,5,2,1,65,1,0,1,0,1,0,0,1,1,0,0,1,0
3281,20,66,1,2,8,59,0,4,1,1,3,1,0,66,1,0,1,0,0,1,0,1,1,0,0,0,1
3282,7,69,0,1,6,88,1,0,0,2,4,2,0,61,0,1,0,1,0,1,0,1,1,0,1,0,0
3283,25,96,0,1,7,98,1,0,0,1,2,0,0,71,0,1,1,0,1,0,0,1,1,0,0,0,1
3284,11,61,2,0,6,55,1,5,2,0,3,0,2,60,1,0,1,0,0,1,0,1,1,0,0,1,0
3285,29,69,1,1,7,58,1,1,0,0,2,1,0,66,1,0,1,0,0,1,0,1,1,0,0,0,1
3286,18,72,0,0,5,61,0,1,1,1,4,1,1,61,1,0,0,1,0,1,0,1,1,0,1,0,0
3287,19,85,1,1,7,98,2,2,1,1,3,0,1,68,0,1,1,0,0,1,0,1,0,1,1,0,0
3288,16,81,1,2,5,85,2,2,0,1,3,1,0,68,1,0,1,0,0,1,1,0,1,0,0,0,1
3289,18,69,1,1,6,84,1,2,0,1,4,0,0,65,1,0,1,0,0,1,0,1,1,0,0,0,1
3290,29,67,2,0,7,75,1,3,0,1,1,0,0,65,0,1,1,0,1,0,1,0,1,0,0,1,0
3291,5,69,1,1,8,77,1,2,0,2,2,1,0,60,0,1,1,0,0,1,1,0,1,0,1,0,0
3292,28,80,0,1,8,65,0,2,0,1,2,1,0,67,1,0,0,1,1,0,0,1,1,0,0,1,0
3293,22,71,2,1,8,58,1,2,0,1,4,1,0,65,0,1,1,0,1,0,1,0,1,0,1,0,0
3294,13,98,2,1,5,89,2,1,2,1,3,0,0,70,1,0,1,0,0,1,0,1,1,0,1,0,0
3295,14,79,1,1,9,74,1,1,1,1,4,0,0,64,1,0,1,0,1,0,0,1,1,0,0,1,0
3296,30,62,1,2,6,63,1,2,0,2,4,0,1,68,1,0,1,0,0,1,0,1,1,0,0,0,1
3297,14,89,2,1,6,82,2,2,1,1,4,1,1,69,0,1,1,0,1,0,0,1,1,0,1,0,0
3298,13,73,1,2,7,60,2,0,2,2,3,1,0,65,0,1,1,0,0,1,0,1,1,0,0,1,0
3299,27,86,1,1,6,74,1,2,2,2,3,0,0,71,1,0,0,1,1,0,0,1,1,0,0,1,0
3300,22,71,1,1,8,60,0,1,1,2,4,0,1,65,0,1,1,0,0,1,0,1,1,0,0,1,0
3301,14,83,1,2,8,88,0,0,2,1,2,0,1,65,1,0,1,0,0,1,0,1,0,1,1,0,0
3302,21,91,1,1,6,66,2,0,1,1,2,1,2,68,0,1,1,0,0,1,0,1,0,1,0,0,1
3303,14,97,1,0,7,72,2,1,0,0,3,0,0,66,0,1,1,0,1,0,0,1,1,0,0,1,0
3304,27,70,0,0,7,88,1,1,2,1,3,0,0,65,1,0,1,0,0,1,1,0,1,0,0,1,0
3305,26,73,2,2,8,83,0,2,1,1,4,1,0,71,1,0,1,0,0,1,0,1,1,0,0,0,1
3306,23,79,0,1,6,70,1,3,1,2,4,2,1,68,0,1,1,0,0,1,0,1,1,0,1,0,0
3307,22,97,1,1,6,54,1,2,2,1,2,1,0,70,1,0,1,0,0,1,1,0,1,0,0,1,0
3308,31,96,1,0,5,96,0,3,0,2,2,1,0,74,0,1,0,1,1,0,0,1,1,0,0,1,0
3309,20,64,2,0,6,50,2,0,0,1,2,0,0,62,1,0,0,1,0,1,0,1,1,0,0,1,0
3310,13,65,1,2,5,87,0,1,1,1,2,0,1,61,0,1,1,0,1,0,0,1,0,1,0,0,1
3311,23,80,2,2,6,97,1,0,1,1,3,0,0,70,1,0,0,1,0,1,0,1,1,0,0,1,0
3312,33,64,0,1,9,65,1,0,1,1,2,1,1,65,1,0,1,0,0,1,0,1,1,0,1,0,0
3313,14,74,1,1,8,54,2,2,0,0,2,0,1,62,1,0,1,0,0,1,0,1,1,0,0,1,0
3314,18,66,2,2,9,62,1,2,2,1,4,0,1,65,0,1,1,0,1,0,0,1,1,0,0,1,0
3315,22,85,2,1,6,66,0,0,0,1,4,1,0,68,1,0,0,1,1,0,0,1,1,0,0,0,1
3316,20,98,1,2,4,73,1,2,1,0,1,0,2,70,1,0,0,1,0,1,0,1,1,0,0,0,1
3317,14,100,1,0,7,76,0,1,1,1,3,2,0,68,0,1,0,1,1,0,0,1,1,0,0,1,0
3318,27,75,0,1,10,86,1,3,1,1,6,2,0,69,0,1,0,1,1,0,1,0,1,0,0,0,1
3319,34,84,1,2,6,95,1,1,0,1,3,2,2,73,1,0,0,1,0,1,0,1,1,0,0,1,0
3320,21,94,1,1,7,73,1,1,1,1,5,1,0,71,0,1,0,1,0,1,0,1,1,0,0,0,1
3321,15,65,0,2,5,87,1,0,0,2,4,0,0,63,0,1,0,1,0,1,0,1,1,0,0,1,0
3322,11,88,2,1,7,56,0,2,1,1,2,1,0,66,1,0,1,0,0,1,0,1,1,0,0,1,0
3323,22,76,2,0,7,66,0,1,0,2,4,2,0,67,1,0,0,1,0,1,0,1,1,0,0,0,1
3324,27,68,0,2,4,56,1,0,0,2,1,0,0,64,0,1,1,0,1,0,0,1,1,0,0,1,0
3325,23,76,1,0,5,85,1,1,1,0,3,0,0,66,0,1,1,0,0,1,0,1,1,0,0,1,0
3326,20,63,2,2,5,95,1,2,2,2,3,1,0,69,1,0,1,0,0,1,0,1,1,0,0,0,1
3327,16,88,1,2,5,94,2,4,1,1,6,1,1,72,1,0,0,1,0,1,0,1,1,0,0,0,1
3328,13,70,1,2,6,66,1,1,1,1,4,0,0,63,1,0,1,0,0,1,0,1,1,0,1,0,0
3329,25,72,1,2,8,62,1,2,0,1,2,0,0,67,0,1,1,0,0,1,0,1,1,0,0,0,1
3330,25,65,0,1,6,64,1,1,1,1,4,1,0,64,1,0,0,1,1,0,0,1,1,0,1,0,0
3331,11,95,1,1,9,64,2,4,0,1,4,0,1,68,1,0,1,0,0,1,0,1,1,0,0,0,1
3332,30,80,2,2,6,54,2,1,2,1,3,0,1,71,0,1,1,0,1,0,0,1,1,0,0,0,1
3333,23,83,1,0,7,57,1,2,1,2,4,0,1,67,0,1,1,0,0,1,1,0,1,0,0,0,1
3334,28,83,1,0,8,61,1,1,0,1,5,2,0,67,1,0,0,1,1,0,0,1,0,1,1,0,0
3335,12,76,1,1,9,50,1,2,1,2,3,1,0,64,1,0,1,0,0,1,0,1,1,0,1,0,0
3336,12,68,2,0,6,52,0,5,2,2,3,1,0,63,1,0,1,0,1,0,0,1,1,0,0,1,0
3337,19,90,2,2,8,85,1,2,1,1,4,1,0,72,1,0,1,0,1,0,0,1,1,0,0,1,0
3338,23,65,0,1,6,81,0,2,0,1,2,0,0,63,0,1,1,0,0,1,0,1,1,0,0,1,0
3339,31,64,2,1,10,97,0,2,1,1,4,0,2,67,0,1,0,1,1,0,0,1,1,0,1,0,0
3340,24,88,0,1,5,70,1,1,0,1,2,2,0,68,1,0,0,1,0,1,1,0,1,0,0,0,1
3341,19,68,0,2,8,72,2,2,0,2,3,1,2,64,1,0,0,1,0,1,0,1,1,0,0,1,0
3342,14,72,1,2,9,53,1,4,1,1,3,2,0,65,1,0,1,0,1,0,0,1,1,0,1,0,0
3343,27,79,1,0,5,58,2,2,1,1,1,2,2,68,0,1,0,1,0,1,0,1,1,0,0,1,0
3344,14,78,1,2,8,85,1,2,0,1,4,0,0,66,1,0,0,1,0,1,0,1,1,0,1,0,0
3345,30,88,1,1,6,62,2,4,0,1,5,1,2,73,0,1,0,1,0,1,0,1,1,0,0,0,1
3346,18,85,0,1,10,89,1,1,2,1,3,0,0,68,0,1,0,1,0,1,0,1,1,0,0,0,1
3347,30,86,1,2,4,85,2,2,1,1,5,2,2,72,1,0,0,1,1,0,0,1,0,1,0,1,0
3348,24,89,1,1,5,87,1,3,2,1,0,0,0,70,0,1,1,0,0,1,1,0,1,0,0,1,0
3349,19,72,1,1,5,85,2,1,0,1,4,1,0,66,0,1,0,1,0,1,0,1,1,0,0,1,0
3350,17,73,0,1,5,85,2,3,1,1,1,1,0,66,0,1,1,0,0,1,0,1,1,0,0,0,1
3351,18,78,0,0,8,77,1,2,1,2,4,1,0,66,0,1,0,1,0,1,0,1,1,0,0,1,0
3352,23,72,2,0,10,84,0,2,0,1,2,0,1,65,1,0,1,0,0,1,0,1,1,0,1,0,0
3353,20,99,2,0,9,76,2,2,0,1,5,1,2,71,1,0,1,0,0,1,0,1,1,0,0,1,0
3354,16,93,0,1,7,60,1,1,1,1,1,0,1,66,0,1,1,0,0,1,0,1,1,0,0,0,1
3355,19,67,1,0,7,61,2,1,1,1,4,1,1,63,0,1,0,1,1,0,0,1,1,0,0,1,0
3356,20,60,1,1,6,70,1,2,0,1,3,2,0,63,0,1,1,0,0,1,0,1,0,1,0,1,0
3358,23,70,1,2,7,94,0,3,1,2,3,0,0,68,0,1,1,0,1,0,0,1,1,0,0,1,0
3359,14,65,2,1,7,63,1,2,0,1,3,0,1,61,1,0,1,0,1,0,0,1,1,0,0,1,0
3360,13,81,1,2,6,53,0,2,0,1,4,0,0,65,1,0,1,0,1,0,0,1,1,0,0,0,1
3361,10,94,2,0,5,71,1,1,2,1,3,0,1,67,1,0,1,0,1,0,0,1,1,0,0,0,1
3362,9,89,0,2,7,91,1,1,2,0,3,2,0,67,1,0,1,0,0,1,0,1,1,0,0,1,0
3363,12,69,2,0,7,70,1,1,1,1,4,0,0,62,1,0,0,1,1,0,0,1,1,0,0,0,1
3365,32,80,2,1,6,77,0,0,1,1,5,1,0,71,1,0,1,0,1,0,0,1,1,0,0,1,0
3366,17,92,1,1,8,79,1,1,0,1,3,2,0,70,1,0,1,0,0,1,0,1,1,0,0,0,1
3367,21,94,1,1,8,88,1,1,1,1,3,1,0,71,1,0,1,0,1,0,0,1,1,0,0,0,1
3368,22,96,2,0,10,90,2,2,0,1,3,1,1,71,1,0,1,0,1,0,0,1,0,1,0,1,0
3369,21,80,2,2,9,85,0,1,2,1,3,1,0,70,0,1,1,0,0,1,0,1,1,0,1,0,0
3370,20,88,1,2,5,50,1,2,0,1,5,0,1,67,1,0,1,0,0,1,1,0,1,0,0,1,0
3371,13,64,1,0,7,50,2,0,1,0,4,0,0,60,1,0,1,0,0,1,0,1,1,0,0,0,1
3372,29,83,2,2,5,99,1,0,1,2,4,1,0,73,0,1,1,0,1,0,0,1,1,0,0,1,0
3373,31,70,2,0,4,63,2,1,1,1,2,0,0,67,0,1,1,0,0,1,0,1,0,1,0,1,0
3374,10,77,0,2,10,64,2,1,0,1,3,1,0,62,0,1,0,1,0,1,0,1,0,1,1,0,0
3375,14,85,1,2,9,87,2,0,1,1,3,1,0,67,0,1,1,0,1,0,0,1,1,0,1,0,0
3376,18,70,2,0,6,79,1,1,1,2,2,1,0,65,0,1,1,0,1,0,0,1,1,0,0,0,1
3377,14,62,1,1,9,73,1,1,0,1,6,0,0,61,1,0,1,0,1,0,0,1,1,0,0,1,0
3378,23,60,2,1,9,56,0,0,0,1,4,0,1,61,0,1,0,1,0,1,1,0,1,0,1,0,0
3379,16,61,2,1,4,54,0,1,0,1,2,0,0,60,0,1,0,1,1,0,0,1,1,0,0,1,0
3380,33,60,2,2,8,85,0,4,0,0,3,0,0,68,1,0,1,0,1,0,0,1,1,0,1,0,0
3381,27,64,2,1,6,56,0,0,0,2,5,1,1,65,0,1,1,0,0,1,0,1,1,0,0,1,0
3382,21,70,2,2,8,72,0,3,1,0,1,2,1,67,0,1,1,0,0,1,0,1,1,0,0,1,0
3383,26,69,2,0,10,87,0,2,1,0,2,2,0,67,1,0,1,0,1,0,0,1,1,0,0,0,1
3384,27,99,2,1,9,96,0,0,2,1,2,1,1,74,1,0,0,1,1,0,0,1,1,0,0,0,1
3385,17,72,0,1,7,94,0,4,1,1,2,0,2,64,0,1,1,0,1,0,0,1,1,0,0,0,1
3386,15,65,1,2,9,93,0,2,0,0,3,1,0,64,1,0,0,1,0,1,0,1,1,0,0,1,0
3387,20,82,1,0,4,68,1,2,0,2,3,0,0,67,1,0,1,0,0,1,0,1,1,0,0,1,0
3388,25,94,2,2,8,96,2,6,1,1,3,0,2,74,0,1,1,0,1,0,0,1,0,1,1,0,0
3389,21,87,1,1,8,84,2,1,0,0,2,1,0,69,1,0,0,1,0,1,0,1,1,0,0,0,1
3390,11,72,0,1,8,94,2,1,0,0,2,0,0,62,1,0,1,0,1,0,0,1,1,0,0,0,1
3391,15,82,1,1,6,54,1,1,1,1,2,1,0,66,0,1,1,0,0,1,0,1,1,0,0,0,1
3392,20,89,2,2,8,52,0,2,1,1,3,1,1,69,0,1,1,0,0,1,0,1,1,0,1,0,0
3393,20,89,2,1,8,71,1,1,1,1,1,2,2,68,1,0,1,0,0,1,0,1,1,0,1,0,0
3394,32,87,2,1,4,91,1,2,2,1,2,0,1,74,0,1,1,0,0,1,0,1,1,0,0,1,0
3395,12,95,1,1,7,70,1,4,1,2,3,0,2,68,1,0,1,0,1,0,0,1,1,0,0,0,1
3396,23,95,1,1,6,94,2,2,1,1,3,0,0,73,1,0,1,0,0,1,0,1,1,0,0,1,0
3397,29,83,1,0,8,62,0,4,2,1,5,1,0,70,1,0,1,0,1,0,0,1,1,0,1,0,0
3398,34,77,1,2,9,52,1,0,1,1,4,0,1,69,0,1,0,1,1,0,0,1,1,0,0,1,0
3399,18,86,1,1,6,88,1,2,1,2,2,1,2,68,1,0,1,0,0,1,0,1,1,0,0,1,0
3400,23,93,1,2,5,81,2,2,0,1,1,1,0,71,1,0,0,1,1,0,0,1,1,0,1,0,0
3401,23,60,0,1,7,72,0,3,2,1,2,1,0,64,0,1,1,0,1,0,0,1,1,0,0,1,0
3402,21,100,1,1,5,92,0,3,0,0,3,2,0,71,1,0,1,0,1,0,0,1,0,1,0,0,1
3403,19,67,1,1,7,91,1,1,0,2,3,0,0,65,0,1,1,0,1,0,0,1,1,0,0,1,0
3404,23,79,0,1,7,66,2,1,2,1,3,2,0,68,1,0,0,1,0,1,0,1,1,0,0,0,1
3405,5,95,1,2,8,92,0,1,0,2,2,1,0,67,0,1,0,1,0,1,0,1,1,0,0,1,0
3406,24,69,1,2,7,67,1,2,1,2,4,2,2,67,1,0,1,0,0,1,0,1,1,0,1,0,0
3407,21,79,1,0,7,81,0,2,1,1,4,0,0,67,1,0,1,0,0,1,0,1,1,0,0,1,0
3408,19,65,1,2,9,60,0,1,0,1,3,2,1,63,1,0,1,0,0,1,0,1,1,0,0,1,0
3409,32,76,1,1,7,63,1,0,1,0,3,0,0,68,0,1,1,0,1,0,0,1,1,0,0,0,1
3410,16,67,2,2,6,72,1,1,0,2,3,2,0,66,0,1,1,0,0,1,0,1,1,0,0,0,1
3411,18,75,1,1,7,66,2,1,2,2,4,0,0,67,1,0,1,0,0,1,0,1,1,0,0,0,1
3412,32,75,1,0,6,56,1,3,1,1,2,1,1,68,0,1,1,0,0,1,0,1,1,0,0,1,0
3413,15,100,2,1,5,74,1,2,2,1,3,2,0,72,1,0,0,1,0,1,0,1,1,0,0,1,0
3414,17,100,1,1,5,76,0,3,0,2,3,2,1,70,0,1,0,1,1,0,0,1,1,0,0,1,0
3415,19,65,0,2,9,58,0,3,1,1,4,0,1,62,0,1,1,0,1,0,0,1,1,0,1,0,0
3416,25,89,1,0,6,59,1,2,0,1,2,1,0,69,0,1,1,0,0,1,0,1,1,0,0,1,0
3417,21,62,1,0,7,51,0,0,0,1,4,0,0,61,0,1,0,1,0,1,0,1,1,0,0,0,1
3419,17,64,0,1,7,68,1,5,1,1,3,0,0,63,1,0,0,1,1,0,0,1,1,0,0,1,0
3420,16,99,2,1,9,57,2,4,1,1,3,1,0,71,0,1,1,0,1,0,1,0,1,0,0,0,1
3421,20,98,0,1,7,96,0,1,0,2,3,1,0,70,0,1,1,0,0,1,1,0,1,0,0,0,1
3422,23,68,2,1,6,60,1,1,0,1,3,0,0,64,0,1,1,0,1,0,0,1,1,0,0,1,0
3423,23,66,2,0,6,53,0,2,1,1,1,1,2,63,1,0,1,0,1,0,0,1,1,0,0,0,1
3424,9,70,2,1,8,70,0,1,1,1,3,1,0,63,1,0,1,0,0,1,0,1,1,0,0,0,1
3425,26,81,2,0,8,60,2,2,0,2,5,2,0,71,0,1,1,0,1,0,0,1,1,0,0,0,1
3426,22,83,0,2,8,53,1,0,0,0,2,2,0,65,0,1,1,0,0,1,1,0,1,0,1,0,0
3427,28,69,2,2,7,88,0,2,0,1,2,0,1,68,1,0,1,0,1,0,0,1,1,0,0,1,0
3428,23,90,1,2,5,78,2,1,1,1,3,0,1,70,1,0,0,1,0,1,1,0,1,0,0,1,0
3429,27,72,2,2,8,53,1,3,1,0,3,0,2,68,0,1,1,0,0,1,0,1,1,0,0,1,0
3430,23,97,1,2,7,73,1,3,0,1,1,0,1,69,1,0,0,1,1,0,1,0,1,0,1,0,0
3431,28,86,1,1,7,52,1,0,1,1,5,1,0,70,1,0,1,0,0,1,0,1,1,0,0,0,1
3432,23,77,2,1,5,68,0,0,2,2,3,0,0,67,1,0,0,1,1,0,0,1,0,1,0,0,1
3433,19,92,0,2,6,68,1,2,1,1,2,0,0,69,0,1,1,0,0,1,0,1,1,0,0,1,0
3434,34,93,0,1,6,91,0,2,2,1,3,0,1,73,0,1,1,0,1,0,0,1,1,0,0,1,0
3435,25,72,1,1,8,87,0,3,1,0,3,2,1,68,1,0,1,0,0,1,0,1,1,0,0,0,1
3436,23,74,2,1,8,95,1,2,0,1,2,1,2,67,0,1,1,0,1,0,0,1,1,0,1,0,0
3437,12,97,1,2,7,57,0,0,0,1,4,1,1,67,0,1,0,1,0,1,0,1,1,0,0,0,1
3438,12,67,1,2,8,77,1,2,0,2,3,1,0,64,1,0,0,1,0,1,0,1,1,0,0,0,1
3439,22,62,2,1,9,51,1,2,0,1,2,0,0,63,1,0,1,0,1,0,0,1,1,0,0,1,0
3440,21,78,0,2,8,91,1,1,1,0,5,2,0,67,0,1,0,1,1,0,1,0,1,0,1,0,0
3441,16,92,1,2,8,68,1,1,1,2,2,0,0,70,1,0,1,0,0,1,0,1,1,0,0,0,1
3442,21,91,2,1,6,53,2,1,1,1,3,2,0,71,0,1,1,0,0,1,0,1,1,0,0,0,1
3443,30,97,1,2,6,66,2,1,1,1,2,1,0,74,1,0,0,1,0,1,0,1,1,0,0,1,0
3444,24,81,1,2,9,64,2,2,2,0,3,0,0,70,1,0,1,0,0,1,0,1,1,0,0,0,1
3445,13,64,0,0,6,88,1,1,1,1,2,1,1,59,0,1,1,0,1,0,0,1,1,0,0,1,0
3446,19,84,0,1,8,56,1,0,0,1,3,0,0,64,1,0,0,1,0,1,0,1,0,1,0,1,0
3447,15,91,0,1,10,78,0,2,1,2,3,0,0,67,0,1,1,0,1,0,0,1,1,0,0,1,0
3448,18,64,1,1,8,90,1,1,0,1,3,0,0,63,1,0,1,0,0,1,0,1,1,0,0,1,0
3449,18,67,0,2,7,87,1,5,0,0,2,1,0,66,1,0,1,0,0,1,0,1,1,0,0,0,1
3450,17,60,1,1,5,97,1,1,1,1,4,1,2,62,1,0,0,1,0,1,0,1,1,0,1,0,0
3451,12,84,0,1,7,50,1,3,2,2,3,0,0,65,1,0,1,0,1,0,0,1,1,0,0,1,0
3452,19,95,2,2,9,68,1,3,2,1,4,1,2,73,1,0,1,0,0,1,0,1,1,0,0,0,1
3453,17,87,2,2,7,68,2,1,1,2,2,0,0,70,1,0,1,0,0,1,0,1,1,0,0,0,1
3454,2,99,1,0,9,52,0,0,1,1,4,0,0,62,1,0,1,0,0,1,0,1,1,0,0,1,0
3455,32,63,1,2,8,91,1,2,2,0,5,0,0,68,0,1,1,0,1,0,1,0,0,1,0,0,1
3456,27,96,2,0,7,84,1,1,2,1,3,1,0,74,1,0,1,0,0,1,0,1,1,0,0,1,0
3458,20,73,2,2,5,70,2,1,0,2,2,0,1,66,1,0,1,0,1,0,0,1,1,0,1,0,0
3459,13,99,0,2,6,95,1,0,0,1,4,2,0,69,1,0,1,0,0,1,1,0,1,0,0,0,1
3460,30,72,2,2,6,63,1,1,0,1,3,2,0,70,0,1,1,0,0,1,0,1,1,0,0,1,0
3461,31,96,1,0,8,67,1,2,1,1,3,1,0,73,1,0,0,1,0,1,0,1,1,0,0,1,0
3462,21,95,0,0,7,98,0,1,0,2,2,0,0,69,1,0,1,0,1,0,0,1,1,0,0,0,1
3463,26,90,2,2,9,53,1,1,0,1,4,0,2,71,1,0,0,1,0,1,0,1,1,0,0,1,0
3464,21,83,2,0,7,89,0,0,0,0,2,1,1,65,0,1,1,0,0,1,1,0,1,0,0,1,0
3465,12,65,1,0,6,86,1,1,1,1,3,2,0,62,0,1,1,0,0,1,0,1,1,0,0,0,1
3466,18,81,2,2,6,95,0,1,1,1,3,0,0,69,1,0,1,0,1,0,0,1,1,0,0,0,1
3467,21,74,0,1,6,55,2,3,0,1,2,1,0,65,1,0,1,0,1,0,0,1,1,0,0,0,1
3468,17,92,1,1,7,99,1,1,1,1,2,1,2,68,0,1,1,0,1,0,0,1,1,0,0,1,0
3469,19,90,0,0,6,51,2,1,0,1,3,2,0,65,1,0,1,0,0,1,0,1,0,1,1,0,0
3470,19,96,1,2,5,67,1,4,2,1,1,0,1,72,1,0,0,1,0,1,0,1,1,0,0,1,0
3471,20,61,2,2,9,54,1,2,2,1,4,2,0,67,1,0,0,1,0,1,0,1,1,0,0,0,1
3472,20,92,1,0,7,53,1,2,1,2,2,1,2,68,1,0,0,1,1,0,0,1,1,0,0,0,1
3473,14,98,0,1,7,98,1,0,1,2,3,0,0,68,1,0,1,0,1,0,1,0,1,0,0,0,1
3474,16,92,1,1,6,86,0,2,1,1,3,1,0,66,0,1,0,1,1,0,1,0,0,1,0,1,0
3475,12,65,1,2,5,75,2,0,2,1,2,0,1,62,1,0,0,1,0,1,0,1,1,0,1,0,0
3476,26,63,1,1,7,55,1,2,1,2,4,0,2,65,1,0,1,0,0,1,0,1,1,0,0,1,0
3477,7,61,0,2,4,76,2,1,1,1,5,0,2,60,0,1,0,1,0,1,0,1,1,0,0,0,1
3478,27,85,2,1,8,66,1,2,0,2,4,0,1,70,1,0,0,1,0,1,0,1,0,1,0,1,0
3479,28,85,1,1,6,64,0,1,0,1,1,0,1,68,1,0,1,0,0,1,0,1,1,0,0,1,0
3480,18,99,1,2,7,81,0,1,1,1,3,2,0,72,1,0,1,0,0,1,0,1,1,0,0,1,0
3481,4,76,1,1,8,90,1,2,2,1,2,0,1,63,0,1,1,0,0,1,0,1,1,0,0,0,1
3482,18,73,1,2,7,72,0,1,1,1,1,0,1,63,1,0,0,1,0,1,0,1,0,1,0,1,0
3483,20,85,0,1,5,75,0,1,1,1,2,1,0,67,1,0,1,0,0,1,0,1,1,0,0,1,0
3484,14,93,1,0,9,83,0,4,1,1,2,2,0,68,0,1,1,0,0,1,0,1,1,0,0,1,0
3485,17,97,1,1,5,56,0,2,2,1,3,0,0,69,0,1,1,0,1,0,0,1,1,0,0,0,1
3486,29,92,2,1,4,91,0,1,2,2,4,0,0,75,0,1,1,0,0,1,0,1,1,0,0,1,0
3487,24,77,0,1,8,92,2,0,2,1,3,0,1,67,1,0,1,0,1,0,0,1,1,0,0,1,0
3488,14,85,2,2,5,77,1,2,0,2,3,0,0,69,1,0,1,0,0,1,0,1,1,0,0,0,1
3489,10,94,0,1,9,59,0,0,1,1,2,2,0,65,1,0,1,0,1,0,0,1,1,0,0,0,1
3490,18,80,0,2,8,75,1,2,1,1,4,0,0,65,1,0,1,0,0,1,1,0,1,0,1,0,0
3491,19,69,1,1,7,55,0,1,0,1,4,1,0,63,0,1,1,0,0,1,0,1,1,0,0,0,1
3492,23,67,0,1,6,88,1,2,1,1,4,0,0,65,1,0,0,1,1,0,0,1,1,0,0,1,0
3494,23,89,2,2,6,66,0,0,0,2,3,0,1,70,1,0,0,1,0,1,0,1,1,0,0,0,1
3495,32,64,0,0,6,97,1,1,1,0,5,1,1,66,1,0,1,0,0,1,0,1,1,0,0,1,0
3496,25,70,1,0,9,71,1,2,0,1,2,1,0,63,0,1,1,0,1,0,1,0,1,0,1,0,0
3497,20,72,1,0,6,89,0,1,0,1,3,0,2,62,1,0,0,1,0,1,0,1,1,0,1,0,0
3498,19,82,1,1,8,82,2,2,1,1,3,1,1,69,0,1,0,1,0,1,0,1,1,0,0,0,1
3499,18,76,1,1,9,66,2,1,2,2,3,0,0,66,0,1,1,0,1,0,0,1,1,0,0,0,1
3500,27,87,2,0,6,56,1,0,0,2,2,0,1,68,1,0,1,0,1,0,0,1,1,0,0,1,0
3501,16,62,0,1,8,90,0,2,2,1,2,2,2,62,1,0,1,0,0,1,0,1,1,0,0,1,0
3502,20,65,2,1,6,88,1,0,1,2,4,0,0,64,1,0,1,0,1,0,0,1,0,1,1,0,0
3503,20,80,1,2,7,58,0,0,1,1,2,1,0,65,0,1,1,0,0,1,1,0,1,0,0,1,0
3504,17,73,1,2,6,62,0,2,0,1,3,1,2,64,1,0,0,1,0,1,0,1,1,0,1,0,0
3505,12,72,1,1,6,88,2,2,2,1,3,0,0,65,0,1,1,0,1,0,0,1,1,0,0,0,1
3506,22,63,1,1,7,99,0,3,1,1,4,0,1,65,1,0,0,1,0,1,0,1,1,0,0,1,0
3507,20,96,0,1,5,92,1,0,1,1,3,1,0,70,0,1,1,0,0,1,0,1,1,0,0,1,0
3508,23,88,0,2,8,84,2,2,1,1,3,2,0,71,0,1,0,1,1,0,0,1,0,1,0,0,1
3509,17,65,1,1,5,96,0,2,1,2,3,1,1,65,1,0,1,0,0,1,0,1,1,0,0,0,1
3510,27,63,2,1,5,64,1,1,2,2,4,2,0,67,1,0,1,0,1,0,1,0,1,0,0,0,1
3511,15,99,0,2,7,50,2,4,0,1,2,0,1,68,1,0,1,0,0,1,1,0,1,0,0,0,1
3512,30,87,2,2,6,66,0,1,1,1,4,0,0,73,1,0,1,0,0,1,0,1,1,0,0,1,0
3513,10,77,1,2,8,99,1,0,1,2,4,0,0,64,1,0,1,0,1,0,0,1,0,1,0,1,0
3514,23,88,2,2,7,94,0,3,0,1,1,0,0,71,1,0,0,1,1,0,1,0,1,0,0,0,1
3515,23,90,1,2,5,53,1,2,1,2,2,0,0,70,0,1,0,1,1,0,0,1,1,0,0,0,1
3516,15,91,0,2,8,75,1,4,1,1,1,0,0,68,0,1,1,0,1,0,0,1,1,0,0,1,0
3517,23,79,2,1,7,54,1,2,0,1,4,1,1,68,0,1,0,1,0,1,0,1,1,0,0,1,0
3518,28,77,0,2,7,89,1,3,0,1,3,0,2,68,1,0,1,0,0,1,0,1,0,1,0,0,1
3519,7,60,1,2,10,69,0,0,0,1,3,1,1,59,0,1,0,1,0,1,0,1,1,0,0,0,1
3520,23,97,1,1,9,96,1,2,1,2,4,1,0,74,1,0,0,1,0,1,0,1,1,0,0,1,0
3521,5,84,1,1,7,53,0,1,0,2,3,2,1,62,1,0,1,0,0,1,1,0,1,0,0,0,1
3522,14,68,2,0,5,87,2,2,1,1,3,0,2,64,1,0,1,0,0,1,0,1,1,0,0,0,1
3524,17,97,2,1,9,63,1,2,0,1,2,0,0,70,1,0,1,0,0,1,0,1,1,0,0,0,1
3525,13,100,2,1,6,76,1,0,0,0,5,2,0,69,1,0,1,0,1,0,1,0,1,0,0,0,1
3526,19,95,1,1,7,74,2,0,0,2,2,0,0,69,0,1,1,0,0,1,1,0,1,0,0,0,1
3527,32,100,0,2,5,67,1,4,1,1,3,0,2,74,1,0,1,0,0,1,1,0,1,0,0,0,1
3528,9,70,2,1,8,82,0,2,2,2,2,0,0,62,0,1,1,0,1,0,1,0,1,0,1,0,0
3529,14,94,1,1,9,83,2,2,0,2,3,2,1,70,1,0,1,0,1,0,0,1,1,0,0,0,1
3530,29,93,0,1,9,54,1,4,0,2,3,0,0,71,1,0,1,0,0,1,1,0,1,0,0,0,1
3531,31,69,1,0,6,80,0,4,1,1,2,1,0,68,1,0,1,0,0,1,0,1,1,0,1,0,0
3532,19,64,2,0,8,86,0,3,2,1,3,2,0,66,0,1,0,1,0,1,0,1,1,0,0,1,0
3533,13,99,0,1,7,54,2,3,2,1,3,0,2,67,1,0,1,0,1,0,0,1,1,0,1,0,0
3534,33,72,2,1,8,83,0,3,0,2,4,0,0,71,1,0,0,1,1,0,0,1,1,0,0,1,0
3535,30,95,1,1,7,90,1,3,1,1,1,0,1,74,1,0,1,0,0,1,0,1,1,0,0,1,0
3536,24,60,0,1,6,92,0,3,1,1,2,1,0,65,1,0,1,0,0,1,0,1,1,0,0,0,1
3537,15,61,2,0,9,52,1,1,1,1,3,0,1,60,0,1,0,1,0,1,0,1,1,0,0,1,0
3538,20,79,2,2,7,85,0,2,1,1,2,1,1,69,1,0,1,0,0,1,0,1,1,0,0,1,0
3539,19,70,1,1,6,90,0,2,0,1,3,0,1,65,1,0,0,1,0,1,0,1,1,0,0,0,1
3540,22,88,1,0,7,70,1,3,0,1,2,0,0,69,0,1,1,0,0,1,0,1,1,0,0,0,1
3541,29,83,1,0,6,77,2,1,1,1,4,0,0,70,1,0,1,0,0,1,0,1,1,0,0,1,0
3542,25,63,2,0,8,63,1,0,1,2,1,2,0,65,0,1,0,1,0,1,0,1,0,1,0,0,1
3544,28,76,1,1,6,75,0,0,1,2,2,0,0,68,0,1,1,0,0,1,0,1,1,0,0,0,1
3545,22,67,2,2,10,58,1,2,2,0,3,2,0,67,1,0,1,0,1,0,0,1,1,0,0,1,0
3546,24,92,1,1,5,69,1,2,1,1,4,0,0,70,0,1,0,1,1,0,0,1,1,0,1,0,0
3547,29,77,1,1,8,65,1,1,1,1,3,0,0,68,1,0,1,0,0,1,0,1,1,0,0,1,0
3548,13,64,2,2,7,62,1,1,0,1,1,1,1,62,0,1,1,0,0,1,0,1,1,0,0,1,0
3549,20,79,2,1,5,74,1,1,0,1,5,0,2,67,1,0,1,0,0,1,0,1,1,0,0,1,0
3550,17,64,2,2,6,92,1,0,1,1,1,2,0,66,1,0,0,1,0,1,0,1,1,0,0,0,1
3551,11,65,1,0,5,62,1,2,1,2,2,1,2,60,0,1,1,0,0,1,0,1,1,0,0,1,0
3552,22,70,2,0,10,83,0,0,1,1,2,1,1,65,1,0,1,0,1,0,0,1,1,0,0,0,1
3553,35,94,2,1,7,63,1,1,0,2,2,1,0,75,0,1,1,0,0,1,0,1,1,0,0,0,1
3554,9,97,0,1,7,57,1,4,1,2,5,0,2,67,0,1,1,0,0,1,0,1,1,0,0,1,0
3555,20,93,1,2,10,97,1,1,0,1,2,2,1,71,1,0,1,0,1,0,0,1,1,0,0,1,0
3556,24,73,0,0,6,82,1,0,1,1,2,0,0,63,1,0,1,0,0,1,0,1,0,1,1,0,0
3557,21,71,2,1,9,55,0,2,2,2,1,2,1,67,1,0,1,0,0,1,0,1,1,0,0,0,1
3558,19,82,2,1,8,82,0,2,0,1,4,2,0,68,0,1,0,1,1,0,0,1,1,0,1,0,0
3559,12,89,2,0,4,59,0,2,0,2,4,0,0,65,1,0,1,0,0,1,0,1,1,0,1,0,0
3560,21,100,0,2,6,94,1,1,2,1,3,1,1,72,0,1,1,0,1,0,1,0,1,0,0,0,1
3561,15,65,1,1,8,62,1,1,1,1,4,0,1,61,0,1,1,0,1,0,0,1,1,0,0,1,0
3562,7,62,0,2,7,90,1,1,1,0,5,1,1,60,0,1,1,0,1,0,0,1,1,0,0,1,0
3563,27,88,2,2,7,60,1,2,0,1,2,0,0,72,0,1,1,0,0,1,0,1,1,0,0,0,1
3564,26,93,1,1,6,78,1,2,1,1,3,2,2,72,0,1,1,0,0,1,0,1,1,0,0,1,0
3565,20,94,0,1,6,96,1,2,1,1,3,1,0,70,1,0,0,1,0,1,0,1,1,0,1,0,0
3566,21,87,0,1,7,65,2,2,1,1,3,1,0,67,1,0,1,0,1,0,0,1,0,1,1,0,0
3567,26,98,1,1,10,54,1,0,0,2,1,2,0,71,1,0,0,1,1,0,0,1,1,0,0,1,0
3568,21,80,1,0,6,78,1,0,1,1,2,2,0,66,0,1,0,1,0,1,0,1,1,0,1,0,0
3569,25,97,2,2,6,59,0,0,0,2,2,0,0,72,0,1,1,0,1,0,0,1,1,0,0,0,1
3570,18,99,1,1,7,86,1,1,2,1,4,0,1,70,0,1,1,0,0,1,1,0,1,0,0,1,0
3571,28,94,1,0,5,80,1,2,2,1,2,0,1,71,0,1,1,0,0,1,0,1,1,0,1,0,0
3572,22,72,0,0,8,67,2,2,1,1,4,1,2,64,1,0,1,0,0,1,0,1,1,0,1,0,0
3573,21,68,1,1,5,85,1,3,2,1,2,1,1,66,1,0,1,0,0,1,1,0,1,0,0,0,1
3574,12,82,2,0,5,62,0,2,1,1,4,0,0,64,1,0,1,0,1,0,0,1,1,0,0,0,1
3575,22,78,1,1,5,96,1,0,0,1,3,0,1,67,1,0,1,0,0,1,0,1,1,0,0,1,0
3576,15,95,0,0,5,67,2,3,1,1,3,0,1,67,0,1,1,0,1,0,0,1,1,0,0,0,1
3577,16,64,2,0,9,88,1,1,1,2,3,0,0,64,1,0,1,0,1,0,0,1,1,0,0,0,1
3578,15,70,0,1,8,63,0,0,1,1,4,0,1,61,0,1,0,1,1,0,0,1,1,0,0,0,1
3580,33,64,1,1,8,52,0,3,2,1,4,0,0,67,1,0,1,0,1,0,1,0,1,0,0,0,1
3581,28,73,1,2,7,65,2,3,2,2,3,2,0,72,1,0,1,0,0,1,0,1,1,0,0,0,1
3582,32,75,0,0,7,55,1,1,1,1,4,0,1,66,1,0,1,0,1,0,0,1,1,0,0,1,0
3583,13,85,0,2,9,73,2,3,1,2,2,2,1,68,1,0,1,0,0,1,0,1,1,0,0,0,1
3584,20,66,2,0,9,72,0,1,1,2,1,1,0,64,0,1,1,0,1,0,0,1,1,0,0,0,1
3585,12,94,2,2,5,68,2,1,2,1,2,0,0,69,1,0,1,0,1,0,0,1,1,0,0,1,0
3586,16,78,1,2,10,99,0,0,0,1,4,0,2,65,0,1,1,0,1,0,0,1,1,0,0,0,1
3587,14,97,0,2,5,62,1,1,1,1,4,2,2,66,0,1,1,0,1,0,1,0,0,1,0,1,0
3588,27,79,2,2,6,90,0,3,1,2,4,0,0,73,1,0,1,0,0,1,0,1,1,0,0,0,1
3589,18,71,1,1,7,72,0,0,0,1,4,0,0,63,0,1,1,0,0,1,0,1,1,0,0,1,0
3590,26,66,1,1,7,67,2,3,1,1,4,0,1,66,0,1,1,0,0,1,0,1,1,0,1,0,0
3591,24,60,1,1,10,60,0,3,0,2,2,2,0,65,0,1,0,1,0,1,0,1,1,0,0,1,0
3592,34,81,1,1,9,82,0,1,1,2,2,0,0,71,1,0,1,0,0,1,0,1,1,0,1,0,0
3594,28,76,1,1,9,91,1,0,0,2,3,0,1,68,1,0,0,1,1,0,0,1,1,0,0,1,0
3595,27,84,1,1,8,98,1,0,0,1,4,0,1,69,1,0,1,0,1,0,0,1,1,0,0,1,0
3596,14,71,2,0,6,61,0,0,0,1,3,2,0,63,0,1,1,0,0,1,0,1,1,0,0,0,1
3597,26,67,1,1,8,56,1,1,1,1,5,1,0,66,0,1,1,0,0,1,0,1,1,0,1,0,0
3598,22,91,1,1,7,66,1,0,2,2,3,1,0,69,0,1,1,0,0,1,1,0,1,0,1,0,0
3599,19,98,1,0,6,73,1,3,0,1,3,1,0,69,1,0,0,1,0,1,0,1,1,0,1,0,0
3600,15,64,2,1,9,65,1,2,1,1,2,0,0,63,1,0,1,0,1,0,0,1,1,0,0,1,0
3601,16,66,0,2,7,99,1,1,0,1,3,1,0,65,0,1,1,0,0,1,0,1,1,0,0,0,1
3603,20,62,2,1,6,98,2,0,2,2,3,2,0,67,1,0,1,0,0,1,0,1,1,0,0,1,0
3604,25,99,0,1,8,69,1,1,0,2,3,2,1,70,1,0,1,0,1,0,1,0,1,0,0,0,1
3605,15,60,1,0,9,65,1,1,1,2,5,1,1,60,1,0,1,0,1,0,0,1,1,0,1,0,0
3606,15,95,2,0,8,70,1,2,2,2,3,0,0,68,0,1,1,0,1,0,0,1,0,1,0,1,0
3607,26,72,1,1,8,76,1,1,1,1,3,2,0,68,1,0,1,0,0,1,0,1,1,0,1,0,0
3608,12,98,0,2,6,87,1,2,0,1,3,2,0,70,0,1,0,1,0,1,0,1,1,0,0,1,0
3609,18,73,1,2,7,94,2,1,2,1,3,2,1,68,0,1,0,1,0,1,0,1,1,0,0,1,0
3610,20,86,2,2,7,73,1,3,0,0,3,0,0,69,1,0,1,0,1,0,0,1,0,1,0,1,0
3611,21,63,1,1,7,64,1,0,0,1,3,0,0,62,0,1,1,0,0,1,0,1,1,0,1,0,0
3612,19,70,2,0,7,66,1,1,2,0,4,1,1,64,1,0,0,1,1,0,0,1,1,0,0,1,0
3613,22,91,2,1,6,85,0,2,1,1,2,0,1,71,0,1,0,1,1,0,0,1,1,0,0,0,1
3614,24,81,1,1,8,78,1,1,0,1,2,0,0,68,1,0,1,0,0,1,0,1,1,0,0,0,1
3615,24,97,2,1,5,74,2,0,1,0,5,0,0,72,0,1,1,0,1,0,0,1,1,0,0,1,0
3616,14,77,1,1,5,60,0,1,2,2,3,2,2,64,1,0,0,1,0,1,0,1,1,0,1,0,0
3617,18,95,1,2,6,94,1,6,0,2,3,0,2,73,0,1,1,0,0,1,0,1,1,0,0,1,0
3618,27,78,1,2,8,89,0,0,0,1,3,2,0,69,0,1,1,0,1,0,0,1,1,0,0,1,0
3619,25,99,0,1,8,57,1,1,1,0,3,2,1,70,1,0,0,1,1,0,0,1,1,0,0,0,1
3620,12,98,1,2,4,68,1,3,0,2,2,0,0,69,0,1,1,0,1,0,0,1,1,0,0,1,0
3621,22,73,1,0,8,77,1,1,2,1,3,0,2,64,1,0,1,0,1,0,0,1,1,0,0,1,0
3622,8,95,1,1,7,73,0,2,1,1,2,1,0,66,1,0,0,1,1,0,0,1,1,0,0,1,0
3623,20,94,1,1,6,70,2,1,1,1,2,0,1,69,0,1,1,0,0,1,0,1,1,0,0,1,0
3624,31,68,2,1,7,86,0,1,0,1,3,0,1,68,0,1,0,1,1,0,0,1,1,0,0,0,1
3625,14,85,1,0,5,53,1,4,1,1,3,0,0,65,1,0,1,0,0,1,0,1,1,0,0,1,0
3626,15,63,2,0,7,74,1,4,0,1,2,0,1,62,1,0,1,0,0,1,0,1,1,0,1,0,0
3627,25,93,2,2,5,63,1,2,2,1,2,2,0,75,0,1,1,0,0,1,0,1,1,0,0,0,1
3628,11,67,1,1,6,54,0,0,0,1,3,0,0,60,0,1,1,0,0,1,0,1,1,0,0,0,1
3629,16,63,1,2,6,73,1,0,1,1,4,1,0,63,1,0,1,0,0,1,0,1,1,0,0,1,0
3630,24,76,1,0,8,59,1,2,1,1,4,1,2,66,1,0,1,0,0,1,0,1,1,0,0,0,1
3631,16,83,2,1,7,63,1,0,1,1,3,2,0,67,0,1,1,0,0,1,0,1,1,0,0,1,0
3632,19,94,0,1,8,75,1,1,1,1,3,1,1,68,0,1,1,0,0,1,0,1,1,0,1,0,0
3633,24,99,1,1,5,99,1,0,0,1,3,0,1,72,0,1,1,0,0,1,0,1,1,0,0,0,1
3634,23,78,0,1,7,84,2,0,0,1,3,1,0,66,1,0,0,1,1,0,0,1,1,0,0,1,0
3635,22,62,1,1,8,64,1,0,0,1,3,2,0,63,0,1,1,0,0,1,0,1,1,0,0,1,0
3636,18,90,1,2,9,69,1,1,2,2,3,1,1,71,0,1,0,1,0,1,0,1,1,0,0,0,1
3637,22,83,0,1,5,70,2,2,0,1,3,1,2,67,1,0,1,0,0,1,0,1,1,0,0,0,1
3638,19,78,1,1,6,58,1,1,0,1,3,2,0,66,1,0,1,0,0,1,0,1,1,0,0,1,0
3639,23,72,2,1,8,58,1,2,0,2,2,1,0,66,0,1,0,1,1,0,1,0,1,0,0,0,1
3640,17,80,2,2,9,57,1,4,0,1,2,1,0,68,1,0,1,0,1,0,0,1,1,0,0,0,1
3641,19,74,1,1,7,76,2,1,2,1,3,1,0,66,0,1,1,0,1,0,0,1,1,0,0,1,0
3642,14,90,2,1,5,84,1,0,0,1,3,2,0,68,0,1,1,0,0,1,0,1,1,0,1,0,0
3643,20,82,2,1,5,80,1,3,0,1,1,1,0,68,0,1,1,0,0,1,0,1,0,1,0,1,0
3644,15,95,0,1,7,99,0,0,2,2,2,0,0,68,0,1,1,0,0,1,0,1,1,0,0,1,0
3645,13,82,1,2,8,56,0,2,0,2,3,2,0,66,1,0,0,1,1,0,0,1,1,0,0,1,0
3646,22,70,2,0,7,99,1,1,0,2,2,0,1,66,1,0,0,1,1,0,0,1,1,0,0,0,1
3647,21,94,1,2,5,73,0,0,1,2,3,2,2,70,0,1,1,0,1,0,0,1,1,0,0,1,0
3648,25,82,2,1,9,61,0,1,2,1,2,0,0,68,1,0,1,0,0,1,0,1,1,0,1,0,0
3649,17,68,1,1,6,97,2,2,2,0,3,0,1,65,1,0,1,0,0,1,0,1,1,0,1,0,0
3650,22,85,0,2,8,73,2,1,1,1,3,1,0,70,1,0,0,1,0,1,0,1,1,0,0,0,1
3651,23,74,1,1,4,67,1,3,2,1,5,0,2,66,1,0,0,1,1,0,0,1,1,0,1,0,0
3652,23,94,1,2,9,61,1,0,1,1,1,2,1,68,0,1,1,0,0,1,1,0,0,1,1,0,0
3653,15,78,1,1,6,63,2,1,1,1,2,1,1,64,1,0,0,1,0,1,0,1,0,1,0,1,0
3654,21,89,1,1,9,99,1,0,1,1,3,0,0,69,1,0,0,1,1,0,0,1,1,0,1,0,0
3655,22,64,1,1,8,65,0,2,1,1,4,2,0,65,0,1,0,1,1,0,0,1,1,0,0,1,0
3656,20,76,1,2,5,99,0,3,1,2,3,2,0,69,0,1,1,0,0,1,1,0,1,0,1,0,0
3657,7,99,0,2,7,67,0,1,2,2,4,0,0,66,0,1,0,1,0,1,1,0,1,0,0,1,0
3658,21,92,2,0,9,62,1,1,1,0,2,0,0,68,0,1,1,0,1,0,0,1,1,0,0,0,1
3659,33,66,1,1,6,59,1,3,2,1,2,2,0,70,0,1,1,0,0,1,0,1,1,0,0,0,1
3660,18,71,2,1,9,71,1,1,1,2,3,0,1,65,0,1,1,0,1,0,0,1,1,0,0,0,1
3661,16,73,2,1,8,62,1,0,2,2,2,0,0,65,0,1,0,1,0,1,0,1,1,0,0,1,0
3662,22,86,1,0,9,85,1,1,1,1,3,2,0,68,0,1,1,0,1,0,0,1,1,0,1,0,0
3663,22,90,0,1,7,62,0,0,1,1,3,1,0,67,1,0,1,0,1,0,0,1,1,0,0,0,1
3664,27,90,2,2,7,92,1,0,0,1,3,0,0,72,0,1,0,1,1,0,0,1,1,0,0,1,0
3665,12,80,2,2,10,92,2,1,2,2,3,2,1,70,1,0,1,0,0,1,0,1,1,0,0,0,1
3666,24,92,0,2,8,64,2,1,2,2,3,1,0,72,1,0,0,1,0,1,0,1,1,0,0,1,0
3667,24,77,2,2,7,88,0,1,2,1,5,1,0,71,1,0,1,0,0,1,0,1,1,0,1,0,0
3668,19,65,0,1,8,93,0,1,1,2,4,1,0,64,1,0,0,1,1,0,0,1,1,0,0,1,0
3669,22,83,0,2,6,80,1,2,1,1,5,0,1,69,0,1,1,0,0,1,0,1,1,0,0,0,1
3670,26,98,1,1,7,68,1,4,0,1,1,0,0,73,0,1,1,0,0,1,0,1,1,0,0,0,1
3671,25,92,0,2,9,72,1,1,0,1,5,2,2,70,0,1,1,0,0,1,0,1,1,0,1,0,0
3672,13,83,2,1,7,89,1,1,0,1,4,2,0,68,0,1,1,0,1,0,0,1,1,0,0,1,0
3673,25,86,2,1,6,65,1,2,1,2,5,0,1,71,1,0,1,0,1,0,0,1,1,0,0,0,1
3674,20,97,1,2,6,67,0,1,0,2,3,2,0,71,0,1,0,1,1,0,0,1,1,0,0,0,1
3675,20,77,0,2,7,58,2,0,2,1,3,0,0,66,1,0,1,0,0,1,0,1,1,0,0,1,0
3676,20,73,1,2,6,70,0,3,2,2,4,0,0,68,0,1,1,0,1,0,0,1,1,0,0,1,0
3677,19,99,1,2,5,54,0,0,1,1,2,2,0,70,1,0,1,0,0,1,0,1,1,0,0,1,0
3678,27,95,1,1,5,66,0,3,1,1,4,0,0,72,1,0,1,0,1,0,0,1,1,0,0,1,0
3679,19,73,0,2,9,69,2,1,0,0,4,2,0,66,0,1,1,0,0,1,0,1,1,0,0,0,1
3680,13,79,1,2,7,63,0,3,2,1,2,0,0,65,0,1,0,1,0,1,1,0,1,0,0,1,0
3681,18,77,1,2,7,55,2,3,2,1,3,0,0,66,0,1,0,1,0,1,1,0,0,1,0,1,0
3682,21,66,2,1,6,76,0,3,0,1,1,0,1,65,0,1,0,1,0,1,0,1,1,0,0,1,0
3683,27,98,2,0,6,93,0,0,0,1,4,0,1,72,1,0,0,1,0,1,0,1,1,0,0,1,0
3684,24,76,1,1,6,67,1,2,2,1,3,1,0,68,0,1,1,0,0,1,0,1,1,0,1,0,0
3685,15,95,1,1,7,62,2,0,2,1,3,1,0,68,0,1,1,0,0,1,0,1,1,0,1,0,0
3686,35,68,0,2,5,64,1,0,2,0,4,0,0,67,1,0,1,0,0,1,0,1,0,1,0,0,1
3687,22,82,1,1,9,93,0,2,0,1,2,0,0,68,1,0,1,0,0,1,0,1,1,0,0,1,0
3688,28,61,2,1,7,76,2,1,1,2,4,0,1,67,1,0,1,0,1,0,0,1,1,0,0,0,1
3689,19,91,1,2,7,57,0,3,2,2,3,0,1,69,0,1,1,0,1,0,0,1,1,0,1,0,0
3690,23,83,0,0,8,85,1,2,0,1,2,0,0,65,1,0,0,1,1,0,0,1,0,1,0,1,0
3691,25,85,1,1,8,58,1,2,1,2,4,1,0,70,1,0,1,0,1,0,0,1,1,0,0,1,0
3692,27,62,2,1,6,53,0,1,1,1,2,0,1,64,1,0,1,0,1,0,0,1,1,0,0,0,1
3693,26,68,1,1,8,63,1,2,0,2,3,0,0,66,1,0,1,0,1,0,0,1,1,0,0,0,1
3694,25,63,0,1,8,58,1,1,2,1,1,1,0,64,0,1,1,0,1,0,0,1,1,0,0,0,1
3695,18,72,2,2,7,80,2,1,2,2,2,0,1,66,0,1,1,0,0,1,0,1,0,1,1,0,0
3696,17,85,1,1,9,74,1,1,1,1,2,0,0,67,1,0,0,1,0,1,0,1,1,0,0,1,0
3697,22,83,1,0,8,86,1,3,1,0,4,0,0,68,1,0,1,0,0,1,0,1,1,0,1,0,0
3698,26,84,1,1,8,76,1,5,1,2,2,0,1,71,1,0,1,0,1,0,0,1,1,0,0,1,0
3699,19,82,2,0,9,71,1,1,0,2,3,1,0,67,0,1,0,1,1,0,0,1,1,0,0,1,0
3700,26,71,2,1,7,76,1,3,0,1,2,2,1,69,1,0,1,0,0,1,0,1,1,0,0,0,1
3701,29,70,1,0,7,72,0,1,1,1,4,1,0,67,1,0,1,0,0,1,0,1,1,0,0,0,1
3702,15,65,0,2,8,52,1,4,0,1,3,0,1,61,0,1,0,1,0,1,0,1,0,1,0,1,0
3703,15,94,1,1,7,84,1,0,1,2,2,0,1,68,1,0,1,0,1,0,0,1,1,0,0,0,1
3704,19,85,0,0,8,98,1,2,1,0,4,0,0,67,0,1,0,1,0,1,0,1,1,0,0,1,0
3705,22,67,0,1,6,71,0,1,1,2,4,1,1,64,1,0,1,0,0,1,0,1,1,0,0,1,0
3706,17,67,1,1,4,71,1,3,1,2,2,0,1,63,0,1,1,0,0,1,0,1,1,0,1,0,0
3707,28,95,0,1,8,52,2,3,2,2,4,1,0,72,1,0,1,0,1,0,0,1,1,0,1,0,0
3708,23,90,2,1,5,95,0,2,0,1,2,0,1,69,1,0,1,0,1,0,0,1,1,0,1,0,0
3709,20,86,0,2,6,96,1,1,2,0,2,0,2,66,1,0,1,0,1,0,0,1,0,1,0,1,0
3710,11,76,1,1,8,91,0,1,2,2,3,1,0,64,0,1,0,1,0,1,0,1,0,1,0,1,0
3711,12,70,0,1,8,55,1,2,1,2,4,0,0,61,0,1,1,0,0,1,0,1,1,0,1,0,0
3712,22,99,1,2,9,95,1,2,0,0,4,0,0,71,1,0,1,0,0,1,0,1,0,1,1,0,0
3713,7,92,0,1,4,51,1,0,2,1,1,0,0,63,0,1,1,0,0,1,0,1,1,0,0,0,1
3714,26,72,1,0,7,72,0,2,1,0,4,0,0,65,0,1,1,0,1,0,0,1,1,0,0,1,0
3715,19,94,2,0,7,75,1,2,2,1,5,1,0,71,0,1,1,0,0,1,0,1,1,0,1,0,0
3717,34,72,1,2,9,88,0,1,2,1,3,2,0,73,1,0,0,1,0,1,0,1,1,0,0,0,1
3718,19,77,0,1,5,90,0,1,0,2,3,1,0,65,0,1,0,1,1,0,0,1,1,0,0,1,0
3719,19,67,0,1,7,93,2,0,1,1,4,2,0,66,1,0,1,0,0,1,0,1,1,0,0,0,1
3720,26,64,2,0,8,74,0,3,1,2,2,0,0,66,1,0,1,0,0,1,0,1,1,0,0,1,0
3721,30,89,1,1,6,89,1,3,2,1,3,2,1,74,1,0,1,0,1,0,0,1,1,0,0,1,0
3722,10,71,1,0,10,53,0,4,2,1,3,0,0,62,0,1,0,1,1,0,0,1,1,0,0,0,1
3723,9,93,2,0,6,72,0,1,1,1,2,1,0,66,0,1,1,0,0,1,0,1,1,0,0,0,1
3724,16,100,2,2,7,52,1,4,0,1,4,0,0,71,0,1,1,0,1,0,0,1,1,0,1,0,0
3725,23,63,2,1,5,96,1,2,2,1,2,0,0,67,0,1,1,0,0,1,0,1,1,0,0,1,0
3726,23,79,2,0,7,98,0,0,1,2,4,1,0,69,0,1,1,0,0,1,0,1,1,0,0,1,0
3727,26,92,1,2,4,54,1,2,2,1,4,0,1,72,1,0,1,0,1,0,0,1,1,0,0,0,1
3728,13,92,2,2,7,77,1,2,2,1,4,2,0,72,1,0,1,0,0,1,0,1,1,0,0,0,1
3729,6,90,1,1,9,66,1,2,1,2,2,0,2,65,1,0,1,0,0,1,0,1,1,0,0,0,1
3730,25,74,2,2,5,67,2,1,1,1,5,2,0,71,1,0,1,0,1,0,0,1,1,0,0,0,1
3731,15,78,1,1,5,73,1,0,2,2,1,1,0,64,1,0,0,1,1,0,0,1,0,1,0,0,1
3732,8,84,1,0,9,56,0,1,0,1,2,0,1,61,1,0,1,0,0,1,0,1,1,0,0,0,1
3733,21,99,1,0,9,59,0,1,2,2,2,1,1,69,0,1,1,0,0,1,0,1,1,0,1,0,0
3734,25,73,0,1,5,79,1,1,0,1,5,0,1,65,0,1,0,1,0,1,0,1,1,0,0,1,0
3735,19,97,1,0,10,51,2,3,0,2,4,1,2,69,0,1,1,0,0,1,0,1,1,0,0,1,0
3736,17,71,1,1,8,80,0,2,2,0,3,0,0,64,0,1,1,0,1,0,0,1,1,0,0,1,0
3737,19,100,1,0,9,66,2,1,2,1,4,2,1,69,1,0,1,0,0,1,0,1,0,1,1,0,0
3738,18,87,1,1,6,92,0,1,0,1,4,0,0,68,0,1,0,1,0,1,0,1,1,0,0,1,0
3739,12,79,1,0,9,80,0,1,2,1,2,1,1,63,1,0,1,0,1,0,0,1,1,0,0,0,1
3740,16,85,0,1,7,85,2,1,1,2,2,0,0,66,1,0,1,0,1,0,0,1,1,0,0,1,0
3741,23,71,1,1,7,56,0,1,1,1,4,0,0,65,0,1,0,1,1,0,0,1,1,0,0,0,1
3742,22,71,2,1,8,63,1,2,1,2,2,0,1,66,1,0,1,0,0,1,0,1,1,0,1,0,0
3743,21,65,1,1,6,100,1,3,1,1,4,2,0,67,1,0,1,0,1,0,0,1,1,0,0,1,0
3744,14,65,1,2,5,72,0,3,0,2,2,0,0,62,1,0,0,1,0,1,0,1,1,0,1,0,0
3745,19,74,1,2,7,68,1,2,0,2,2,0,0,66,0,1,1,0,0,1,0,1,1,0,1,0,0
3746,7,91,2,1,7,94,2,3,2,1,3,2,1,68,0,1,1,0,1,0,1,0,1,0,0,1,0
3747,21,84,1,1,6,52,1,2,2,2,5,0,1,68,1,0,1,0,0,1,0,1,1,0,1,0,0
3748,29,64,0,1,9,77,1,0,0,2,2,0,1,63,0,1,1,0,1,0,0,1,1,0,1,0,0
3749,11,94,2,0,10,61,1,1,1,0,3,1,1,66,1,0,1,0,0,1,0,1,1,0,0,1,0
3750,16,84,2,0,6,68,0,3,1,1,3,0,0,65,1,0,0,1,1,0,1,0,1,0,0,1,0
3751,22,98,2,1,7,60,1,1,2,1,1,0,0,72,1,0,1,0,0,1,0,1,1,0,0,0,1
3752,28,87,1,1,6,52,1,4,0,0,3,2,0,70,0,1,0,1,1,0,0,1,1,0,0,1,0
3753,17,67,2,0,10,71,1,1,1,1,3,0,0,63,1,0,1,0,1,0,0,1,1,0,0,0,1
3754,16,79,1,1,8,89,1,0,0,2,4,0,0,65,1,0,0,1,1,0,0,1,1,0,0,1,0
3755,8,86,2,0,8,98,0,1,0,1,1,1,0,65,1,0,0,1,0,1,0,1,1,0,0,1,0
3756,21,61,2,2,9,81,1,1,1,1,3,2,0,66,1,0,0,1,1,0,0,1,1,0,0,1,0
3757,32,61,2,1,7,69,2,0,2,1,3,0,1,68,0,1,1,0,0,1,0,1,1,0,0,0,1
3758,22,65,1,0,7,88,0,2,1,1,4,1,0,64,1,0,1,0,0,1,1,0,1,0,0,0,1
3759,20,70,2,1,9,75,0,3,1,1,4,1,1,66,1,0,1,0,1,0,0,1,1,0,0,1,0
3760,22,77,0,1,8,68,1,3,2,2,4,0,1,68,1,0,1,0,0,1,0,1,1,0,0,0,1
3761,20,79,0,1,6,59,1,0,0,1,2,0,1,64,1,0,1,0,0,1,0,1,1,0,0,0,1
3762,15,66,1,1,6,90,0,2,1,1,3,1,2,62,0,1,1,0,1,0,0,1,1,0,1,0,0
3763,25,87,1,1,6,75,1,0,0,1,2,0,0,67,1,0,0,1,0,1,1,0,0,1,0,1,0
3764,21,84,0,2,9,98,1,1,0,1,3,0,1,67,1,0,1,0,1,0,0,1,1,0,1,0,0
3765,20,72,1,1,9,90,0,1,1,1,2,2,1,65,1,0,0,1,1,0,0,1,1,0,0,1,0
3766,14,61,0,1,10,71,1,2,0,1,4,0,0,59,1,0,1,0,0,1,1,0,1,0,0,1,0
3767,28,63,1,2,6,87,0,0,0,1,2,0,1,66,0,1,1,0,0,1,0,1,1,0,0,0,1
3768,24,76,2,0,7,73,1,4,1,1,2,0,0,68,0,1,1,0,1,0,0,1,1,0,0,1,0
3769,17,66,2,1,6,54,1,2,2,0,3,0,0,63,0,1,1,0,1,0,0,1,0,1,0,0,1
3770,26,75,1,0,7,76,1,2,1,1,3,1,0,68,1,0,1,0,0,1,0,1,1,0,0,1,0
3771,17,85,2,0,8,93,0,2,1,2,3,1,2,68,0,1,1,0,0,1,0,1,1,0,0,0,1
3772,15,82,1,1,7,93,1,3,0,2,2,0,1,66,0,1,1,0,0,1,0,1,1,0,1,0,0
3773,15,69,2,0,9,79,0,1,1,1,2,0,1,63,0,1,0,1,1,0,0,1,1,0,0,0,1
3774,9,74,1,0,6,69,0,3,0,1,2,0,1,61,0,1,0,1,1,0,0,1,1,0,0,0,1
3775,23,85,2,1,8,51,0,0,2,0,4,1,0,68,0,1,1,0,0,1,0,1,1,0,1,0,0
3776,9,94,2,0,6,66,0,0,0,2,3,1,0,66,1,0,1,0,1,0,0,1,1,0,0,0,1
3777,13,90,1,2,4,99,2,1,2,1,4,1,1,69,1,0,1,0,1,0,0,1,0,1,0,1,0
3778,8,82,1,2,5,86,1,0,0,1,3,2,0,64,0,1,1,0,0,1,1,0,1,0,1,0,0
3779,19,74,1,1,7,86,2,1,2,1,3,2,0,68,1,0,0,1,1,0,0,1,1,0,0,0,1
3780,19,75,1,2,10,88,0,0,0,2,2,0,0,66,0,1,1,0,1,0,0,1,1,0,0,0,1
3781,18,95,1,1,6,81,1,0,0,1,3,0,0,68,0,1,1,0,1,0,0,1,0,1,0,0,1
3782,14,62,1,2,7,79,0,2,1,1,2,0,1,62,0,1,0,1,0,1,0,1,1,0,0,0,1
3783,13,100,1,0,8,73,0,1,0,1,3,2,0,68,1,0,1,0,0,1,0,1,1,0,0,1,0
3784,23,87,1,2,6,72,1,1,0,2,3,1,1,69,1,0,0,1,1,0,0,1,1,0,1,0,0
3785,17,87,2,2,6,94,1,2,0,1,3,0,1,70,1,0,0,1,0,1,0,1,1,0,0,1,0
3786,22,62,2,1,7,70,0,4,0,1,2,1,0,65,0,1,1,0,0,1,0,1,1,0,1,0,0
3787,15,84,0,1,6,92,1,3,1,1,3,1,0,68,0,1,1,0,0,1,0,1,1,0,0,0,1
3788,21,79,1,2,4,92,0,0,0,1,2,2,0,67,0,1,1,0,1,0,0,1,1,0,1,0,0
3789,28,64,0,1,6,89,1,0,0,0,4,1,2,64,1,0,1,0,0,1,0,1,1,0,0,1,0
3790,24,71,0,1,8,52,1,2,1,1,3,1,0,63,0,1,1,0,1,0,1,0,1,0,1,0,0
3791,18,96,1,0,8,57,1,1,1,1,2,0,0,67,0,1,1,0,0,1,0,1,1,0,1,0,0
3792,22,82,2,0,9,66,1,1,0,2,3,0,1,66,1,0,0,1,1,0,0,1,1,0,1,0,0
3793,19,77,2,0,9,92,1,2,0,1,4,0,0,67,0,1,1,0,0,1,0,1,1,0,0,0,1
3794,20,63,1,1,6,94,1,2,1,1,3,0,2,63,0,1,1,0,0,1,1,0,1,0,0,1,0
3795,18,89,1,1,6,52,1,3,2,2,3,0,1,69,0,1,1,0,0,1,0,1,1,0,0,0,1
3796,19,88,2,2,6,66,1,3,1,1,2,0,0,70,0,1,1,0,1,0,0,1,1,0,0,0,1
3797,21,85,2,1,7,93,1,0,2,1,4,0,1,70,1,0,1,0,0,1,0,1,1,0,0,1,0
3798,14,80,2,1,6,62,1,0,2,1,2,2,0,65,1,0,0,1,1,0,0,1,1,0,1,0,0
3799,14,77,0,0,7,99,0,2,1,1,2,2,1,64,0,1,1,0,1,0,0,1,1,0,0,0,1
3800,12,84,1,2,6,74,2,1,1,2,3,1,1,67,0,1,1,0,0,1,0,1,1,0,1,0,0
3801,10,69,0,1,8,97,1,1,1,1,3,0,0,61,0,1,0,1,1,0,0,1,1,0,1,0,0
3802,13,98,1,2,6,71,1,1,0,2,1,1,0,70,0,1,0,1,0,1,0,1,1,0,0,0,1
3803,21,84,2,0,6,66,2,2,2,1,4,1,2,68,1,0,0,1,1,0,0,1,0,1,0,0,1
3804,15,72,1,1,8,68,2,0,1,1,2,0,0,64,0,1,1,0,0,1,0,1,1,0,0,0,1
3805,23,78,2,1,8,94,1,1,2,1,2,0,1,68,1,0,0,1,1,0,0,1,0,1,0,1,0
3806,20,92,1,0,7,67,0,1,1,1,5,0,0,68,1,0,1,0,1,0,0,1,1,0,0,0,1
3807,8,66,2,2,8,83,1,0,0,1,4,1,0,63,1,0,0,1,0,1,0,1,1,0,0,0,1
3808,24,72,0,1,8,73,0,1,0,1,2,1,1,65,0,1,1,0,0,1,0,1,1,0,0,0,1
3809,25,87,0,1,10,97,1,4,0,0,3,0,0,69,0,1,0,1,0,1,0,1,0,1,0,1,0
3810,14,73,1,2,8,58,1,2,0,2,2,1,1,63,1,0,1,0,1,0,0,1,1,0,1,0,0
3811,23,92,0,1,10,71,1,1,0,1,3,1,0,69,1,0,1,0,0,1,0,1,1,0,0,1,0
3812,15,65,2,0,7,56,1,3,2,1,3,0,0,61,0,1,0,1,0,1,1,0,0,1,0,0,1
3813,21,91,0,2,9,79,1,2,0,1,3,1,2,69,0,1,0,1,0,1,0,1,1,0,0,1,0
3814,12,63,2,1,9,70,0,1,2,0,3,1,0,62,0,1,1,0,1,0,0,1,1,0,0,0,1
3816,18,96,1,2,6,92,1,2,1,1,3,0,2,71,1,0,1,0,0,1,0,1,1,0,0,0,1
3817,19,83,2,0,6,69,1,5,1,1,2,2,2,69,1,0,0,1,1,0,0,1,1,0,0,0,1
3818,18,74,2,1,8,75,2,1,2,2,3,2,1,68,1,0,1,0,1,0,0,1,1,0,0,0,1
3819,13,69,1,0,5,70,1,0,1,2,2,1,0,61,1,0,0,1,1,0,0,1,1,0,1,0,0
3820,18,85,2,1,6,74,1,3,0,1,2,1,2,67,1,0,0,1,0,1,0,1,1,0,1,0,0
3821,22,80,1,2,9,51,1,2,1,1,3,2,0,68,1,0,1,0,0,1,0,1,1,0,1,0,0
3822,20,100,1,1,8,91,1,3,0,1,3,0,0,72,1,0,1,0,0,1,0,1,1,0,0,0,1
3823,21,99,2,0,4,67,1,1,1,1,4,1,0,71,0,1,0,1,0,1,0,1,1,0,1,0,0
3824,16,85,1,1,5,86,0,3,1,1,2,0,0,67,1,0,1,0,0,1,1,0,1,0,0,0,1
3825,27,78,1,1,10,53,1,3,1,1,4,2,1,68,1,0,0,1,1,0,0,1,0,1,0,1,0
3826,13,80,1,1,9,76,1,0,2,1,2,0,0,64,0,1,1,0,1,0,0,1,1,0,0,1,0
3827,23,87,1,2,6,95,2,3,2,1,0,0,0,73,0,1,0,1,1,0,0,1,1,0,0,0,1
3828,27,64,0,1,5,70,1,0,0,2,4,0,0,65,0,1,1,0,0,1,0,1,1,0,0,0,1
3829,23,73,0,2,5,60,2,1,1,1,2,2,0,67,0,1,0,1,1,0,0,1,1,0,0,0,1
3830,19,63,2,1,8,55,0,0,1,1,4,1,1,63,0,1,0,1,0,1,0,1,1,0,0,0,1
3831,17,63,1,1,10,93,1,0,0,1,2,2,0,63,0,1,1,0,0,1,0,1,0,1,0,0,1
3832,26,68,1,1,10,62,2,4,1,1,2,2,0,69,0,1,1,0,0,1,0,1,1,0,0,1,0
3833,11,79,2,2,5,99,1,1,2,0,3,0,0,68,0,1,1,0,0,1,0,1,1,0,0,0,1
3834,14,91,1,1,7,62,1,2,0,2,2,1,0,68,1,0,1,0,0,1,0,1,1,0,0,1,0
3835,18,79,2,2,6,74,1,3,0,1,4,0,0,69,1,0,1,0,0,1,0,1,1,0,0,0,1
3836,27,73,2,2,7,73,2,5,2,2,3,0,0,73,0,1,1,0,0,1,0,1,1,0,1,0,0
3837,22,63,2,2,5,53,2,3,0,2,2,0,0,66,1,0,1,0,0,1,0,1,1,0,1,0,0
3838,14,82,1,1,6,77,1,3,1,1,3,1,0,68,0,1,1,0,0,1,0,1,1,0,0,0,1
3839,18,71,1,1,6,84,1,2,1,0,2,2,0,65,1,0,1,0,1,0,0,1,1,0,0,1,0
3840,16,85,1,1,8,87,2,4,0,1,3,0,2,67,1,0,0,1,1,0,0,1,1,0,1,0,0
3841,16,99,1,1,6,76,0,2,1,1,4,1,0,70,0,1,0,1,1,0,0,1,1,0,0,0,1
3842,26,64,1,2,6,91,1,1,0,1,4,0,1,66,1,0,0,1,1,0,0,1,1,0,0,1,0
3843,12,68,1,2,8,88,2,3,0,1,3,2,1,64,0,1,1,0,1,0,0,1,1,0,1,0,0
3844,30,79,1,2,9,60,1,1,0,1,3,0,0,69,0,1,1,0,1,0,0,1,1,0,0,1,0
3845,25,99,0,1,10,70,1,1,1,1,5,1,2,71,0,1,1,0,1,0,0,1,1,0,0,0,1
3846,27,91,1,0,8,57,1,0,0,0,4,2,1,68,1,0,0,1,1,0,0,1,1,0,0,1,0
3847,17,96,2,1,7,57,0,2,1,1,3,1,1,68,0,1,0,1,1,0,0,1,1,0,1,0,0
3848,19,73,0,1,9,86,2,0,1,2,3,1,0,66,0,1,1,0,0,1,0,1,1,0,0,0,1
3849,11,100,0,2,9,77,1,2,1,2,3,2,0,70,0,1,1,0,1,0,0,1,1,0,0,0,1
3850,17,64,1,2,8,80,1,0,2,2,2,2,0,65,0,1,1,0,1,0,0,1,1,0,0,0,1
3851,23,62,1,0,5,87,1,1,1,1,4,0,0,63,0,1,1,0,0,1,0,1,1,0,1,0,0
3852,28,94,0,1,9,64,1,0,1,1,3,0,1,70,0,1,1,0,0,1,0,1,1,0,0,1,0
3853,13,97,0,1,8,70,1,0,2,1,2,2,1,67,0,1,0,1,0,1,0,1,1,0,0,1,0
3854,18,64,1,1,6,80,1,1,1,1,5,0,0,63,1,0,1,0,1,0,0,1,0,1,0,0,1
3855,19,65,2,1,6,55,1,1,0,2,3,2,1,64,1,0,1,0,1,0,0,1,1,0,0,0,1
3856,12,61,0,1,8,92,1,2,2,1,4,0,1,60,1,0,1,0,0,1,0,1,0,1,0,1,0
3857,24,64,1,1,4,67,0,0,0,1,1,0,0,62,1,0,1,0,0,1,0,1,1,0,0,1,0
3858,16,68,1,2,7,83,2,2,0,2,2,0,0,65,0,1,1,0,1,0,0,1,1,0,0,0,1
3859,19,99,0,0,6,100,1,0,2,0,3,2,0,69,1,0,0,1,1,0,0,1,1,0,1,0,0
3860,17,87,1,2,6,74,0,1,0,2,3,1,1,68,0,1,0,1,0,1,0,1,1,0,0,1,0
3861,15,91,1,1,6,61,1,1,1,2,2,0,1,66,1,0,1,0,1,0,1,0,1,0,0,0,1
3862,20,91,2,2,5,61,0,4,0,1,2,2,0,72,1,0,1,0,0,1,0,1,1,0,0,0,1
3863,19,81,1,2,9,53,1,2,2,1,3,0,0,68,1,0,1,0,0,1,0,1,1,0,0,0,1
3864,18,92,1,1,4,88,1,3,2,1,2,0,1,69,1,0,1,0,1,0,0,1,1,0,0,1,0
3865,16,84,1,1,7,65,0,1,2,2,3,0,1,65,1,0,1,0,1,0,0,1,1,0,1,0,0
3866,22,73,2,1,6,59,0,0,0,1,1,0,0,65,1,0,1,0,0,1,0,1,1,0,0,0,1
3867,30,82,0,1,10,86,0,2,0,2,4,0,0,70,0,1,1,0,0,1,0,1,1,0,0,1,0
3868,21,81,1,0,7,65,2,1,1,1,2,1,1,67,1,0,1,0,0,1,0,1,1,0,0,0,1
3869,26,93,2,1,4,80,1,4,0,1,3,1,0,73,1,0,0,1,1,0,0,1,0,1,0,0,1
3870,12,99,2,2,8,71,1,2,1,0,2,1,0,70,0,1,1,0,1,0,0,1,1,0,0,1,0
3871,21,76,1,1,5,67,1,1,2,0,3,0,1,66,1,0,0,1,0,1,0,1,1,0,0,0,1
3872,13,91,1,1,8,74,1,1,0,1,1,2,0,68,1,0,0,1,0,1,0,1,1,0,0,0,1
3873,11,64,1,1,8,66,1,2,0,1,2,1,1,61,1,0,1,0,0,1,0,1,1,0,0,0,1
3874,16,91,1,2,9,94,0,0,2,1,3,2,0,70,1,0,1,0,1,0,0,1,1,0,0,0,1
3875,27,75,1,0,7,54,0,2,1,1,3,2,0,66,0,1,1,0,0,1,0,1,1,0,1,0,0
3876,26,62,2,1,8,52,1,4,0,1,5,1,0,67,1,0,1,0,0,1,0,1,1,0,0,1,0
3877,21,75,2,2,7,70,2,1,1,2,3,2,0,69,0,1,0,1,1,0,0,1,1,0,0,1,0
3878,11,84,1,0,6,59,0,2,1,1,3,0,0,64,0,1,1,0,0,1,0,1,1,0,0,0,1
3879,19,65,2,1,9,87,0,0,2,2,2,1,1,65,1,0,1,0,0,1,0,1,1,0,0,0,1
3880,22,97,2,1,5,68,0,7,1,2,5,1,0,75,0,1,0,1,0,1,0,1,1,0,1,0,0
3881,21,63,2,1,7,63,1,2,1,1,2,0,2,63,1,0,1,0,1,0,0,1,1,0,0,1,0
3882,9,97,2,1,6,68,0,5,1,1,3,1,0,69,1,0,0,1,1,0,0,1,1,0,0,1,0
3883,15,88,1,2,8,61,0,2,1,2,4,0,0,68,1,0,1,0,0,1,0,1,0,1,0,0,1
3884,20,73,1,0,6,65,1,2,2,2,2,1,0,66,1,0,0,1,0,1,0,1,1,0,0,0,1
3885,23,76,0,1,6,78,0,2,2,1,2,0,1,66,0,1,1,0,0,1,0,1,1,0,0,0,1
3886,7,90,0,1,7,93,0,4,1,1,3,1,0,66,1,0,1,0,0,1,0,1,1,0,0,1,0
3887,19,84,1,1,9,69,1,2,1,0,4,1,0,68,0,1,1,0,0,1,0,1,1,0,0,1,0
3888,21,87,0,1,6,66,1,1,0,0,2,0,1,65,0,1,1,0,0,1,0,1,1,0,1,0,0
3889,25,76,1,2,6,89,2,3,0,1,3,1,0,70,1,0,1,0,1,0,0,1,1,0,0,1,0
3890,24,80,1,2,5,51,1,3,2,0,2,0,0,68,0,1,1,0,1,0,0,1,1,0,0,0,1
3891,23,100,1,1,6,65,0,1,1,2,2,0,0,70,0,1,1,0,1,0,0,1,0,1,0,1,0
3892,15,69,0,1,8,73,1,2,1,1,2,0,1,61,1,0,1,0,1,0,0,1,1,0,0,1,0
3893,9,77,0,0,7,80,1,3,1,1,3,0,0,61,1,0,1,0,1,0,0,1,0,1,0,0,1
3894,18,72,0,2,7,58,0,6,0,1,0,0,1,64,1,0,1,0,1,0,0,1,1,0,0,0,1
3895,26,91,0,1,10,72,0,4,2,1,3,1,1,71,1,0,1,0,1,0,0,1,1,0,0,1,0
3896,28,91,2,1,4,78,0,1,1,0,3,0,1,72,1,0,1,0,0,1,0,1,1,0,0,0,1
3897,24,72,1,2,10,76,2,1,0,1,3,0,0,66,1,0,1,0,0,1,1,0,1,0,1,0,0
3898,23,63,1,1,9,79,2,0,0,1,4,0,2,63,0,1,0,1,0,1,0,1,1,0,1,0,0
3899,22,60,0,0,7,83,1,3,1,1,1,1,0,62,0,1,1,0,1,0,1,0,1,0,0,0,1
3900,17,77,1,1,8,69,0,3,2,1,3,0,0,65,1,0,1,0,0,1,0,1,0,1,0,1,0
3901,19,76,1,1,6,53,1,2,1,1,5,0,0,66,1,0,1,0,0,1,0,1,1,0,0,0,1
3902,30,100,0,2,7,53,1,2,0,2,3,0,1,72,1,0,0,1,1,0,0,1,1,0,0,1,0
3903,14,79,2,1,10,93,1,2,1,1,3,1,0,68,1,0,1,0,0,1,0,1,1,0,0,1,0
3904,30,70,2,0,6,84,2,2,1,1,3,2,0,70,1,0,1,0,1,0,0,1,1,0,0,0,1
3905,18,96,1,1,7,88,1,1,1,2,3,0,1,70,0,1,0,1,0,1,0,1,1,0,1,0,0
3906,28,80,1,2,6,96,2,2,0,1,6,0,0,73,1,0,1,0,1,0,0,1,1,0,0,0,1
3907,12,84,1,2,6,88,2,2,2,2,2,0,0,67,1,0,1,0,1,0,1,0,1,0,0,0,1
3908,24,64,1,0,6,85,1,3,1,1,2,2,1,65,1,0,1,0,1,0,0,1,1,0,0,0,1
3909,16,75,2,0,5,83,1,1,1,2,3,1,1,65,0,1,0,1,0,1,0,1,1,0,1,0,0
3910,12,98,0,1,7,63,1,0,2,1,3,0,0,65,0,1,0,1,1,0,0,1,0,1,0,1,0
3911,21,84,1,1,7,98,1,0,1,1,4,1,0,70,1,0,1,0,0,1,0,1,1,0,0,1,0
3912,26,74,1,0,6,77,1,3,1,1,2,0,2,66,1,0,0,1,0,1,0,1,1,0,1,0,0
3913,15,85,1,1,4,61,1,0,1,0,1,1,0,65,1,0,1,0,0,1,0,1,1,0,0,1,0
3914,11,96,2,2,7,60,1,2,0,1,1,0,0,68,1,0,1,0,1,0,0,1,1,0,0,1,0
3915,19,71,1,1,7,91,1,3,2,1,1,0,1,66,0,1,1,0,0,1,0,1,1,0,1,0,0
3916,19,80,0,1,10,63,2,1,1,1,2,1,0,65,0,1,1,0,0,1,1,0,1,0,0,1,0
3917,23,98,1,2,7,52,0,2,0,2,4,0,0,71,0,1,0,1,0,1,0,1,0,1,0,0,1
3918,26,67,0,1,8,71,1,2,2,1,3,0,0,65,1,0,0,1,0,1,0,1,1,0,1,0,0
3919,20,89,0,1,6,91,2,0,1,1,4,1,0,70,1,0,0,1,0,1,0,1,1,0,0,0,1
3920,31,85,1,1,9,71,0,0,1,2,2,1,1,69,0,1,1,0,0,1,0,1,0,1,1,0,0
3921,21,87,1,1,6,90,2,3,2,1,4,0,0,71,1,0,1,0,1,0,0,1,1,0,1,0,0
3922,18,74,1,2,8,91,1,0,1,2,2,0,0,67,0,1,0,1,0,1,0,1,1,0,0,0,1
3923,10,73,1,1,8,93,2,3,0,1,2,0,1,64,1,0,1,0,0,1,0,1,0,1,0,0,1
3925,18,69,1,2,10,85,1,2,2,1,0,1,1,66,0,1,0,1,0,1,0,1,1,0,0,0,1
3926,26,77,0,1,6,63,0,1,0,2,4,0,0,66,1,0,1,0,0,1,0,1,1,0,1,0,0
3927,23,68,2,1,9,55,1,1,1,1,3,0,1,65,1,0,1,0,0,1,0,1,1,0,0,0,1
3928,13,60,1,1,9,77,0,2,1,2,5,0,0,61,1,0,0,1,1,0,0,1,0,1,0,0,1
3929,21,99,1,2,7,51,2,2,1,0,2,2,0,72,0,1,0,1,1,0,0,1,1,0,0,1,0
3930,24,77,2,1,10,73,1,3,1,1,3,0,0,70,1,0,1,0,0,1,0,1,1,0,0,0,1
3931,29,99,1,1,7,55,0,0,1,1,3,0,1,71,1,0,0,1,0,1,0,1,1,0,0,0,1
3933,25,83,2,2,7,94,0,2,0,2,3,1,1,72,1,0,1,0,0,1,0,1,0,1,0,0,1
3934,20,68,1,2,5,82,1,1,0,2,3,2,0,67,0,1,1,0,0,1,1,0,1,0,0,0,1
3935,22,92,2,0,8,82,1,2,1,1,5,2,0,72,1,0,0,1,1,0,0,1,1,0,0,1,0
3936,27,91,0,2,8,70,0,1,1,0,6,0,1,70,0,1,1,0,0,1,0,1,1,0,0,1,0
3937,12,65,1,2,7,71,1,1,0,2,4,0,1,62,1,0,1,0,1,0,0,1,1,0,0,1,0
3938,18,96,2,1,10,65,0,3,1,1,2,1,1,71,0,1,1,0,0,1,0,1,1,0,0,0,1
3939,15,68,0,1,6,72,0,3,2,0,3,0,0,62,0,1,1,0,1,0,0,1,1,0,0,1,0
3940,22,85,1,1,4,79,0,1,0,0,3,0,0,68,0,1,1,0,0,1,0,1,1,0,0,0,1
3941,27,99,2,1,10,59,2,2,0,1,3,0,0,74,1,0,1,0,1,0,0,1,1,0,0,0,1
3942,16,95,2,2,9,63,1,0,1,0,3,0,0,68,1,0,0,1,1,0,1,0,1,0,0,0,1
3943,6,98,1,0,8,75,1,1,2,1,3,2,2,64,0,1,1,0,1,0,0,1,0,1,0,1,0
3944,18,74,2,1,6,69,1,0,0,1,4,0,1,65,1,0,1,0,0,1,0,1,1,0,0,0,1
3945,25,64,1,0,8,91,1,1,0,0,5,1,0,66,1,0,1,0,0,1,0,1,1,0,0,0,1
3946,23,68,1,2,5,91,0,5,0,1,1,1,0,68,0,1,1,0,1,0,0,1,1,0,0,1,0
3947,23,80,1,1,7,67,0,2,0,2,4,0,0,67,1,0,1,0,1,0,0,1,1,0,0,1,0
3948,18,92,1,1,6,73,0,1,1,2,5,0,1,67,0,1,1,0,0,1,0,1,0,1,0,1,0
3949,12,66,1,2,7,99,0,2,1,0,3,0,1,63,1,0,1,0,0,1,0,1,1,0,0,1,0
3950,23,86,1,2,8,91,1,2,0,1,1,1,0,71,0,1,1,0,0,1,0,1,1,0,1,0,0
3951,15,73,1,2,5,61,0,1,0,2,2,2,1,63,1,0,0,1,1,0,1,0,1,0,0,0,1
3952,33,74,1,0,8,64,1,0,1,1,3,0,0,66,1,0,1,0,1,0,0,1,0,1,1,0,0
3953,23,86,2,1,7,54,0,2,1,1,2,0,0,67,0,1,1,0,1,0,0,1,0,1,1,0,0
3954,17,79,1,2,8,84,1,0,1,1,2,0,1,66,1,0,1,0,0,1,0,1,1,0,0,1,0
3955,16,92,1,1,7,66,2,2,1,1,4,2,1,70,0,1,1,0,0,1,0,1,1,0,0,0,1
3956,19,66,2,1,8,77,0,3,1,1,4,1,1,64,0,1,1,0,1,0,1,0,1,0,1,0,0
3957,19,92,1,1,6,88,0,1,2,1,2,2,0,71,1,0,1,0,0,1,0,1,1,0,0,0,1
3958,27,63,2,2,4,92,1,0,0,1,3,1,0,68,0,1,1,0,0,1,0,1,1,0,0,1,0
3959,21,68,0,1,5,66,0,2,2,1,3,0,0,64,1,0,0,1,0,1,0,1,1,0,0,1,0
3960,16,86,1,1,6,62,0,1,0,2,4,0,0,66,0,1,1,0,0,1,0,1,1,0,0,0,1
3961,31,94,0,1,5,92,0,1,2,0,4,0,0,72,1,0,0,1,1,0,0,1,1,0,0,1,0
3962,20,70,0,1,9,69,2,2,1,2,3,2,0,66,0,1,1,0,0,1,0,1,1,0,0,1,0
3963,25,73,1,2,7,91,1,0,1,2,4,0,0,70,0,1,1,0,0,1,0,1,1,0,0,1,0
3964,16,81,1,1,8,57,2,1,1,1,2,0,0,66,1,0,0,1,0,1,0,1,1,0,0,0,1
3965,22,68,2,1,8,96,1,1,1,1,3,2,1,68,0,1,1,0,1,0,0,1,1,0,0,0,1
3966,22,92,1,0,7,74,2,2,1,0,4,1,1,70,1,0,1,0,0,1,0,1,1,0,0,0,1
3967,9,91,1,1,10,59,2,0,0,1,2,1,1,64,1,0,0,1,1,0,0,1,1,0,0,0,1
3968,32,66,2,2,10,77,2,3,1,1,1,1,0,71,1,0,1,0,0,1,0,1,1,0,0,1,0
3969,28,79,1,2,9,94,0,2,0,1,5,1,0,72,1,0,0,1,0,1,0,1,1,0,0,0,1
3970,18,91,2,1,6,69,1,5,0,2,2,0,0,71,1,0,1,0,0,1,0,1,1,0,0,0,1
3971,13,73,1,0,9,59,1,0,1,2,4,2,0,63,1,0,1,0,1,0,0,1,1,0,0,1,0
3972,22,85,0,1,4,79,1,1,2,0,2,1,0,68,1,0,1,0,0,1,0,1,1,0,0,0,1
3973,21,62,1,1,9,92,1,1,1,1,4,0,0,63,1,0,0,1,1,0,0,1,0,1,0,0,1
3974,22,84,1,1,4,56,1,0,2,0,2,0,1,66,1,0,0,1,1,0,0,1,1,0,0,0,1
3975,21,66,1,1,7,52,2,1,1,1,3,0,2,63,0,1,1,0,0,1,0,1,1,0,0,1,0
3976,23,93,2,2,9,53,2,1,0,1,4,1,0,72,0,1,0,1,1,0,0,1,1,0,0,1,0
3977,29,74,1,2,8,62,2,3,0,2,3,2,1,70,1,0,1,0,0,1,0,1,0,1,0,0,1
3978,23,71,1,1,5,50,1,1,0,2,1,1,0,65,0,1,1,0,0,1,0,1,1,0,0,0,1
3979,14,94,1,2,7,71,1,0,1,1,3,1,1,67,0,1,0,1,0,1,0,1,0,1,1,0,0
3980,28,62,0,2,8,85,1,2,0,2,3,0,1,66,0,1,1,0,1,0,0,1,1,0,0,0,1
3981,30,76,1,1,7,86,1,1,1,2,2,2,2,69,1,0,1,0,0,1,0,1,0,1,0,1,0
3982,39,75,1,2,6,82,2,1,2,0,3,1,0,73,1,0,1,0,0,1,0,1,1,0,1,0,0
3983,13,71,1,2,8,65,2,2,1,1,4,2,0,66,0,1,1,0,0,1,0,1,1,0,0,1,0
3984,21,96,1,1,9,87,1,0,1,1,6,0,0,70,0,1,1,0,0,1,0,1,0,1,0,1,0
3985,8,90,2,2,7,79,2,2,0,1,4,1,0,68,1,0,1,0,1,0,0,1,1,0,1,0,0
3986,23,63,0,1,9,93,1,2,1,2,2,0,2,65,1,0,0,1,0,1,0,1,1,0,0,0,1
3987,17,89,1,1,7,74,1,1,0,1,2,2,1,67,0,1,0,1,1,0,0,1,1,0,0,0,1
3988,32,81,2,1,6,59,2,2,2,1,2,0,1,71,0,1,1,0,1,0,0,1,1,0,0,1,0
3989,15,96,2,2,9,82,1,2,0,0,3,0,0,70,0,1,0,1,1,0,0,1,1,0,0,1,0
3990,10,73,1,0,9,58,0,5,0,1,3,0,1,61,1,0,0,1,0,1,0,1,1,0,1,0,0
3991,17,83,2,1,6,98,1,0,1,1,3,0,0,69,1,0,1,0,0,1,0,1,1,0,0,0,1
3992,8,80,0,1,6,85,1,1,0,2,3,2,0,63,1,0,1,0,0,1,0,1,1,0,1,0,0
3993,25,80,1,1,10,88,0,0,0,2,2,1,1,67,1,0,0,1,0,1,0,1,1,0,1,0,0
3994,8,78,2,1,7,84,1,0,1,1,2,1,0,65,1,0,1,0,0,1,0,1,1,0,0,0,1
3995,20,68,2,1,7,55,2,0,0,0,3,0,0,63,0,1,1,0,0,1,0,1,0,1,0,0,1
3996,8,90,1,1,7,73,2,3,2,0,4,2,0,67,1,0,0,1,1,0,0,1,1,0,1,0,0
3997,18,78,0,2,9,83,1,2,0,1,2,2,1,66,0,1,0,1,0,1,0,1,1,0,1,0,0
3998,30,98,0,1,10,61,1,0,0,1,3,2,1,72,1,0,1,0,0,1,0,1,1,0,0,0,1
3999,22,70,1,2,7,84,0,3,0,2,5,0,0,68,1,0,1,0,1,0,0,1,1,0,0,0,1
4000,15,87,2,1,10,91,1,1,0,0,4,0,1,67,1,0,1,0,0,1,0,1,1,0,0,1,0
4001,20,98,1,1,6,64,1,1,2,2,3,2,1,72,1,0,0,1,0,1,0,1,1,0,0,0,1
4002,20,87,1,2,7,60,1,0,0,1,2,0,2,66,0,1,1,0,0,1,0,1,0,1,0,0,1
4003,23,95,1,1,8,94,1,1,1,1,4,0,0,73,1,0,1,0,0,1,0,1,1,0,0,0,1
4004,12,93,2,2,6,50,0,4,2,2,3,2,1,71,1,0,1,0,0,1,0,1,1,0,0,0,1
4005,24,74,0,0,8,63,2,1,0,2,3,0,1,65,1,0,1,0,0,1,0,1,1,0,0,0,1
4006,4,84,1,1,6,70,1,5,1,2,4,0,0,65,1,0,0,1,0,1,0,1,1,0,0,1,0
4007,16,66,2,1,5,84,1,2,1,1,3,0,0,65,0,1,0,1,0,1,0,1,1,0,0,1,0
4008,17,81,1,1,4,100,0,2,1,2,2,1,0,68,1,0,0,1,0,1,0,1,1,0,0,1,0
4009,24,69,2,1,7,69,1,7,2,1,3,1,0,70,0,1,1,0,1,0,1,0,1,0,0,0,1
4010,20,90,1,0,8,97,0,1,1,0,2,0,0,68,0,1,0,1,0,1,0,1,1,0,0,1,0
4011,12,81,0,1,5,68,2,0,0,2,2,0,0,62,1,0,0,1,0,1,0,1,1,0,1,0,0
4012,14,76,1,1,7,85,2,3,0,1,3,1,0,66,1,0,0,1,1,0,0,1,1,0,0,1,0
4013,21,71,1,1,7,58,0,3,0,1,5,1,0,65,0,1,1,0,1,0,0,1,1,0,1,0,0
4014,20,100,1,1,7,73,1,1,0,1,4,1,0,71,0,1,1,0,0,1,0,1,1,0,0,1,0
4015,17,63,1,1,6,94,0,0,1,1,2,0,1,61,1,0,1,0,1,0,0,1,1,0,1,0,0
4016,17,62,1,1,7,66,2,2,2,1,4,0,1,63,1,0,1,0,1,0,0,1,1,0,0,1,0
4017,24,69,1,2,7,55,0,3,1,2,4,0,0,67,1,0,1,0,0,1,0,1,1,0,0,1,0
4018,17,99,1,1,8,76,0,2,2,1,4,2,0,70,1,0,1,0,1,0,1,0,1,0,0,0,1
4019,19,99,1,1,5,72,0,3,1,2,4,2,0,73,1,0,0,1,0,1,0,1,1,0,0,1,0
4020,33,86,1,1,7,61,1,1,2,1,3,0,0,72,1,0,1,0,1,0,0,1,1,0,0,0,1
4021,11,95,1,1,5,95,0,1,0,2,3,2,0,69,1,0,1,0,0,1,0,1,1,0,0,0,1
4022,9,69,0,1,7,80,1,1,1,1,3,1,1,61,1,0,0,1,0,1,0,1,1,0,0,1,0
4023,25,99,1,1,5,67,1,1,0,2,3,0,0,71,1,0,1,0,1,0,0,1,1,0,0,1,0
4024,16,66,1,1,6,100,1,1,1,1,3,0,1,64,0,1,1,0,0,1,0,1,1,0,0,1,0
4025,18,64,0,1,7,57,1,1,2,1,3,0,1,61,1,0,1,0,0,1,0,1,1,0,0,1,0
4026,15,64,1,1,6,92,0,3,0,1,4,1,0,63,0,1,1,0,1,0,0,1,1,0,1,0,0
4027,18,83,1,0,9,62,2,2,0,1,2,0,0,65,1,0,1,0,0,1,0,1,1,0,1,0,0
4028,30,91,2,1,9,62,0,3,0,2,4,2,0,73,0,1,1,0,1,0,0,1,1,0,1,0,0
4029,25,75,1,0,8,75,2,2,2,2,4,2,0,68,1,0,0,1,0,1,0,1,0,1,1,0,0
4030,25,99,1,1,8,83,1,1,1,1,2,1,0,72,0,1,1,0,1,0,0,1,1,0,0,1,0
4031,12,77,0,0,7,85,1,1,1,1,3,1,2,62,1,0,1,0,0,1,0,1,1,0,0,0,1
4032,13,66,2,1,9,51,0,3,1,1,2,2,1,63,1,0,0,1,0,1,0,1,1,0,0,0,1
4034,15,87,1,1,10,83,1,1,2,2,3,0,0,68,1,0,0,1,1,0,0,1,1,0,0,0,1
4035,26,93,2,2,6,94,0,1,1,2,2,0,0,74,0,1,1,0,0,1,0,1,1,0,1,0,0
4036,23,78,1,1,5,83,1,1,1,1,3,0,0,68,1,0,1,0,0,1,0,1,1,0,0,0,1
4037,19,84,1,1,5,63,1,1,2,1,2,0,0,67,1,0,0,1,0,1,0,1,1,0,0,0,1
4038,20,71,1,1,5,75,0,0,1,1,4,0,0,65,1,0,0,1,0,1,0,1,1,0,0,0,1
4039,16,86,0,0,5,82,0,0,0,1,4,0,1,63,0,1,1,0,0,1,0,1,1,0,0,1,0
4040,21,99,1,0,7,57,2,2,1,1,2,2,0,71,1,0,1,0,1,0,0,1,1,0,0,1,0
4041,25,62,1,0,8,77,1,0,1,0,4,1,2,62,0,1,1,0,0,1,0,1,1,0,1,0,0
4042,10,95,2,0,7,74,2,2,0,1,3,0,2,66,1,0,1,0,0,1,0,1,1,0,1,0,0
4043,22,82,0,1,5,67,0,1,0,2,1,2,0,65,0,1,0,1,1,0,0,1,0,1,0,1,0
4044,26,70,2,1,6,81,0,0,0,2,3,0,1,66,1,0,1,0,1,0,0,1,1,0,0,1,0
4045,18,98,2,0,8,82,1,3,1,2,3,1,0,71,1,0,1,0,1,0,0,1,1,0,1,0,0
4046,24,79,0,2,6,99,2,2,0,2,3,0,0,68,1,0,1,0,1,0,1,0,1,0,1,0,0
4047,37,73,1,2,6,71,1,0,2,2,5,0,1,72,1,0,1,0,0,1,0,1,1,0,0,0,1
4048,19,67,1,2,5,77,1,1,1,2,4,2,0,66,1,0,0,1,1,0,0,1,1,0,1,0,0
4049,22,70,1,0,6,58,0,4,2,1,2,2,1,66,1,0,1,0,0,1,0,1,1,0,0,0,1
4050,16,93,0,2,6,77,2,2,0,1,1,0,1,67,1,0,1,0,1,0,0,1,1,0,1,0,0
4051,21,85,0,2,7,52,1,5,2,2,3,2,1,71,1,0,1,0,0,1,0,1,1,0,0,0,1
4052,23,97,2,2,8,57,0,2,2,1,1,2,2,72,1,0,1,0,0,1,1,0,1,0,0,0,1
4053,21,69,0,1,7,59,1,3,0,1,3,2,0,64,1,0,1,0,1,0,0,1,1,0,0,1,0
4054,14,65,0,2,7,82,0,1,0,0,3,0,0,60,1,0,1,0,1,0,0,1,1,0,1,0,0
4055,21,60,2,0,8,78,1,2,1,2,2,0,0,64,0,1,1,0,1,0,0,1,1,0,0,0,1
4056,29,80,1,0,5,90,1,2,1,0,1,1,0,70,0,1,1,0,0,1,0,1,1,0,0,0,1
4057,23,100,1,0,10,73,1,3,1,1,2,1,0,72,1,0,0,1,0,1,0,1,1,0,0,1,0
4058,26,88,1,2,6,74,1,0,0,1,2,0,1,68,0,1,1,0,1,0,0,1,1,0,1,0,0
4059,19,72,1,0,8,58,1,0,1,0,3,0,0,62,0,1,1,0,0,1,0,1,1,0,0,1,0
4060,24,95,1,0,5,87,1,0,0,1,2,0,2,68,1,0,1,0,1,0,0,1,1,0,0,1,0
4061,22,91,2,2,7,50,1,2,0,1,5,2,1,72,1,0,1,0,0,1,0,1,1,0,0,0,1
4062,14,61,1,0,7,71,1,0,1,0,1,2,0,60,0,1,0,1,0,1,0,1,1,0,0,1,0
4063,22,93,1,2,9,59,0,3,0,2,4,2,0,72,0,1,1,0,1,0,0,1,1,0,0,0,1
4064,14,72,0,2,7,89,1,2,1,1,3,0,0,65,0,1,1,0,1,0,0,1,1,0,0,0,1
4065,16,66,1,0,9,84,2,3,0,0,4,0,0,63,0,1,1,0,1,0,0,1,1,0,0,0,1
4066,21,69,1,0,7,85,1,2,1,1,0,2,0,66,1,0,0,1,0,1,0,1,1,0,0,0,1
4067,22,79,0,1,10,57,0,1,1,2,2,0,0,65,1,0,1,0,1,0,0,1,1,0,0,0,1
4068,13,77,1,2,4,83,1,1,1,2,2,2,1,65,1,0,1,0,1,0,0,1,1,0,1,0,0
4069,26,72,0,2,8,85,1,2,0,1,3,0,0,67,1,0,1,0,1,0,0,1,1,0,1,0,0
4070,23,67,1,1,4,50,0,4,0,1,3,1,1,65,1,0,0,1,1,0,0,1,1,0,0,0,1
4071,16,90,2,1,7,66,1,0,2,2,3,0,1,67,1,0,1,0,1,0,0,1,1,0,1,0,0
4072,11,100,1,1,9,54,0,1,0,1,3,2,0,66,1,0,1,0,0,1,0,1,1,0,1,0,0
4073,19,91,0,2,9,84,2,2,2,2,3,0,0,71,1,0,1,0,0,1,0,1,0,1,0,0,1
4074,17,72,1,1,8,61,1,1,1,1,4,2,1,64,1,0,1,0,1,0,0,1,1,0,0,1,0
4075,21,70,0,0,7,63,1,0,1,1,2,0,2,61,1,0,1,0,1,0,0,1,1,0,0,0,1
4076,18,69,2,2,8,54,0,1,2,2,2,0,0,65,1,0,0,1,0,1,0,1,1,0,0,1,0
4077,8,65,1,1,10,74,1,1,1,2,5,0,0,61,1,0,0,1,1,0,0,1,1,0,0,0,1
4078,18,82,2,0,7,52,0,1,0,1,4,0,0,64,0,1,1,0,1,0,0,1,1,0,1,0,0
4079,18,84,2,2,8,92,0,0,0,2,3,1,0,69,0,1,1,0,0,1,0,1,1,0,1,0,0
4080,24,88,1,1,6,51,2,4,1,0,4,0,0,71,1,0,1,0,0,1,0,1,1,0,0,0,1
4081,16,87,2,1,9,53,2,3,1,2,5,1,0,70,1,0,0,1,1,0,0,1,1,0,0,1,0
4082,30,72,2,1,8,82,2,1,0,1,1,1,1,70,0,1,1,0,0,1,0,1,1,0,0,0,1
4083,9,73,1,1,6,96,0,0,0,2,2,0,0,62,1,0,1,0,0,1,0,1,1,0,0,0,1
4084,28,87,1,1,8,95,1,2,1,0,3,2,0,73,0,1,0,1,1,0,0,1,1,0,0,0,1
4085,19,74,1,2,8,54,2,0,1,1,3,1,0,66,1,0,1,0,1,0,0,1,1,0,0,0,1
4086,25,69,1,1,8,64,1,1,2,0,3,2,1,66,0,1,1,0,0,1,0,1,1,0,1,0,0
4087,20,75,0,1,7,76,1,3,2,2,3,1,0,66,0,1,0,1,1,0,0,1,1,0,1,0,0
4088,27,71,1,1,9,51,1,3,2,1,1,1,2,66,0,1,1,0,0,1,1,0,1,0,0,1,0
4089,18,64,1,1,6,76,1,2,1,2,4,0,0,65,1,0,1,0,0,1,0,1,1,0,0,0,1
4090,13,93,0,0,7,72,2,2,1,1,2,2,0,67,0,1,0,1,1,0,0,1,1,0,0,0,1
4092,19,69,1,1,9,96,1,0,2,2,3,0,1,66,0,1,0,1,0,1,0,1,1,0,0,0,1
4093,21,63,1,1,6,64,0,1,2,2,3,0,0,63,1,0,1,0,0,1,0,1,1,0,1,0,0
4094,27,90,1,1,7,82,1,0,1,1,3,1,1,71,0,1,1,0,1,0,0,1,1,0,0,0,1
4095,14,68,1,2,6,71,0,1,1,1,3,1,1,63,1,0,1,0,1,0,0,1,1,0,0,0,1
4096,24,76,2,0,7,72,0,1,2,1,2,1,1,67,1,0,1,0,0,1,0,1,1,0,0,0,1
4097,16,63,1,1,8,82,1,0,2,1,3,0,0,63,1,0,1,0,0,1,0,1,1,0,0,1,0
4098,19,69,2,1,5,98,1,0,2,1,4,0,1,66,1,0,1,0,0,1,0,1,1,0,0,1,0
4099,20,92,1,1,9,93,0,3,2,1,2,1,0,72,0,1,1,0,0,1,0,1,1,0,0,0,1
4100,11,92,2,1,8,82,2,4,1,1,2,2,0,70,0,1,0,1,0,1,0,1,1,0,1,0,0
4101,15,68,2,0,6,73,1,0,1,1,3,1,0,62,1,0,1,0,0,1,1,0,1,0,0,0,1
4102,28,73,2,1,6,71,1,0,1,2,2,1,1,69,0,1,0,1,0,1,0,1,1,0,0,0,1
4103,25,65,0,1,9,89,1,2,1,2,3,0,0,66,0,1,1,0,0,1,0,1,1,0,0,1,0
4104,20,63,1,1,8,61,1,2,2,1,3,0,0,64,1,0,1,0,0,1,0,1,1,0,0,1,0
4105,21,100,0,1,6,79,1,2,0,1,1,0,0,70,0,1,1,0,0,1,0,1,1,0,0,1,0
4106,18,86,1,1,6,75,2,0,0,2,4,0,0,67,1,0,1,0,1,0,0,1,1,0,0,1,0
4107,28,82,1,2,8,82,0,1,1,1,2,2,0,71,1,0,0,1,0,1,0,1,1,0,1,0,0
4108,19,91,1,1,8,59,2,1,2,1,2,2,0,69,1,0,1,0,1,0,0,1,1,0,0,1,0
4109,21,94,2,0,8,85,1,1,1,1,4,1,0,70,1,0,1,0,1,0,0,1,1,0,1,0,0
4110,27,92,1,1,7,81,1,0,0,1,1,1,0,70,1,0,1,0,0,1,0,1,1,0,1,0,0
4111,15,61,2,0,8,59,1,1,1,1,2,2,1,61,0,1,1,0,0,1,0,1,1,0,0,1,0
4112,29,67,0,2,7,72,1,0,1,2,3,0,0,65,0,1,1,0,1,0,1,0,1,0,0,1,0
4113,11,86,1,2,6,84,1,0,2,2,3,0,0,67,1,0,0,1,0,1,0,1,1,0,0,1,0
4114,30,75,1,0,9,95,0,1,2,1,5,2,0,70,1,0,1,0,0,1,0,1,1,0,1,0,0
4115,18,99,1,1,8,56,1,2,0,2,3,0,0,67,1,0,0,1,1,0,1,0,1,0,1,0,0
4116,19,87,0,2,6,50,1,3,0,1,2,2,0,68,1,0,1,0,0,1,0,1,1,0,0,1,0
4117,9,98,2,2,7,58,1,2,1,1,4,1,0,69,1,0,1,0,1,0,0,1,1,0,1,0,0
4118,17,68,1,1,7,99,1,1,1,0,1,2,0,65,1,0,0,1,1,0,0,1,1,0,0,1,0
4119,14,95,2,1,6,88,1,2,0,0,2,0,2,68,1,0,1,0,0,1,0,1,1,0,0,1,0
4120,16,73,2,1,7,81,1,1,2,2,4,2,0,67,1,0,1,0,0,1,0,1,1,0,1,0,0
4121,19,100,1,2,6,57,1,1,2,1,2,0,0,70,1,0,0,1,0,1,0,1,0,1,0,0,1
4122,26,66,2,2,8,71,2,2,1,1,3,0,0,68,0,1,1,0,1,0,0,1,1,0,0,1,0
4123,21,81,2,1,7,86,1,1,0,1,4,1,0,69,1,0,1,0,0,1,0,1,1,0,0,1,0
4124,22,92,2,0,5,95,0,0,0,0,3,2,0,70,1,0,1,0,0,1,0,1,1,0,0,0,1
4125,13,77,2,2,7,69,1,2,0,2,5,1,1,67,1,0,0,1,0,1,0,1,1,0,0,1,0
4126,15,79,2,2,6,100,1,4,0,1,3,1,0,70,0,1,1,0,0,1,0,1,1,0,0,1,0
4127,31,99,1,0,4,57,2,1,2,2,2,2,1,74,0,1,1,0,0,1,0,1,1,0,0,1,0
4128,16,77,1,0,7,69,0,1,0,2,4,0,0,63,0,1,1,0,0,1,0,1,1,0,0,1,0
4129,30,84,2,1,9,94,1,1,0,2,2,0,0,72,0,1,0,1,0,1,0,1,0,1,0,0,1
4130,19,62,2,1,7,82,0,0,0,0,5,2,0,62,1,0,0,1,1,0,0,1,0,1,0,1,0
4131,20,94,1,1,8,91,1,1,0,1,2,2,0,71,0,1,1,0,1,0,0,1,1,0,0,0,1
4132,26,86,1,0,7,95,1,0,0,2,5,0,1,68,1,0,1,0,1,0,0,1,1,0,1,0,0
4133,28,76,1,2,6,75,2,3,2,1,3,0,0,72,1,0,1,0,0,1,0,1,1,0,0,0,1
4134,19,61,1,2,6,62,2,1,2,1,2,2,1,64,0,1,1,0,0,1,0,1,1,0,0,1,0
4135,18,84,0,0,5,85,1,0,1,1,4,0,1,64,1,0,1,0,1,0,0,1,1,0,0,1,0
4136,20,61,0,2,8,78,1,0,0,1,5,0,0,63,0,1,0,1,0,1,0,1,1,0,0,0,1
4137,22,60,2,1,8,89,1,2,1,2,4,1,1,66,1,0,0,1,0,1,0,1,1,0,0,1,0
4138,25,85,1,1,7,76,1,2,2,1,2,1,0,71,0,1,1,0,0,1,0,1,1,0,0,0,1
4139,20,68,1,2,4,91,2,4,2,1,4,1,0,70,1,0,0,1,0,1,0,1,1,0,0,0,1
4140,24,68,2,1,8,95,0,3,1,1,0,0,1,67,1,0,1,0,0,1,0,1,1,0,0,0,1
4141,30,86,2,2,6,87,1,0,0,0,4,1,0,73,0,1,0,1,0,1,0,1,1,0,0,0,1
4142,22,62,0,1,7,87,1,2,2,0,3,0,0,64,0,1,1,0,0,1,0,1,1,0,0,1,0
4143,22,73,0,1,5,79,1,4,1,0,1,2,1,65,0,1,1,0,1,0,0,1,1,0,1,0,0
4144,11,66,1,1,7,74,1,3,1,2,3,0,2,62,0,1,0,1,0,1,0,1,1,0,0,1,0
4145,4,83,2,1,7,99,0,1,0,0,3,1,0,64,0,1,0,1,1,0,0,1,1,0,0,1,0
4146,22,86,0,1,4,82,0,1,0,0,5,1,1,67,1,0,0,1,1,0,0,1,1,0,0,0,1
4147,19,89,1,2,9,92,2,5,1,1,3,2,0,74,1,0,0,1,1,0,0,1,1,0,0,0,1
4148,17,70,2,1,7,75,1,1,0,1,4,1,2,63,1,0,0,1,1,0,0,1,0,1,0,1,0
4149,21,64,2,0,7,78,0,1,1,1,4,0,0,64,1,0,1,0,0,1,0,1,1,0,0,0,1
4150,20,63,1,0,8,83,0,4,1,1,3,2,1,64,0,1,1,0,1,0,0,1,1,0,0,1,0
4151,27,77,0,2,7,86,2,1,2,2,3,1,0,70,1,0,1,0,1,0,0,1,1,0,1,0,0
4152,21,98,1,1,8,72,1,3,0,0,3,0,1,71,0,1,1,0,0,1,0,1,1,0,0,0,1
4153,16,69,1,1,5,68,1,0,1,2,4,1,1,63,1,0,1,0,0,1,0,1,1,0,0,1,0
4154,26,70,1,2,7,62,1,0,0,1,1,1,0,66,0,1,0,1,0,1,0,1,1,0,1,0,0
4155,19,64,1,2,4,71,1,1,2,1,3,0,0,65,1,0,1,0,0,1,0,1,1,0,0,1,0
4156,23,84,1,2,7,61,1,2,1,2,5,1,1,70,1,0,1,0,1,0,0,1,1,0,0,1,0
4157,17,87,0,0,9,71,1,2,0,1,3,1,1,65,0,1,1,0,0,1,0,1,1,0,0,1,0
4158,16,86,2,1,5,94,2,0,1,1,2,0,0,68,1,0,1,0,0,1,0,1,1,0,1,0,0
4159,21,94,1,2,6,99,1,1,1,2,2,0,0,72,1,0,0,1,1,0,0,1,1,0,0,1,0
4160,20,79,1,2,4,79,0,0,1,2,4,0,1,67,1,0,0,1,0,1,0,1,1,0,0,1,0
4161,23,65,2,2,7,57,0,1,2,1,4,0,0,65,1,0,1,0,1,0,1,0,1,0,0,1,0
4162,18,72,1,1,8,71,0,2,2,1,4,2,0,66,1,0,1,0,1,0,0,1,1,0,0,0,1
4163,9,86,2,2,8,80,1,1,0,1,5,1,2,67,0,1,1,0,1,0,0,1,1,0,0,0,1
4164,17,85,1,0,6,69,1,1,1,1,3,2,0,65,1,0,0,1,1,0,0,1,0,1,0,1,0
4165,25,81,1,1,4,60,1,2,1,1,3,0,0,68,1,0,0,1,1,0,0,1,1,0,0,1,0
4166,18,87,1,1,5,61,2,2,1,1,1,0,0,68,1,0,1,0,1,0,0,1,1,0,0,0,1
4167,19,85,1,2,9,74,1,1,2,1,3,1,1,69,0,1,1,0,0,1,0,1,1,0,0,1,0
4168,26,95,1,0,8,61,1,2,1,1,2,2,0,71,0,1,0,1,0,1,0,1,1,0,0,1,0
4169,16,83,1,1,7,62,1,0,0,1,1,2,1,64,1,0,0,1,0,1,0,1,0,1,0,1,0
4170,11,91,0,2,7,94,1,1,1,1,3,0,1,65,1,0,1,0,1,0,0,1,0,1,0,1,0
4171,19,70,1,1,5,89,1,1,0,2,2,0,0,64,1,0,0,1,1,0,0,1,1,0,0,1,0
4172,17,87,1,1,9,53,0,3,0,1,3,2,1,67,0,1,1,0,0,1,0,1,1,0,0,0,1
4173,14,96,1,2,6,66,1,3,1,1,2,1,0,70,0,1,1,0,1,0,0,1,1,0,0,0,1
4174,19,75,1,2,8,77,1,1,0,0,4,0,1,66,0,1,1,0,1,0,0,1,1,0,0,0,1
4175,23,91,2,1,5,53,0,3,1,2,3,0,0,70,1,0,0,1,1,0,0,1,1,0,1,0,0
4176,20,89,1,2,7,84,0,1,2,2,4,0,1,70,1,0,1,0,0,1,0,1,1,0,0,1,0
4177,22,62,2,1,9,69,0,1,2,0,3,1,0,64,1,0,0,1,0,1,0,1,1,0,1,0,0
4178,31,83,0,2,6,70,1,3,0,1,3,1,0,71,1,0,0,1,0,1,0,1,1,0,1,0,0
4179,18,65,1,2,8,63,1,1,1,1,3,0,2,63,1,0,1,0,0,1,0,1,1,0,0,0,1
4180,22,99,1,1,5,67,2,1,1,2,3,1,0,72,1,0,0,1,0,1,0,1,1,0,1,0,0
4181,17,92,2,2,6,93,1,4,1,0,4,1,1,72,0,1,0,1,1,0,0,1,1,0,0,1,0
4182,15,64,2,0,7,89,0,0,0,1,2,0,0,61,1,0,1,0,0,1,0,1,1,0,1,0,0
4183,16,65,2,0,8,97,2,2,0,1,4,0,0,63,0,1,1,0,0,1,0,1,0,1,1,0,0
4184,17,84,0,2,7,85,2,0,1,1,2,1,1,67,1,0,0,1,1,0,0,1,1,0,0,0,1
4185,22,74,2,0,8,79,0,3,1,1,1,0,0,67,0,1,1,0,0,1,0,1,1,0,0,1,0
4186,34,61,1,0,9,63,0,2,1,1,5,0,1,65,0,1,1,0,1,0,0,1,1,0,0,1,0
4187,16,82,0,1,6,83,1,0,1,1,2,0,0,64,0,1,1,0,1,0,0,1,1,0,1,0,0
4188,18,76,1,0,5,95,2,2,2,2,6,2,0,69,0,1,1,0,1,0,0,1,1,0,0,0,1
4189,20,64,1,2,6,53,2,4,2,1,4,1,1,65,0,1,0,1,1,0,1,0,1,0,0,1,0
4190,22,92,2,2,9,72,0,1,0,2,4,2,0,71,1,0,1,0,1,0,0,1,0,1,0,1,0
4191,22,97,1,1,6,57,1,0,1,2,2,0,0,70,1,0,0,1,0,1,0,1,1,0,0,0,1
4193,5,93,1,1,7,81,1,1,0,2,2,1,0,65,0,1,1,0,0,1,1,0,1,0,0,1,0
4194,6,69,2,1,10,94,1,1,1,1,4,2,0,63,0,1,0,1,0,1,1,0,1,0,0,1,0
4195,17,71,1,1,10,53,0,0,0,0,3,0,1,61,1,0,1,0,0,1,0,1,1,0,0,0,1
4196,27,68,1,0,9,95,1,1,0,1,3,1,1,67,1,0,1,0,0,1,0,1,1,0,0,0,1
4197,11,91,1,1,5,53,1,0,0,1,2,2,0,64,0,1,0,1,1,0,0,1,1,0,0,1,0
4198,2,98,2,1,4,64,1,1,0,2,2,0,0,65,0,1,0,1,1,0,0,1,1,0,0,1,0
4199,23,89,2,2,7,58,1,2,1,2,3,2,1,73,1,0,0,1,0,1,0,1,1,0,0,0,1
4200,21,95,1,2,8,57,0,1,0,1,3,0,0,69,1,0,1,0,0,1,1,0,1,0,0,0,1
4201,13,86,1,2,8,59,1,3,1,1,3,0,0,67,1,0,1,0,1,0,0,1,1,0,0,1,0
4202,14,76,2,1,6,74,0,0,2,1,2,1,2,63,1,0,0,1,1,0,0,1,0,1,0,0,1
4203,14,77,2,2,5,89,0,0,1,1,2,1,0,67,1,0,0,1,0,1,0,1,1,0,0,0,1
4204,21,63,0,2,8,95,1,2,2,1,5,0,0,66,1,0,1,0,0,1,0,1,1,0,0,1,0
4205,16,61,1,2,10,78,1,2,0,2,2,1,1,64,0,1,1,0,0,1,0,1,1,0,0,0,1
4206,23,88,2,0,6,58,1,2,0,1,2,0,1,68,1,0,1,0,0,1,0,1,1,0,0,1,0
4207,3,78,1,1,8,54,2,2,2,1,4,0,1,61,1,0,1,0,1,0,0,1,1,0,0,0,1
4208,15,82,1,1,10,75,1,1,2,1,1,1,0,66,0,1,1,0,0,1,0,1,1,0,1,0,0
4209,13,82,1,1,7,88,1,0,0,1,2,0,0,65,0,1,1,0,0,1,0,1,1,0,0,1,0
4210,18,71,1,2,7,81,1,0,1,1,4,1,1,65,0,1,1,0,0,1,0,1,1,0,1,0,0
4211,17,79,1,1,8,79,1,3,1,2,5,2,0,67,1,0,0,1,1,0,0,1,0,1,0,1,0
4212,25,79,2,1,7,52,1,1,1,1,2,2,1,68,0,1,1,0,0,1,0,1,1,0,1,0,0
4213,9,76,1,1,9,71,1,1,1,2,3,1,0,63,1,0,1,0,0,1,0,1,1,0,0,1,0
4214,20,93,2,1,6,78,0,1,0,1,3,1,1,70,0,1,1,0,1,0,0,1,1,0,0,0,1
4215,23,78,2,2,7,80,1,0,0,1,2,0,0,68,0,1,0,1,1,0,0,1,1,0,0,1,0
4216,31,84,1,1,5,50,1,2,0,2,3,0,0,69,1,0,0,1,1,0,1,0,1,0,0,0,1
4217,17,96,2,1,7,60,0,0,0,1,2,1,0,67,1,0,0,1,0,1,0,1,0,1,0,1,0
4218,22,95,1,1,5,97,1,0,0,0,3,0,1,69,1,0,1,0,1,0,0,1,1,0,0,1,0
4219,9,96,1,0,8,75,0,1,0,2,4,0,0,65,0,1,0,1,0,1,0,1,0,1,0,0,1
4220,6,71,1,2,5,85,1,1,0,1,2,0,1,61,1,0,1,0,0,1,0,1,1,0,0,0,1
4221,25,61,1,2,8,65,0,3,0,0,3,1,0,65,0,1,1,0,0,1,0,1,1,0,0,1,0
4222,20,70,0,1,6,79,0,4,1,1,4,2,0,67,1,0,1,0,0,1,0,1,1,0,0,0,1
4223,27,71,1,2,10,68,1,1,0,1,2,0,1,66,1,0,1,0,0,1,0,1,1,0,1,0,0
4224,12,96,1,1,9,65,1,2,2,2,4,2,0,69,0,1,0,1,1,0,0,1,0,1,0,1,0
4225,23,86,1,1,8,71,2,3,1,1,4,1,0,71,0,1,1,0,0,1,0,1,1,0,0,1,0
4226,31,63,2,2,5,73,1,1,2,0,2,0,0,68,0,1,1,0,1,0,0,1,1,0,0,0,1
4227,23,65,2,1,6,67,2,3,1,1,5,0,1,65,1,0,0,1,1,0,1,0,1,0,1,0,0
4228,22,66,1,1,6,63,2,1,0,1,5,2,2,64,1,0,0,1,1,0,0,1,1,0,0,1,0
4229,20,85,1,0,6,81,0,1,2,2,3,1,0,68,1,0,0,1,1,0,0,1,1,0,0,0,1
4230,11,89,0,2,9,69,0,1,0,0,3,0,0,64,1,0,1,0,1,0,0,1,1,0,0,1,0
4231,28,94,1,2,7,60,0,1,0,1,3,0,0,71,1,0,1,0,1,0,0,1,1,0,0,0,1
4232,16,98,2,1,6,88,1,1,0,1,3,2,1,70,0,1,1,0,1,0,0,1,1,0,0,1,0
4233,23,68,2,1,6,86,1,0,1,1,2,2,0,68,1,0,1,0,0,1,0,1,1,0,0,0,1
4234,11,72,1,1,6,94,0,2,1,1,3,0,1,63,1,0,1,0,0,1,0,1,1,0,0,0,1
4235,13,70,1,2,8,78,1,0,0,1,3,0,0,61,1,0,0,1,0,1,0,1,0,1,1,0,0
4236,29,74,1,0,5,64,1,2,1,1,1,1,1,66,1,0,1,0,1,0,0,1,1,0,0,1,0
4237,18,97,1,2,7,93,1,5,2,1,4,1,0,75,0,1,1,0,0,1,0,1,1,0,0,0,1
4238,29,83,2,2,8,64,1,2,1,2,1,0,2,71,1,0,1,0,0,1,0,1,1,0,0,1,0
4239,20,90,1,1,4,83,2,1,0,0,3,1,0,69,1,0,1,0,0,1,0,1,1,0,0,0,1
4240,9,80,2,0,5,60,1,2,0,1,3,0,0,62,1,0,0,1,1,0,0,1,1,0,0,1,0
4241,25,61,1,1,7,81,2,0,1,1,4,0,1,65,0,1,1,0,1,0,0,1,1,0,0,0,1
4242,16,63,1,0,9,92,1,0,0,1,3,1,1,61,0,1,0,1,1,0,0,1,1,0,0,0,1
4243,24,82,1,1,9,77,1,3,1,1,2,0,0,69,0,1,1,0,1,0,0,1,1,0,0,0,1
4244,20,89,0,0,6,74,0,1,1,0,3,2,2,66,1,0,0,1,0,1,0,1,1,0,0,0,1
4245,11,69,2,1,9,100,0,1,0,1,5,0,0,64,1,0,1,0,0,1,0,1,1,0,0,1,0
4246,21,89,2,1,7,51,0,1,1,1,4,0,0,69,0,1,1,0,0,1,0,1,1,0,0,0,1
4248,23,76,0,2,7,96,0,2,1,1,4,0,0,68,0,1,0,1,0,1,0,1,1,0,0,1,0
4249,20,90,2,2,8,82,1,2,2,1,4,0,1,70,0,1,0,1,1,0,0,1,0,1,1,0,0
4250,26,76,0,1,6,77,1,1,1,1,5,0,0,68,1,0,0,1,0,1,0,1,1,0,0,1,0
4251,21,87,0,0,6,82,1,0,1,2,5,2,0,68,0,1,1,0,0,1,0,1,1,0,0,1,0
4252,21,91,1,1,5,66,0,1,2,1,3,1,0,69,0,1,1,0,1,0,0,1,1,0,0,0,1
4253,13,100,1,0,8,54,1,0,1,2,3,1,0,68,0,1,1,0,0,1,0,1,1,0,0,0,1
4255,26,76,1,1,8,67,2,1,0,1,3,0,1,67,1,0,1,0,0,1,0,1,1,0,1,0,0
4256,15,67,0,1,5,74,1,1,2,2,2,2,0,64,1,0,1,0,0,1,0,1,1,0,0,0,1
4257,29,68,1,0,6,70,0,0,1,1,2,2,0,64,1,0,1,0,1,0,0,1,1,0,1,0,0
4258,19,88,1,1,9,76,0,1,1,2,3,0,2,68,1,0,1,0,0,1,0,1,1,0,0,0,1
4259,15,97,0,1,7,60,0,4,1,1,3,0,0,67,0,1,1,0,1,0,0,1,1,0,1,0,0
4260,26,76,1,1,7,59,0,0,1,1,1,2,0,65,1,0,1,0,1,0,0,1,0,1,0,1,0
4261,18,67,2,2,7,68,1,0,1,1,4,0,0,66,1,0,1,0,0,1,0,1,1,0,0,0,1
4262,25,71,1,0,8,74,0,4,1,1,4,2,0,67,1,0,1,0,0,1,0,1,0,1,0,0,1
4263,18,78,2,1,7,67,0,0,2,1,3,1,1,64,1,0,1,0,1,0,1,0,1,0,1,0,0
4264,20,72,1,0,6,79,1,1,0,1,4,2,0,66,0,1,0,1,0,1,0,1,1,0,0,0,1
4265,23,69,1,0,8,66,0,1,1,1,3,1,2,63,1,0,1,0,0,1,1,0,1,0,0,0,1
4266,22,89,1,2,5,59,2,5,1,1,4,0,0,71,1,0,0,1,1,0,0,1,0,1,0,0,1
4267,8,60,2,1,9,93,2,0,0,2,3,2,0,62,0,1,1,0,0,1,0,1,1,0,0,1,0
4268,13,82,1,2,6,60,1,1,0,0,4,1,2,64,0,1,1,0,1,0,0,1,1,0,0,0,1
4269,26,92,0,1,8,98,1,2,1,1,3,2,1,72,1,0,1,0,0,1,0,1,1,0,0,1,0
4270,19,71,2,1,7,99,0,0,0,2,4,0,1,65,0,1,1,0,0,1,0,1,1,0,1,0,0
4271,17,84,0,2,6,85,1,1,1,0,2,1,0,67,0,1,1,0,1,0,0,1,1,0,0,0,1
4272,12,87,2,2,9,75,1,1,0,1,3,1,1,65,0,1,0,1,0,1,1,0,0,1,0,1,0
4273,14,86,0,0,8,90,0,0,0,1,1,0,0,63,1,0,0,1,0,1,0,1,1,0,0,1,0
4274,8,78,2,2,7,94,0,1,2,2,3,0,0,65,0,1,1,0,1,0,0,1,0,1,0,1,0
4275,19,74,1,1,10,85,1,1,0,1,5,2,1,67,1,0,1,0,0,1,0,1,1,0,0,0,1
4276,16,93,1,1,8,55,0,0,2,1,4,0,1,67,1,0,1,0,0,1,0,1,1,0,0,1,0
4277,14,90,0,1,6,50,1,0,1,2,3,1,1,65,1,0,0,1,0,1,0,1,1,0,0,0,1
4278,20,73,1,2,4,60,1,1,0,1,3,0,1,64,1,0,0,1,0,1,0,1,0,1,0,0,1
4279,22,64,2,0,7,59,2,0,1,2,5,0,0,64,0,1,0,1,1,0,0,1,0,1,0,0,1
4280,33,63,2,2,9,59,1,1,1,1,4,0,0,69,1,0,1,0,0,1,0,1,1,0,0,0,1
4281,11,64,1,1,8,75,0,1,2,1,3,0,1,60,1,0,0,1,1,0,0,1,1,0,0,0,1
4282,27,83,1,1,9,76,1,1,0,2,4,0,0,70,1,0,1,0,0,1,0,1,1,0,0,0,1
4283,26,62,0,2,6,86,1,2,1,1,3,0,0,66,1,0,1,0,1,0,0,1,1,0,0,0,1
4284,15,73,1,1,7,60,2,3,1,1,4,1,0,66,0,1,1,0,0,1,0,1,1,0,0,1,0
4285,21,90,1,0,7,55,1,2,1,1,2,1,0,68,0,1,1,0,1,0,0,1,1,0,0,1,0
4286,17,72,0,1,7,83,0,3,1,2,3,0,2,62,0,1,1,0,1,0,0,1,0,1,1,0,0
4287,21,91,1,2,8,74,0,0,1,1,2,2,0,70,0,1,1,0,0,1,0,1,1,0,1,0,0
4288,29,90,1,1,9,83,1,0,1,2,3,0,0,72,0,1,0,1,0,1,0,1,1,0,0,0,1
4289,24,70,0,0,10,69,2,1,2,1,2,0,1,64,0,1,1,0,0,1,0,1,1,0,1,0,0
4290,23,89,0,1,9,88,2,1,2,1,5,2,0,71,1,0,1,0,1,0,0,1,1,0,0,1,0
4291,17,90,1,2,8,84,1,1,0,0,4,0,2,67,0,1,1,0,1,0,0,1,1,0,1,0,0
4292,11,76,0,1,6,83,2,3,1,1,1,0,0,64,0,1,1,0,1,0,0,1,1,0,0,0,1
4293,19,68,2,2,7,51,1,1,2,1,1,0,1,64,0,1,1,0,1,0,1,0,1,0,0,0,1
4294,27,81,1,2,8,93,1,0,2,2,3,1,0,72,0,1,1,0,0,1,0,1,1,0,0,1,0
4295,11,97,0,0,7,69,1,3,0,1,2,0,0,66,0,1,1,0,0,1,0,1,1,0,0,0,1
4296,14,86,2,1,6,57,1,3,2,2,2,1,0,68,0,1,0,1,1,0,0,1,1,0,0,1,0
4298,14,87,1,0,8,74,1,0,1,2,3,1,1,64,1,0,1,0,0,1,0,1,0,1,0,1,0
4299,15,77,1,1,7,52,1,1,1,1,2,1,0,64,1,0,1,0,0,1,0,1,1,0,0,1,0
4300,17,84,0,2,7,89,1,2,2,1,2,0,1,68,1,0,1,0,0,1,0,1,1,0,0,0,1
4301,12,89,1,0,7,72,1,1,2,2,5,1,0,67,1,0,1,0,0,1,0,1,1,0,0,1,0
4302,14,81,1,1,6,88,1,1,2,1,3,2,1,67,0,1,1,0,1,0,0,1,1,0,0,0,1
4303,24,93,2,1,7,88,0,1,1,2,3,0,1,71,0,1,1,0,0,1,0,1,1,0,1,0,0
4304,12,89,1,0,6,55,0,1,0,2,3,0,0,63,0,1,1,0,0,1,0,1,1,0,1,0,0
4305,10,85,1,1,6,81,1,3,0,1,3,0,0,66,0,1,1,0,0,1,0,1,1,0,0,1,0
4306,16,66,2,2,5,68,2,2,0,1,5,2,1,65,1,0,1,0,1,0,1,0,1,0,0,0,1
4307,24,93,1,0,7,77,1,0,0,1,3,0,0,68,0,1,0,1,0,1,0,1,1,0,1,0,0
4308,19,97,1,0,8,54,1,0,2,1,2,0,0,68,1,0,1,0,0,1,0,1,1,0,0,1,0
4309,17,65,1,2,9,79,1,0,1,1,2,0,1,62,1,0,1,0,1,0,0,1,0,1,0,0,1
4310,20,80,0,1,5,89,1,0,2,2,3,2,2,67,1,0,1,0,0,1,0,1,1,0,0,1,0
4311,10,70,2,2,9,99,1,1,1,1,4,0,1,65,0,1,1,0,0,1,0,1,1,0,0,1,0
4312,23,90,2,1,7,66,0,2,2,2,3,0,0,71,0,1,1,0,0,1,0,1,1,0,0,1,0
4313,22,89,1,2,5,58,1,4,2,2,2,1,0,71,0,1,1,0,0,1,0,1,0,1,0,1,0
4314,18,66,2,1,6,68,0,1,1,2,3,0,2,61,1,0,1,0,0,1,1,0,0,1,0,0,1
4315,26,95,1,1,4,51,1,1,0,1,2,0,0,70,1,0,1,0,1,0,0,1,1,0,0,0,1
4316,13,67,1,0,5,70,1,0,0,2,2,0,0,60,1,0,0,1,0,1,0,1,1,0,1,0,0
4317,27,92,0,1,10,96,1,0,0,1,2,2,2,70,1,0,1,0,1,0,0,1,1,0,0,1,0
4318,21,78,1,2,6,60,2,1,0,2,2,1,0,67,0,1,0,1,1,0,0,1,1,0,0,1,0
4319,18,73,1,1,8,74,0,3,1,2,2,2,0,66,1,0,0,1,0,1,1,0,1,0,0,1,0
4320,20,66,0,0,7,79,1,2,1,1,2,0,1,63,0,1,0,1,0,1,0,1,1,0,0,0,1
4321,19,67,1,1,7,59,0,3,0,2,3,2,0,65,0,1,0,1,1,0,0,1,1,0,0,0,1
4322,27,86,2,1,8,67,2,5,2,2,2,2,0,75,0,1,1,0,0,1,0,1,0,1,0,0,1
4323,14,82,2,1,4,96,0,2,2,1,4,0,0,66,1,0,0,1,1,0,0,1,0,1,1,0,0
4324,15,65,1,1,9,65,1,1,0,1,2,1,0,61,0,1,1,0,1,0,0,1,1,0,0,1,0
4325,26,65,1,1,7,82,0,1,0,1,1,2,2,65,1,0,1,0,0,1,0,1,1,0,0,0,1
4326,16,63,0,1,6,57,1,2,0,0,3,2,0,61,1,0,1,0,0,1,0,1,1,0,0,1,0
4327,25,90,2,2,8,83,1,2,1,1,3,1,0,73,1,0,1,0,0,1,0,1,1,0,1,0,0
4328,30,88,2,1,6,64,1,1,2,1,2,1,0,73,0,1,1,0,0,1,0,1,1,0,0,1,0
4329,18,62,1,1,7,62,1,1,1,1,5,1,1,63,1,0,1,0,0,1,0,1,1,0,0,0,1
4330,24,82,0,1,7,56,1,1,1,1,3,2,1,67,1,0,1,0,1,0,0,1,1,0,0,0,1
4331,13,63,1,2,8,52,1,2,0,1,4,0,0,62,1,0,1,0,0,1,0,1,1,0,0,0,1
4332,25,96,0,0,7,98,1,1,1,1,3,1,0,71,1,0,0,1,1,0,0,1,1,0,0,1,0
4333,21,96,1,1,5,71,1,2,0,2,4,0,1,70,1,0,1,0,0,1,0,1,1,0,1,0,0
4334,23,88,1,1,8,89,1,0,1,2,5,0,0,70,0,1,0,1,1,0,0,1,1,0,0,0,1
4335,16,97,1,1,7,96,0,4,0,2,2,0,0,69,0,1,0,1,1,0,1,0,1,0,0,1,0
4336,10,92,1,1,4,60,2,3,0,0,2,1,0,66,0,1,1,0,1,0,0,1,1,0,0,0,1
4337,23,93,0,2,7,93,2,1,1,2,3,0,0,72,0,1,1,0,0,1,0,1,1,0,1,0,0
4338,8,83,2,0,6,85,0,1,0,2,3,0,2,63,0,1,1,0,0,1,0,1,1,0,0,1,0
4339,18,72,0,1,8,79,1,1,1,2,4,0,1,65,1,0,1,0,0,1,0,1,1,0,0,0,1
4340,26,69,2,2,6,90,1,3,1,1,3,1,1,71,0,1,1,0,0,1,0,1,1,0,0,0,1
4341,21,73,1,1,5,56,1,5,2,1,3,0,1,66,1,0,0,1,1,0,0,1,1,0,0,1,0
4342,32,85,1,0,9,63,0,2,2,1,3,0,1,69,1,0,1,0,0,1,1,0,1,0,0,1,0
4343,26,67,0,1,8,57,1,0,1,1,4,1,2,62,0,1,1,0,1,0,0,1,1,0,1,0,0
4344,16,70,2,2,7,95,2,1,1,1,3,0,0,66,0,1,1,0,1,0,1,0,1,0,0,1,0
4345,20,79,1,0,8,55,0,3,0,1,4,0,0,66,0,1,0,1,0,1,0,1,1,0,0,0,1
4346,20,69,1,0,8,99,2,1,1,2,3,0,1,64,0,1,1,0,0,1,0,1,0,1,1,0,0
4347,11,84,0,1,7,55,2,0,1,2,3,0,0,63,1,0,1,0,0,1,0,1,1,0,1,0,0
4348,14,97,1,1,5,83,1,0,0,1,2,0,0,68,0,1,1,0,0,1,0,1,1,0,0,0,1
4349,17,90,1,1,7,83,0,5,1,2,3,0,0,68,1,0,1,0,1,0,0,1,0,1,1,0,0
4350,8,87,2,2,9,97,0,2,0,1,3,0,0,67,1,0,1,0,1,0,0,1,1,0,0,0,1
4351,20,83,2,0,8,66,1,1,2,1,3,1,0,67,0,1,0,1,0,1,0,1,0,1,0,1,0
4352,19,80,2,2,7,67,1,2,0,2,2,2,0,68,0,1,1,0,0,1,0,1,0,1,0,1,0
4353,10,67,2,1,8,92,1,1,1,2,4,2,0,65,1,0,1,0,0,1,0,1,1,0,1,0,0
4354,22,96,0,2,7,99,2,4,0,1,4,1,1,74,1,0,1,0,0,1,0,1,1,0,0,0,1
4356,21,64,1,1,9,82,1,2,0,1,3,1,1,64,1,0,1,0,1,0,0,1,1,0,0,1,0
4357,18,90,0,1,5,62,2,3,1,1,2,0,1,67,0,1,0,1,0,1,0,1,1,0,0,1,0
4358,24,67,2,2,9,86,1,2,1,1,2,1,0,68,0,1,1,0,0,1,0,1,1,0,1,0,0
4359,24,75,0,1,10,89,0,0,1,2,3,1,0,67,0,1,0,1,0,1,0,1,1,0,0,0,1
4360,22,61,2,1,8,88,0,1,1,2,4,0,0,65,0,1,1,0,1,0,0,1,1,0,0,1,0
4361,15,65,2,2,8,72,0,2,0,1,2,2,2,63,1,0,0,1,0,1,0,1,0,1,0,1,0
4362,22,67,1,1,6,58,1,1,0,1,2,2,0,64,1,0,1,0,0,1,0,1,1,0,0,1,0
4363,27,62,0,0,6,79,1,0,0,1,3,1,1,62,1,0,0,1,0,1,0,1,1,0,1,0,0
4364,16,86,0,2,7,89,0,1,1,0,2,2,0,68,0,1,1,0,0,1,0,1,1,0,0,0,1
4365,33,93,1,1,6,96,2,0,0,1,4,2,2,75,0,1,0,1,0,1,0,1,1,0,0,0,1
4366,17,75,1,0,5,73,2,0,0,1,4,0,0,63,0,1,0,1,1,0,0,1,1,0,0,1,0
4367,20,95,1,0,7,62,0,2,0,1,4,1,1,68,1,0,1,0,0,1,0,1,1,0,0,1,0
4368,16,69,1,1,8,56,0,2,1,1,3,2,0,63,1,0,0,1,1,0,0,1,1,0,0,1,0
4369,21,73,2,2,5,90,1,0,1,1,2,1,0,68,0,1,1,0,1,0,0,1,1,0,0,1,0
4370,10,66,1,2,7,77,1,0,1,2,2,0,0,62,1,0,1,0,1,0,0,1,1,0,0,0,1
4371,17,85,0,1,7,84,1,3,1,1,2,1,2,67,0,1,1,0,0,1,0,1,1,0,0,0,1
4372,13,77,2,2,7,58,1,2,0,1,3,0,0,66,1,0,1,0,1,0,0,1,1,0,0,0,1
4373,21,85,1,1,8,50,0,1,1,2,2,0,2,65,1,0,0,1,1,0,0,1,1,0,0,1,0
4374,26,90,1,1,8,98,1,0,0,0,3,2,1,69,0,1,0,1,0,1,0,1,0,1,1,0,0
4375,24,82,2,1,6,91,1,2,2,1,1,0,0,70,1,0,1,0,1,0,0,1,1,0,0,0,1
4376,6,85,2,1,9,70,2,0,0,1,3,2,0,64,0,1,1,0,0,1,0,1,0,1,0,0,1
4377,32,97,2,1,8,73,1,0,2,1,3,1,0,75,0,1,1,0,0,1,0,1,1,0,1,0,0
4378,22,72,0,0,9,96,2,1,0,1,3,1,0,66,1,0,0,1,0,1,0,1,1,0,0,0,1
4379,15,74,1,0,7,60,0,2,1,1,3,0,2,62,0,1,1,0,1,0,0,1,1,0,0,0,1
4380,21,89,0,1,7,90,0,4,2,1,5,2,2,70,1,0,1,0,1,0,0,1,1,0,0,1,0
4381,21,84,2,2,7,51,1,0,1,1,3,0,1,68,1,0,1,0,1,0,0,1,1,0,0,0,1
4382,16,67,1,2,9,94,2,1,1,1,2,2,0,66,0,1,0,1,0,1,0,1,1,0,0,1,0
4383,21,75,0,2,7,79,1,0,0,1,2,0,0,65,1,0,1,0,0,1,0,1,1,0,0,1,0
4384,16,79,2,1,7,74,2,3,1,1,2,2,2,68,1,0,0,1,0,1,0,1,1,0,0,0,1
4385,18,77,2,1,10,85,0,2,1,1,3,2,0,68,0,1,1,0,1,0,0,1,1,0,0,0,1
4386,16,67,1,1,5,53,0,2,1,1,3,0,1,62,1,0,0,1,0,1,0,1,1,0,0,0,1
4387,11,97,0,1,8,60,0,2,0,1,3,1,0,66,0,1,1,0,0,1,0,1,1,0,0,0,1
4388,21,90,1,0,7,70,1,2,0,1,2,2,0,68,0,1,1,0,1,0,0,1,1,0,1,0,0
4389,24,79,2,1,7,81,2,0,2,1,2,0,1,69,1,0,1,0,1,0,0,1,1,0,0,0,1
4390,23,87,1,0,6,57,1,2,2,1,3,0,0,67,1,0,1,0,1,0,0,1,0,1,0,0,1
4391,25,96,0,2,6,69,0,3,2,1,2,2,0,74,1,0,1,0,0,1,0,1,1,0,0,0,1
4392,22,65,0,1,6,63,1,2,1,1,3,0,2,61,1,0,1,0,1,0,1,0,1,0,0,1,0
4393,17,70,2,1,8,82,0,2,2,2,2,0,1,64,0,1,1,0,1,0,0,1,0,1,1,0,0
4394,25,82,1,1,8,96,1,1,0,1,2,0,1,69,0,1,0,1,1,0,0,1,1,0,0,0,1
4395,12,92,2,1,4,58,0,2,1,1,2,1,1,66,1,0,1,0,1,0,0,1,0,1,0,0,1
4396,15,61,1,1,5,59,2,0,0,2,4,0,0,61,0,1,1,0,1,0,0,1,1,0,0,1,0
4397,14,99,1,1,8,80,2,3,1,0,4,1,0,71,0,1,0,1,0,1,0,1,1,0,0,1,0
4398,26,78,2,2,8,73,1,2,0,1,4,1,0,71,0,1,0,1,0,1,1,0,1,0,0,0,1
4399,26,74,1,1,5,86,0,2,0,2,4,1,0,69,0,1,1,0,1,0,0,1,1,0,0,0,1
4400,23,72,1,1,8,64,0,1,0,1,4,2,0,66,0,1,1,0,0,1,0,1,1,0,0,1,0
4401,26,67,0,1,7,77,0,2,0,2,3,0,1,64,1,0,0,1,0,1,0,1,0,1,0,1,0
4402,15,92,0,1,8,69,1,1,2,1,4,2,0,68,1,0,0,1,1,0,0,1,1,0,0,1,0
4403,22,98,2,1,6,64,0,0,1,2,3,0,1,71,0,1,1,0,0,1,0,1,1,0,0,0,1
4404,19,77,2,1,5,86,2,0,1,0,4,0,0,66,1,0,1,0,0,1,0,1,0,1,1,0,0
4406,19,93,0,2,7,66,0,1,1,1,3,0,0,68,0,1,0,1,0,1,0,1,1,0,0,1,0
4407,18,79,1,1,7,81,1,1,1,2,4,1,1,66,0,1,0,1,1,0,1,0,1,0,0,0,1
4408,23,87,2,0,6,59,1,4,1,2,2,0,0,70,1,0,1,0,1,0,0,1,1,0,0,1,0
4409,25,77,1,1,10,90,1,1,0,1,3,0,0,68,1,0,1,0,1,0,0,1,1,0,0,1,0
4410,16,82,2,0,4,64,0,1,1,1,2,2,1,65,1,0,0,1,1,0,0,1,1,0,0,1,0
4411,20,62,1,1,6,59,0,3,1,1,4,0,0,64,1,0,1,0,0,1,0,1,1,0,0,0,1
4412,14,88,2,1,6,97,1,0,0,1,3,1,0,69,1,0,1,0,0,1,0,1,1,0,0,0,1
4413,5,62,2,2,7,71,0,1,0,1,4,1,2,59,1,0,0,1,1,0,0,1,1,0,0,0,1
4414,21,93,0,1,8,82,1,2,1,2,4,1,0,70,1,0,0,1,1,0,0,1,1,0,0,1,0
4415,24,93,2,0,8,90,2,0,2,1,2,1,0,72,1,0,0,1,0,1,0,1,1,0,1,0,0
4416,22,69,0,1,9,84,1,0,1,1,3,1,1,64,1,0,1,0,1,0,0,1,1,0,0,1,0
4417,8,73,1,2,8,78,2,0,1,2,3,0,0,63,1,0,0,1,1,0,0,1,1,0,1,0,0
4418,18,79,1,1,4,69,1,2,2,0,3,1,0,67,1,0,0,1,0,1,0,1,1,0,0,0,1
4419,7,84,1,1,5,96,1,1,0,0,3,0,0,62,1,0,1,0,0,1,1,0,0,1,0,0,1
4420,28,71,1,1,9,57,2,1,0,2,4,2,0,69,0,1,1,0,0,1,0,1,1,0,0,1,0
4421,13,84,1,1,9,94,1,3,1,1,2,0,0,66,1,0,1,0,0,1,0,1,0,1,1,0,0
4422,28,72,0,0,8,85,2,4,0,1,2,0,0,66,0,1,0,1,1,0,0,1,1,0,1,0,0
4423,26,62,0,1,6,79,1,1,0,1,3,1,0,63,0,1,1,0,1,0,0,1,0,1,0,0,1
4424,15,60,1,1,7,66,2,2,2,1,4,0,0,62,1,0,1,0,1,0,0,1,1,0,0,1,0
4426,22,92,1,0,5,72,0,0,1,1,4,1,1,67,1,0,0,1,1,0,0,1,1,0,1,0,0
4427,15,98,1,1,7,89,0,2,0,0,3,1,1,68,1,0,1,0,0,1,1,0,1,0,0,1,0
4428,21,77,2,1,10,87,0,1,0,1,3,1,0,67,1,0,1,0,1,0,0,1,1,0,0,1,0
4429,17,81,1,1,6,82,1,3,0,1,4,1,0,67,1,0,0,1,1,0,0,1,1,0,0,1,0
4430,9,66,0,1,9,100,0,3,1,1,3,1,0,62,1,0,1,0,1,0,0,1,1,0,0,1,0
4431,7,82,1,2,6,99,1,2,1,2,2,2,1,66,1,0,1,0,0,1,0,1,1,0,1,0,0
4432,21,66,1,1,5,70,1,1,0,2,5,0,0,65,0,1,0,1,0,1,0,1,1,0,0,0,1
4433,17,84,1,2,8,60,1,0,0,0,5,1,0,67,0,1,0,1,0,1,0,1,1,0,0,0,1
4434,17,97,1,0,7,73,2,1,1,2,4,1,0,69,1,0,0,1,1,0,1,0,1,0,0,1,0
4435,24,68,1,2,9,92,0,1,0,2,2,0,0,67,1,0,1,0,0,1,0,1,1,0,0,0,1
4436,27,91,0,1,9,73,0,0,0,1,3,1,0,69,1,0,0,1,0,1,0,1,1,0,0,1,0
4437,18,61,1,0,7,67,0,2,2,1,4,0,0,62,1,0,1,0,1,0,0,1,1,0,0,0,1
4438,18,75,1,1,9,87,0,3,0,1,3,2,0,67,0,1,1,0,0,1,0,1,1,0,1,0,0
4439,23,64,1,0,6,83,1,0,1,1,3,0,1,63,1,0,1,0,0,1,0,1,1,0,0,1,0
4440,12,74,1,1,6,98,2,2,0,1,3,1,0,65,1,0,1,0,1,0,0,1,1,0,0,1,0
4441,21,67,1,1,9,77,1,3,2,0,3,1,1,66,0,1,1,0,0,1,0,1,1,0,0,1,0
4442,23,75,1,2,5,98,1,3,1,2,1,1,0,71,0,1,1,0,0,1,0,1,1,0,0,0,1
4443,24,77,0,2,7,65,2,1,1,2,4,2,0,70,1,0,0,1,0,1,0,1,1,0,0,0,1
4444,8,72,2,2,9,93,2,4,1,1,4,0,0,68,1,0,1,0,0,1,0,1,1,0,0,0,1
4445,15,86,2,1,9,68,2,0,1,0,3,0,0,67,1,0,1,0,0,1,0,1,1,0,0,1,0
4446,15,97,1,2,6,90,2,2,2,2,0,0,0,71,1,0,0,1,1,0,0,1,1,0,0,1,0
4447,21,76,0,1,9,96,1,1,0,0,5,0,0,65,1,0,1,0,0,1,0,1,1,0,1,0,0
4448,23,68,0,1,5,81,0,1,0,0,2,2,0,64,1,0,1,0,0,1,0,1,1,0,0,1,0
4449,29,71,1,1,6,86,1,1,0,1,2,1,0,69,0,1,1,0,0,1,0,1,1,0,0,0,1
4450,17,94,1,0,7,98,0,1,1,2,2,0,0,68,1,0,1,0,0,1,0,1,1,0,1,0,0
4451,17,83,1,0,8,69,0,4,0,2,3,1,0,67,1,0,1,0,0,1,0,1,1,0,0,1,0
4452,27,78,1,1,5,76,2,1,1,1,4,2,0,71,1,0,0,1,0,1,0,1,1,0,0,0,1
4453,22,66,1,0,10,95,1,1,1,1,3,0,0,64,1,0,0,1,0,1,0,1,1,0,1,0,0
4454,28,78,1,2,4,84,1,2,0,0,3,1,2,69,0,1,1,0,0,1,0,1,1,0,1,0,0
4455,22,71,1,2,7,94,1,1,1,1,4,0,0,68,1,0,1,0,0,1,0,1,1,0,0,1,0
4456,13,98,2,0,7,81,1,1,1,0,3,2,0,69,1,0,0,1,0,1,0,1,1,0,1,0,0
4457,12,95,1,1,4,87,1,0,0,1,3,0,1,67,1,0,1,0,1,0,0,1,1,0,0,0,1
4459,24,81,0,1,6,67,2,0,1,2,2,0,2,66,1,0,1,0,0,1,0,1,1,0,1,0,0
4460,27,69,1,2,7,89,0,2,2,2,1,0,1,69,1,0,0,1,0,1,0,1,1,0,0,1,0
4461,31,76,1,2,7,70,0,3,0,1,3,1,1,70,1,0,1,0,0,1,0,1,1,0,0,1,0
4462,25,95,1,0,5,68,1,1,1,2,3,0,2,70,1,0,1,0,0,1,0,1,1,0,0,0,1
4463,27,81,1,0,5,98,1,0,2,1,3,0,0,70,1,0,1,0,0,1,0,1,1,0,0,0,1
4464,17,73,2,2,9,78,1,0,0,2,3,2,1,66,0,1,1,0,1,0,0,1,1,0,1,0,0
4465,13,68,0,2,7,60,1,1,1,0,3,1,1,61,0,1,0,1,1,0,0,1,1,0,0,0,1
4466,25,92,1,1,4,74,1,3,0,2,2,0,1,71,0,1,1,0,0,1,0,1,0,1,0,0,1
4467,23,85,2,0,7,76,2,2,0,1,3,1,0,69,0,1,1,0,0,1,0,1,1,0,0,1,0
4468,21,79,1,1,7,99,1,2,0,1,2,2,0,69,1,0,1,0,0,1,0,1,1,0,0,0,1
4469,22,69,2,1,7,86,0,0,1,1,1,0,0,65,0,1,1,0,1,0,0,1,1,0,0,1,0
4470,22,73,2,2,4,76,2,3,1,1,4,1,2,69,1,0,1,0,0,1,0,1,1,0,1,0,0
4471,28,98,1,2,7,72,1,1,0,2,2,1,0,74,1,0,0,1,0,1,0,1,1,0,0,0,1
4472,28,81,1,1,6,96,2,2,0,1,5,0,1,71,1,0,0,1,0,1,0,1,1,0,0,0,1
4473,23,76,2,1,7,82,2,0,1,2,1,1,0,68,1,0,0,1,1,0,0,1,1,0,0,1,0
4474,25,81,2,2,8,68,0,0,0,2,3,1,1,69,0,1,1,0,0,1,0,1,1,0,0,1,0
4475,23,91,0,1,8,73,1,3,1,1,5,0,2,68,1,0,1,0,0,1,1,0,1,0,1,0,0
4476,17,74,1,0,9,64,1,2,1,1,3,0,0,63,1,0,1,0,1,0,0,1,1,0,0,1,0
4477,25,67,1,1,10,98,2,0,2,1,2,0,0,68,1,0,1,0,0,1,0,1,1,0,0,0,1
4478,12,83,2,1,5,85,1,2,0,2,2,1,0,67,1,0,0,1,0,1,0,1,1,0,1,0,0
4479,26,87,1,2,6,70,0,3,1,1,3,1,1,71,1,0,1,0,1,0,0,1,1,0,0,1,0
4480,13,89,2,2,8,59,0,0,0,2,2,2,1,66,1,0,1,0,1,0,0,1,1,0,0,1,0
4481,22,95,2,1,7,59,1,2,0,1,3,0,0,69,1,0,1,0,1,0,0,1,0,1,1,0,0
4482,15,75,2,1,4,74,1,3,1,2,4,1,0,68,0,1,1,0,0,1,0,1,1,0,0,0,1
4483,23,63,1,1,7,73,0,1,0,1,3,1,1,63,1,0,1,0,1,0,0,1,1,0,0,1,0
4484,20,98,1,1,9,71,1,0,0,1,4,1,1,69,1,0,1,0,1,0,0,1,1,0,1,0,0
4485,10,77,0,2,5,93,1,3,0,1,3,1,0,66,0,1,1,0,0,1,0,1,1,0,0,0,1
4486,23,85,1,1,7,99,2,1,0,2,5,1,0,71,0,1,1,0,0,1,0,1,1,0,0,1,0
4487,17,87,1,2,4,68,1,2,0,0,4,2,1,68,1,0,1,0,1,0,0,1,1,0,0,0,1
4488,25,82,1,1,8,65,1,0,2,1,4,0,0,69,1,0,0,1,0,1,0,1,1,0,0,1,0
4489,20,68,1,1,7,89,1,0,1,2,3,0,2,65,0,1,0,1,0,1,0,1,1,0,0,0,1
4490,22,90,1,0,6,72,1,0,0,1,4,1,0,68,1,0,1,0,0,1,0,1,1,0,0,1,0
4491,14,92,2,1,6,61,2,0,0,1,2,1,1,67,1,0,0,1,0,1,0,1,1,0,0,1,0
4492,16,82,1,1,5,59,1,1,1,1,3,0,0,65,1,0,1,0,1,0,0,1,1,0,0,0,1
4493,17,80,0,1,9,64,1,1,0,1,4,2,2,65,0,1,0,1,0,1,0,1,1,0,0,0,1
4494,25,65,1,0,6,50,1,2,0,1,2,1,0,64,0,1,1,0,0,1,0,1,1,0,0,0,1
4495,30,63,2,2,8,97,1,1,0,2,3,0,0,69,0,1,1,0,1,0,0,1,1,0,0,1,0
4496,15,74,2,0,6,72,0,2,0,1,3,0,0,64,1,0,1,0,1,0,0,1,1,0,0,0,1
4497,26,72,1,1,10,54,1,2,2,2,2,1,1,66,1,0,1,0,1,0,1,0,1,0,0,1,0
4498,7,98,1,0,9,58,1,2,1,1,5,1,0,65,1,0,0,1,0,1,0,1,0,1,0,1,0
4499,13,91,2,1,10,66,1,2,1,1,4,0,0,69,0,1,1,0,0,1,0,1,1,0,0,0,1
4500,14,86,0,1,10,78,1,3,1,2,4,0,0,66,0,1,0,1,0,1,0,1,0,1,1,0,0
4501,12,81,1,1,6,85,2,0,0,1,2,0,0,64,1,0,0,1,0,1,0,1,0,1,0,0,1
4502,10,67,1,1,6,65,1,1,1,2,4,0,0,61,0,1,1,0,0,1,0,1,1,0,1,0,0
4503,22,99,1,1,10,98,0,1,1,1,1,1,0,72,1,0,0,1,1,0,0,1,1,0,0,1,0
4504,19,75,1,1,7,88,0,1,1,1,3,2,1,67,1,0,0,1,0,1,0,1,1,0,0,0,1
4505,22,64,0,1,8,91,0,0,0,1,4,1,1,63,0,1,1,0,0,1,0,1,1,0,0,1,0
4506,24,80,1,2,6,66,2,1,1,1,3,1,1,69,1,0,1,0,1,0,0,1,1,0,0,1,0
4507,22,95,0,2,6,69,2,3,1,1,2,2,2,70,1,0,1,0,0,1,0,1,0,1,0,1,0
4508,24,95,1,2,8,77,0,1,0,1,3,0,0,71,1,0,1,0,0,1,0,1,0,1,0,0,1
4509,20,60,1,0,4,73,1,0,0,0,1,2,1,60,0,1,1,0,0,1,0,1,1,0,0,1,0
4510,13,95,1,2,8,63,1,3,1,1,2,2,0,70,0,1,0,1,0,1,0,1,1,0,0,1,0
4511,26,71,0,2,8,100,0,1,0,2,4,1,0,69,0,1,0,1,1,0,0,1,1,0,0,0,1
4512,16,62,1,2,6,92,1,0,1,1,4,0,0,63,0,1,0,1,1,0,1,0,1,0,0,0,1
4513,14,94,1,1,7,62,2,2,1,2,1,2,0,69,1,0,0,1,0,1,0,1,1,0,1,0,0
4514,19,95,1,1,7,95,2,0,1,2,2,1,0,71,1,0,0,1,0,1,0,1,1,0,1,0,0
4515,15,84,1,2,7,79,1,1,1,2,4,0,0,68,0,1,1,0,0,1,0,1,1,0,0,1,0
4516,17,83,1,2,8,51,0,0,0,1,4,0,1,64,1,0,1,0,1,0,0,1,1,0,1,0,0
4517,22,93,0,1,6,67,1,0,1,1,3,1,0,68,0,1,1,0,1,0,0,1,1,0,0,1,0
4518,22,91,0,1,10,51,2,2,2,1,3,0,0,69,0,1,1,0,0,1,0,1,1,0,0,1,0
4519,15,96,1,0,7,54,0,0,0,1,3,1,0,65,0,1,1,0,1,0,0,1,1,0,0,1,0
4520,17,82,1,1,7,59,1,3,1,1,4,1,0,68,1,0,1,0,0,1,0,1,1,0,0,0,1
4521,26,99,1,2,10,74,1,1,1,1,2,1,0,74,1,0,0,1,0,1,0,1,1,0,0,1,0
4522,23,100,2,0,4,69,0,0,0,2,4,2,0,72,0,1,1,0,0,1,0,1,1,0,0,0,1
4523,32,65,2,1,10,57,1,1,2,1,2,0,0,67,0,1,0,1,1,0,0,1,1,0,1,0,0
4524,27,94,2,2,7,70,0,1,1,2,2,0,1,73,0,1,1,0,0,1,0,1,1,0,0,1,0
4525,27,80,1,1,6,65,2,1,2,1,4,1,1,68,1,0,0,1,1,0,1,0,1,0,0,1,0
4526,12,76,1,0,5,71,0,0,1,1,4,0,0,61,1,0,1,0,0,1,0,1,1,0,1,0,0
4527,25,85,2,2,5,59,1,3,0,1,4,0,0,70,0,1,1,0,1,0,0,1,1,0,0,1,0
4528,20,62,1,0,6,80,2,1,1,2,3,1,1,62,0,1,1,0,0,1,1,0,1,0,0,1,0
4529,17,80,1,1,7,52,2,2,1,1,3,2,0,67,0,1,0,1,0,1,0,1,1,0,0,1,0
4530,21,95,0,2,8,69,1,0,0,2,3,2,0,69,1,0,1,0,0,1,1,0,1,0,1,0,0
4532,23,77,1,2,6,71,0,3,1,0,4,0,1,68,1,0,0,1,1,0,0,1,1,0,0,0,1
4533,15,98,1,1,9,72,1,1,0,2,2,1,0,69,0,1,1,0,0,1,0,1,1,0,0,1,0
4534,24,77,1,1,10,53,2,2,2,1,4,1,1,68,1,0,1,0,0,1,0,1,1,0,0,1,0
4535,16,74,1,2,9,80,0,0,1,1,5,0,0,64,1,0,1,0,1,0,0,1,1,0,1,0,0
4536,21,78,2,1,6,97,1,0,1,1,2,0,0,69,0,1,1,0,0,1,0,1,1,0,0,0,1
4537,18,81,1,1,8,65,0,2,0,1,4,2,0,66,1,0,1,0,1,0,0,1,1,0,0,1,0
4538,19,85,1,1,8,70,0,4,2,1,3,0,1,68,1,0,1,0,1,0,0,1,1,0,0,1,0
4539,25,92,1,1,9,79,1,3,1,2,4,1,1,72,1,0,1,0,0,1,0,1,1,0,1,0,0
4540,14,78,2,1,6,55,0,2,0,1,2,0,0,63,0,1,0,1,1,0,0,1,1,0,0,1,0
4541,32,93,2,1,6,98,1,0,1,1,4,0,0,73,1,0,1,0,1,0,0,1,0,1,0,1,0
4542,9,81,2,1,9,73,1,1,1,1,1,2,0,65,1,0,1,0,0,1,0,1,1,0,1,0,0
4543,16,74,2,2,8,56,0,1,0,1,2,0,0,65,0,1,0,1,0,1,0,1,1,0,0,0,1
4544,22,86,0,1,5,67,1,0,2,1,2,1,0,68,1,0,1,0,0,1,0,1,1,0,0,0,1
4545,24,89,2,1,8,69,0,3,2,1,2,1,0,70,1,0,1,0,1,0,1,0,1,0,0,1,0
4546,19,82,1,1,10,67,1,0,0,0,2,2,2,65,1,0,1,0,1,0,0,1,1,0,0,0,1
4547,20,62,2,1,6,85,1,2,1,1,3,1,0,66,0,1,1,0,0,1,0,1,1,0,0,1,0
4548,22,67,1,2,6,67,2,1,0,1,1,1,0,66,1,0,0,1,0,1,0,1,1,0,0,1,0
4549,19,71,1,2,7,66,0,2,0,1,3,0,0,65,0,1,1,0,0,1,0,1,1,0,0,1,0
4550,28,71,1,2,8,66,1,2,0,1,3,1,0,69,1,0,0,1,1,0,0,1,1,0,0,0,1
4551,25,87,0,2,7,89,1,1,0,1,4,0,0,69,0,1,1,0,0,1,0,1,0,1,0,1,0
4552,25,61,1,2,9,65,1,2,1,1,4,0,1,64,0,1,0,1,1,0,0,1,0,1,0,1,0
4553,14,90,1,1,7,51,1,1,1,1,4,0,0,66,0,1,1,0,0,1,0,1,0,1,0,0,1
4554,20,71,0,1,9,68,1,1,0,1,3,0,2,63,1,0,0,1,0,1,0,1,1,0,0,0,1
4555,18,72,2,1,6,64,1,4,0,1,3,2,0,68,0,1,1,0,0,1,0,1,1,0,0,0,1
4556,14,81,2,1,5,95,0,2,0,2,3,0,0,68,1,0,1,0,0,1,0,1,1,0,0,0,1
4557,22,69,2,1,6,74,2,1,1,0,3,1,0,65,0,1,1,0,1,0,0,1,0,1,1,0,0
4558,17,95,2,1,5,62,2,1,1,1,3,0,1,69,1,0,0,1,1,0,0,1,1,0,0,0,1
4559,24,63,1,1,8,99,0,2,0,2,1,2,0,66,0,1,1,0,1,0,0,1,1,0,0,1,0
4560,14,78,1,1,4,62,1,1,0,1,4,1,0,63,1,0,1,0,1,0,0,1,1,0,0,1,0
4561,30,94,0,1,6,88,0,2,0,1,3,1,0,72,0,1,0,1,0,1,0,1,0,1,0,1,0
4562,15,85,2,1,7,82,2,2,1,1,4,0,2,67,1,0,1,0,1,0,0,1,1,0,1,0,0
4563,21,72,2,2,5,73,1,1,1,1,3,0,0,67,1,0,1,0,1,0,0,1,1,0,0,1,0
4564,25,77,2,1,7,70,1,0,1,1,5,0,0,68,1,0,1,0,0,1,0,1,1,0,0,1,0
4565,17,88,2,2,7,94,1,2,1,2,3,0,0,71,1,0,1,0,0,1,1,0,1,0,0,0,1
4566,25,99,1,2,9,74,1,1,1,2,3,0,0,73,1,0,0,1,1,0,0,1,1,0,1,0,0
4567,13,96,1,1,5,69,1,2,1,0,3,0,0,68,1,0,1,0,1,0,0,1,1,0,0,0,1
4568,29,74,2,1,8,68,1,0,1,2,4,0,0,69,0,1,1,0,1,0,0,1,1,0,0,0,1
4569,20,100,1,1,8,64,1,0,0,1,2,0,1,69,1,0,1,0,0,1,0,1,1,0,0,1,0
4570,16,60,1,2,7,70,0,3,2,2,4,0,0,63,0,1,0,1,1,0,0,1,1,0,1,0,0
4571,18,61,1,1,6,56,1,3,0,1,3,0,1,62,1,0,1,0,0,1,0,1,1,0,0,1,0
4572,25,93,1,1,5,53,1,0,2,1,5,1,1,70,0,1,0,1,0,1,0,1,1,0,0,1,0
4573,16,68,2,1,10,77,1,1,2,1,3,2,0,66,1,0,1,0,1,0,0,1,1,0,0,0,1
4574,16,62,1,1,7,73,0,3,2,1,3,0,0,62,0,1,1,0,1,0,0,1,1,0,1,0,0
4575,19,69,1,2,7,59,0,2,0,0,2,2,1,64,0,1,0,1,0,1,0,1,1,0,0,1,0
4576,13,77,1,1,10,55,0,2,0,1,3,1,1,63,1,0,0,1,0,1,0,1,1,0,0,0,1
4577,31,89,1,1,7,57,1,1,2,0,2,1,1,71,0,1,1,0,0,1,0,1,1,0,0,0,1
4578,17,85,2,1,10,66,1,1,2,1,1,2,1,67,1,0,1,0,0,1,0,1,0,1,0,1,0
4579,25,70,0,2,5,73,1,2,1,1,1,2,0,67,1,0,0,1,0,1,0,1,1,0,0,1,0
4580,21,80,0,2,7,60,1,1,1,2,2,1,1,67,1,0,1,0,0,1,0,1,1,0,0,0,1
4581,14,97,0,1,5,88,1,2,2,1,3,2,0,71,1,0,1,0,0,1,0,1,1,0,0,0,1
4582,20,93,2,1,7,60,2,0,0,2,3,0,0,69,1,0,1,0,1,0,0,1,1,0,0,1,0
4584,19,99,2,1,6,100,1,1,0,1,1,0,1,72,1,0,0,1,0,1,0,1,1,0,0,0,1
4585,27,88,1,2,7,72,1,1,0,2,1,0,0,71,0,1,1,0,1,0,0,1,1,0,0,0,1
4586,26,62,1,1,6,59,1,1,1,1,3,0,1,63,1,0,1,0,1,0,0,1,1,0,0,1,0
4587,26,61,2,0,7,95,0,0,1,2,3,2,1,65,1,0,1,0,0,1,1,0,1,0,0,1,0
4588,17,67,0,1,6,62,1,0,1,1,3,1,1,61,0,1,1,0,0,1,0,1,1,0,0,1,0
4589,14,89,1,0,9,96,0,2,0,2,3,1,1,66,0,1,0,1,1,0,0,1,1,0,0,1,0
4590,16,67,1,1,5,56,0,1,0,1,2,1,0,61,0,1,1,0,0,1,0,1,1,0,1,0,0
4591,21,80,1,1,7,92,0,1,1,1,3,0,1,67,1,0,1,0,1,0,0,1,1,0,0,0,1
4592,23,64,1,0,5,59,1,3,0,1,5,0,1,64,0,1,1,0,0,1,0,1,1,0,0,0,1
4593,7,97,0,2,6,97,1,3,1,2,2,1,1,69,0,1,0,1,1,0,0,1,1,0,0,0,1
4594,20,74,0,1,6,79,1,1,2,1,2,1,2,64,1,0,1,0,1,0,0,1,0,1,0,1,0
4595,21,96,1,1,7,59,0,2,2,1,2,1,0,70,1,0,1,0,0,1,0,1,1,0,1,0,0
4596,18,98,2,1,7,92,1,2,0,2,4,0,0,73,1,0,0,1,0,1,0,1,1,0,0,1,0
4597,28,60,0,1,5,70,0,0,0,1,5,0,0,63,1,0,0,1,0,1,0,1,1,0,0,1,0
4598,23,79,1,1,6,87,1,2,0,2,4,1,1,68,1,0,1,0,0,1,1,0,1,0,0,1,0
4599,28,61,0,0,6,82,0,0,1,2,3,1,0,64,0,1,1,0,0,1,0,1,1,0,0,0,1
4600,19,96,1,0,5,86,1,3,1,1,3,0,1,69,1,0,1,0,0,1,1,0,1,0,0,0,1
4601,26,81,1,1,9,67,1,3,0,1,2,1,0,69,0,1,1,0,0,1,0,1,1,0,0,1,0
4602,30,63,2,0,5,97,2,2,0,2,2,1,1,67,0,1,1,0,1,0,0,1,0,1,0,0,1
4603,28,64,2,0,7,78,1,3,1,2,4,2,1,69,1,0,0,1,0,1,0,1,1,0,0,0,1
4604,13,75,1,2,10,54,1,1,0,1,3,1,0,62,1,0,0,1,1,0,0,1,0,1,1,0,0
4605,18,98,0,1,9,53,1,0,2,1,1,0,1,66,1,0,1,0,1,0,0,1,1,0,0,1,0
4606,18,88,0,1,8,87,1,2,1,2,2,2,1,68,0,1,1,0,1,0,0,1,1,0,0,1,0
4607,23,95,2,0,7,92,2,1,0,1,1,0,0,71,0,1,1,0,1,0,0,1,1,0,0,0,1
4608,24,75,1,0,8,85,1,1,0,1,2,2,0,66,1,0,1,0,1,0,0,1,0,1,0,0,1
4609,15,62,0,2,8,64,2,2,0,1,4,1,0,62,0,1,1,0,1,0,0,1,1,0,0,1,0
4610,20,99,0,0,9,61,0,1,2,1,4,0,1,68,1,0,0,1,0,1,0,1,1,0,0,1,0
4611,8,61,1,0,7,78,1,0,1,1,3,0,0,59,0,1,0,1,0,1,0,1,1,0,0,0,1
4612,29,98,1,1,9,60,0,0,0,1,4,0,0,70,0,1,0,1,0,1,0,1,1,0,1,0,0
4613,17,75,2,0,7,69,1,1,2,1,4,0,0,66,1,0,1,0,0,1,0,1,1,0,0,0,1
4614,20,60,1,1,10,81,1,3,0,1,3,1,0,65,1,0,1,0,0,1,0,1,1,0,0,0,1
4615,18,88,1,1,7,64,0,0,1,0,4,1,1,66,1,0,1,0,1,0,0,1,1,0,0,0,1
4616,27,99,1,1,5,69,1,2,1,0,2,2,1,73,1,0,1,0,0,1,0,1,1,0,0,0,1
4617,3,99,1,0,7,68,1,2,2,1,3,0,0,65,0,1,0,1,0,1,0,1,1,0,0,1,0
4618,20,66,1,2,8,73,1,0,2,0,3,0,1,65,1,0,1,0,0,1,0,1,1,0,0,0,1
4619,19,67,2,1,9,84,0,0,1,1,3,0,1,64,0,1,1,0,1,0,0,1,1,0,0,0,1
4620,17,83,1,1,6,89,2,0,0,1,4,2,0,69,1,0,1,0,0,1,0,1,1,0,0,0,1
4621,30,85,1,1,4,83,0,2,2,2,3,2,0,74,0,1,1,0,1,0,0,1,1,0,0,0,1
4622,15,90,2,2,8,51,2,2,2,1,2,0,1,68,0,1,1,0,0,1,0,1,1,0,1,0,0
4623,25,67,0,1,8,95,1,0,1,1,4,2,1,65,0,1,1,0,1,0,0,1,1,0,0,1,0
4624,22,98,1,2,5,79,1,2,2,1,5,0,1,72,1,0,1,0,0,1,1,0,1,0,0,1,0
4625,28,86,1,1,7,96,1,2,1,0,4,0,0,71,1,0,1,0,0,1,0,1,1,0,0,1,0
4626,16,94,2,1,7,98,1,0,0,1,4,0,1,69,0,1,1,0,1,0,0,1,1,0,0,1,0
4627,16,82,0,2,8,73,0,3,0,2,1,1,0,67,1,0,1,0,0,1,0,1,1,0,0,0,1
4628,27,77,1,2,6,96,0,0,1,2,3,2,1,71,1,0,1,0,0,1,0,1,1,0,0,0,1
4629,23,99,0,0,6,68,2,1,1,1,3,1,2,68,1,0,1,0,0,1,0,1,0,1,0,1,0
4630,11,83,0,1,7,63,2,3,2,1,2,0,2,63,0,1,1,0,1,0,0,1,1,0,1,0,0
4631,17,95,2,1,5,54,0,2,2,2,2,1,1,69,0,1,1,0,1,0,0,1,1,0,0,1,0
4632,22,98,1,0,10,73,1,1,0,0,4,1,0,68,0,1,1,0,1,0,0,1,0,1,1,0,0
4633,25,87,2,2,8,84,0,2,2,1,4,1,1,73,1,0,1,0,0,1,0,1,1,0,0,0,1
4634,16,82,1,1,6,99,1,3,2,1,2,0,0,69,1,0,1,0,0,1,0,1,1,0,0,0,1
4636,23,62,2,0,5,87,1,1,2,0,3,0,0,65,1,0,0,1,1,0,0,1,1,0,0,0,1
4637,13,68,1,1,8,95,1,2,0,0,4,0,1,63,1,0,0,1,0,1,0,1,1,0,0,0,1
4638,8,67,0,0,5,77,0,1,1,2,2,1,0,59,1,0,1,0,1,0,0,1,1,0,0,0,1
4640,25,72,1,1,4,92,2,1,0,1,2,0,0,66,1,0,0,1,0,1,0,1,0,1,1,0,0
4641,21,74,1,2,8,79,1,0,0,2,4,0,0,67,1,0,0,1,0,1,0,1,1,0,0,0,1
4642,19,77,2,1,8,88,1,3,0,1,3,1,1,67,1,0,1,0,0,1,1,0,1,0,0,0,1
4643,28,64,2,1,7,83,0,2,2,1,4,0,1,67,1,0,0,1,1,0,0,1,1,0,0,1,0
4644,24,62,2,0,7,53,1,0,1,1,6,2,0,65,0,1,1,0,0,1,0,1,1,0,0,0,1
4645,30,87,2,1,8,58,2,1,0,1,1,1,0,71,1,0,1,0,0,1,0,1,1,0,1,0,0
4646,12,81,1,1,7,64,2,2,2,1,3,0,0,66,1,0,1,0,0,1,0,1,1,0,0,1,0
4647,20,78,1,2,8,64,1,2,2,1,2,0,1,68,0,1,0,1,0,1,0,1,1,0,0,0,1
4648,10,85,1,2,5,92,1,0,0,2,4,0,2,65,0,1,0,1,0,1,0,1,0,1,0,0,1
4649,19,93,2,2,8,80,1,1,1,1,3,1,1,71,1,0,0,1,1,0,0,1,1,0,0,1,0
4650,19,77,1,0,7,54,0,2,0,1,4,0,0,64,0,1,0,1,0,1,0,1,1,0,0,0,1
4651,24,86,1,2,9,69,2,1,1,2,3,2,0,72,1,0,1,0,0,1,0,1,1,0,0,1,0
4652,20,98,0,0,7,78,0,4,2,2,2,0,2,69,1,0,1,0,1,0,0,1,1,0,0,1,0
4653,24,94,1,1,7,63,1,1,0,2,3,0,0,70,1,0,1,0,1,0,0,1,1,0,0,1,0
4654,24,77,1,1,6,52,1,0,1,1,4,0,0,66,1,0,0,1,0,1,0,1,1,0,1,0,0
4655,33,86,1,1,9,69,1,0,1,1,3,1,0,70,0,1,1,0,1,0,1,0,1,0,0,1,0
4656,18,67,2,0,4,73,0,0,1,1,2,2,1,62,1,0,0,1,1,0,0,1,1,0,0,1,0
4657,14,82,0,1,8,95,1,1,0,1,3,2,1,66,1,0,0,1,0,1,0,1,1,0,0,1,0
4658,21,99,2,0,7,95,0,2,0,1,1,0,0,70,0,1,1,0,1,0,0,1,1,0,1,0,0
4659,15,81,0,0,7,75,0,1,1,2,1,2,1,63,1,0,1,0,0,1,0,1,1,0,1,0,0
4660,29,97,2,1,7,74,1,1,1,0,4,0,0,73,0,1,1,0,0,1,0,1,0,1,0,0,1
4661,18,76,1,2,7,82,2,2,1,2,4,2,0,70,0,1,1,0,0,1,0,1,1,0,0,1,0
4662,17,100,2,2,8,63,0,1,0,1,5,0,0,71,1,0,0,1,1,0,0,1,1,0,0,0,1
4663,17,83,0,1,6,64,1,1,1,1,4,0,0,65,0,1,0,1,1,0,0,1,1,0,0,0,1
4664,24,62,1,0,7,50,1,1,2,2,2,2,0,64,1,0,0,1,0,1,0,1,1,0,1,0,0
4665,19,83,2,0,8,54,1,1,0,1,4,0,1,66,1,0,0,1,0,1,0,1,1,0,0,0,1
4667,30,61,0,2,8,82,0,2,0,2,3,2,0,68,0,1,1,0,0,1,0,1,1,0,0,1,0
4668,15,93,1,1,8,61,2,1,1,1,4,0,0,67,0,1,1,0,1,0,0,1,1,0,0,1,0
4669,20,71,0,2,6,56,2,5,1,1,5,1,0,68,1,0,0,1,0,1,0,1,1,0,0,0,1
4670,24,92,0,2,5,81,1,2,0,1,3,0,0,69,1,0,0,1,0,1,0,1,0,1,1,0,0
4671,10,72,1,1,6,83,1,0,1,1,4,0,0,63,1,0,1,0,0,1,0,1,1,0,0,0,1
4672,23,68,1,2,7,53,2,3,2,1,3,0,1,66,0,1,1,0,1,0,0,1,1,0,0,1,0
4673,14,99,1,1,7,89,2,0,1,1,2,2,2,68,0,1,0,1,1,0,1,0,1,0,0,0,1
4674,25,74,2,1,9,80,1,4,1,1,3,1,1,71,0,1,1,0,0,1,0,1,1,0,0,0,1
4675,14,84,1,2,6,70,2,2,2,1,3,1,0,69,0,1,1,0,0,1,0,1,1,0,0,0,1
4676,24,84,0,1,6,99,1,1,1,2,2,2,2,70,0,1,1,0,0,1,0,1,1,0,0,0,1
4677,27,82,1,1,8,51,2,3,2,1,2,1,0,70,1,0,1,0,1,0,0,1,1,0,0,1,0
4678,25,97,1,1,6,77,0,1,0,2,4,2,0,73,1,0,0,1,0,1,0,1,1,0,0,0,1
4679,22,87,1,2,6,58,1,0,0,1,4,0,0,68,0,1,0,1,0,1,0,1,1,0,0,1,0
4680,19,76,1,0,6,66,1,1,2,1,3,0,0,65,1,0,1,0,0,1,0,1,1,0,0,0,1
4681,17,94,2,2,4,57,1,4,1,2,4,0,1,72,1,0,1,0,0,1,0,1,1,0,0,1,0
4682,29,67,2,0,8,83,1,2,0,1,4,0,0,67,0,1,0,1,0,1,0,1,0,1,0,0,1
4683,16,82,0,1,8,70,2,4,0,2,4,1,0,68,0,1,1,0,0,1,0,1,1,0,0,1,0
4684,14,98,1,1,8,99,0,0,2,1,3,0,0,69,1,0,1,0,0,1,0,1,1,0,0,1,0
4685,24,85,1,1,10,83,0,1,1,2,4,1,1,70,0,1,1,0,0,1,0,1,1,0,0,0,1
4686,15,93,2,1,9,96,1,1,1,1,2,0,1,69,0,1,1,0,0,1,0,1,1,0,1,0,0
4687,14,86,2,2,6,62,1,1,1,1,2,0,0,68,1,0,0,1,0,1,0,1,1,0,0,0,1
4688,11,94,1,1,9,66,1,2,0,2,2,0,1,65,1,0,0,1,1,0,1,0,1,0,0,0,1
4689,17,98,1,2,7,68,1,1,0,1,4,1,1,70,1,0,1,0,0,1,0,1,1,0,0,0,1
4690,20,71,1,0,6,92,2,1,0,1,4,1,0,65,1,0,0,1,0,1,0,1,1,0,1,0,0
4691,21,67,1,0,6,61,1,0,0,1,3,0,1,61,0,1,0,1,1,0,0,1,1,0,0,0,1
4692,26,79,1,0,7,97,1,1,2,1,2,0,0,69,1,0,0,1,1,0,0,1,1,0,0,0,1
4693,23,88,1,0,7,52,1,0,1,0,4,0,0,67,1,0,1,0,0,1,0,1,1,0,0,1,0
4694,19,69,1,1,9,94,1,1,0,2,3,0,1,65,1,0,1,0,0,1,0,1,1,0,0,0,1
4695,19,60,1,1,8,73,2,3,1,0,3,0,0,63,1,0,0,1,1,0,0,1,1,0,0,1,0
4696,23,74,1,2,6,76,1,0,1,2,4,0,0,67,1,0,0,1,0,1,0,1,1,0,1,0,0
4698,21,88,1,1,8,94,1,0,1,2,3,1,0,70,1,0,1,0,1,0,0,1,1,0,0,1,0
4699,17,76,1,2,8,95,0,1,0,1,4,2,0,67,0,1,0,1,0,1,0,1,1,0,0,1,0
4700,14,68,2,2,9,79,0,2,0,1,4,1,0,66,0,1,0,1,0,1,0,1,1,0,0,0,1
4701,11,74,1,2,7,98,0,1,0,1,2,0,0,65,1,0,1,0,0,1,0,1,1,0,0,0,1
4702,24,67,0,2,8,84,2,0,0,1,1,1,0,65,0,1,1,0,1,0,0,1,1,0,0,1,0
4703,23,64,0,1,8,91,1,2,0,1,3,0,2,63,0,1,1,0,1,0,0,1,1,0,1,0,0
4704,23,96,1,2,5,86,1,3,1,2,3,0,0,74,1,0,1,0,0,1,0,1,0,1,0,1,0
4705,19,100,0,2,7,89,2,2,2,0,3,1,1,72,1,0,0,1,0,1,0,1,1,0,0,1,0
4706,28,67,2,2,8,82,0,1,2,0,4,0,0,68,0,1,1,0,1,0,0,1,1,0,0,1,0
4707,17,62,1,0,8,86,2,2,1,1,4,0,1,62,0,1,1,0,1,0,0,1,1,0,0,1,0
4708,26,73,0,2,7,72,1,1,0,0,3,1,2,65,1,0,0,1,1,0,0,1,1,0,0,1,0
4709,20,78,2,1,10,85,1,1,2,2,3,0,0,69,1,0,0,1,0,1,0,1,1,0,1,0,0
4710,16,68,1,0,10,64,1,2,2,0,2,0,1,61,1,0,1,0,0,1,0,1,1,0,1,0,0
4711,24,72,1,1,7,82,2,2,1,1,4,0,2,67,1,0,0,1,0,1,0,1,1,0,0,0,1
4712,22,68,1,2,7,76,1,1,1,1,4,0,0,66,1,0,1,0,1,0,0,1,1,0,0,0,1
4713,22,91,0,1,8,95,1,1,0,2,2,0,0,70,1,0,0,1,0,1,0,1,1,0,0,1,0
4714,20,89,1,2,7,84,0,5,2,1,3,2,1,72,1,0,1,0,1,0,0,1,1,0,0,1,0
4715,20,85,2,0,9,80,1,3,0,1,3,2,1,69,1,0,0,1,0,1,0,1,1,0,0,1,0
4716,34,75,0,1,5,66,1,0,0,1,3,0,0,68,1,0,0,1,0,1,0,1,1,0,0,0,1
4717,27,96,1,1,7,93,1,2,1,1,2,1,0,74,1,0,1,0,1,0,0,1,1,0,0,1,0
4718,24,99,2,1,8,53,2,1,0,1,3,0,0,70,1,0,0,1,1,0,0,1,0,1,0,1,0
4719,21,67,1,1,9,95,2,1,1,1,4,0,0,67,1,0,0,1,0,1,0,1,1,0,0,0,1
4720,26,69,1,1,5,83,1,4,1,2,2,0,1,68,0,1,0,1,0,1,0,1,1,0,0,1,0
4721,23,81,2,0,6,59,1,2,2,2,1,2,0,69,0,1,0,1,1,0,0,1,1,0,0,1,0
4722,20,64,2,0,4,95,1,4,1,1,4,0,0,66,1,0,1,0,1,0,0,1,1,0,0,1,0
4723,18,77,1,0,6,66,2,3,1,2,3,1,1,66,1,0,1,0,1,0,0,1,1,0,0,0,1
4724,20,83,2,2,5,58,1,1,1,1,3,0,0,68,1,0,1,0,0,1,0,1,1,0,0,1,0
4725,1,81,1,1,8,66,1,1,0,1,2,1,0,60,1,0,1,0,0,1,0,1,1,0,1,0,0
4726,21,73,2,1,7,98,2,0,2,2,4,2,0,69,1,0,1,0,1,0,0,1,0,1,0,0,1
4727,17,82,2,1,7,88,1,1,1,1,1,0,0,66,1,0,1,0,1,0,0,1,0,1,1,0,0
4729,20,68,1,0,9,65,0,1,2,1,5,1,0,63,1,0,1,0,1,0,0,1,1,0,1,0,0
4730,13,86,1,0,5,54,1,3,2,2,3,1,0,66,1,0,1,0,0,1,0,1,0,1,0,1,0
4731,20,62,2,1,4,78,1,1,2,1,4,0,1,64,0,1,0,1,0,1,1,0,1,0,0,0,1
4732,14,63,2,2,8,74,1,1,0,1,4,2,1,63,0,1,0,1,1,0,0,1,1,0,0,1,0
4733,23,82,0,1,6,86,1,0,2,1,4,0,0,68,1,0,1,0,0,1,0,1,1,0,0,1,0
4734,22,64,2,1,5,77,1,1,2,1,2,1,0,65,1,0,0,1,1,0,0,1,1,0,1,0,0
4735,26,61,2,1,8,70,0,1,1,1,4,2,1,65,1,0,0,1,0,1,0,1,0,1,0,1,0
4736,15,67,2,2,4,50,0,0,1,1,1,1,0,64,1,0,1,0,0,1,0,1,1,0,0,0,1
4737,20,83,2,1,6,73,1,0,2,1,3,1,2,68,1,0,1,0,0,1,0,1,1,0,0,0,1
4738,12,88,0,1,4,56,1,0,0,2,2,0,2,62,1,0,0,1,0,1,0,1,1,0,0,1,0
4739,24,68,1,1,7,96,1,1,0,2,3,0,0,67,1,0,1,0,0,1,0,1,1,0,0,0,1
4740,23,87,2,2,9,96,2,1,1,1,1,1,0,73,0,1,0,1,0,1,0,1,1,0,0,0,1
4741,23,67,2,2,6,90,1,2,2,1,3,0,0,69,0,1,0,1,0,1,0,1,1,0,0,0,1
4742,20,85,1,1,6,58,0,0,0,1,2,2,0,65,1,0,0,1,1,0,0,1,1,0,1,0,0
4743,22,76,1,1,10,57,1,1,1,2,3,0,2,66,1,0,0,1,0,1,0,1,1,0,0,1,0
4744,30,86,2,1,8,78,1,4,1,0,2,1,2,73,1,0,1,0,1,0,0,1,1,0,0,0,1
4745,18,100,2,1,10,86,1,1,1,1,3,0,0,72,1,0,1,0,0,1,0,1,1,0,0,1,0
4746,21,98,1,1,7,95,0,3,2,0,1,0,0,72,1,0,1,0,0,1,0,1,1,0,0,1,0
4747,13,60,0,2,7,95,1,1,0,1,1,0,0,61,0,1,0,1,0,1,0,1,1,0,0,0,1
4748,15,95,2,1,9,58,0,2,0,2,3,0,0,69,0,1,0,1,0,1,0,1,1,0,0,1,0
4749,21,63,2,1,7,100,1,1,2,1,2,2,1,66,0,1,0,1,1,0,0,1,1,0,0,1,0
4750,27,98,2,2,7,58,1,1,2,1,3,2,2,74,0,1,1,0,1,0,0,1,1,0,0,0,1
4751,18,71,2,0,4,92,1,1,0,1,4,1,0,64,0,1,1,0,0,1,0,1,0,1,1,0,0
4752,19,75,1,2,10,79,1,1,1,1,2,0,0,66,0,1,1,0,0,1,0,1,1,0,0,1,0
4753,18,64,2,1,8,84,1,2,1,1,3,1,0,64,0,1,1,0,0,1,1,0,1,0,0,1,0
4754,17,64,2,2,7,80,0,3,1,1,4,0,0,66,1,0,0,1,1,0,0,1,1,0,0,0,1
4755,22,89,1,2,8,93,1,2,2,0,5,0,0,72,1,0,0,1,1,0,0,1,1,0,0,1,0
4756,11,98,2,2,5,82,2,1,1,1,2,2,0,71,1,0,0,1,0,1,0,1,1,0,0,1,0
4757,28,84,2,1,6,92,1,1,1,1,3,0,0,70,0,1,1,0,0,1,0,1,0,1,1,0,0
4758,16,89,2,1,8,58,0,2,0,1,3,1,1,67,1,0,1,0,0,1,0,1,1,0,0,1,0
4759,24,90,1,2,7,93,0,1,0,2,2,2,0,71,1,0,1,0,1,0,0,1,0,1,0,1,0
4760,12,71,1,0,8,100,1,2,2,1,3,1,0,63,1,0,1,0,1,0,0,1,0,1,0,1,0
4761,24,62,1,2,7,83,0,1,1,0,2,1,1,64,0,1,1,0,1,0,0,1,1,0,0,1,0
4762,24,60,1,1,8,99,1,2,0,0,1,0,1,64,1,0,1,0,0,1,0,1,1,0,0,1,0
4763,22,74,1,0,5,61,1,1,0,1,3,2,0,65,0,1,1,0,1,0,0,1,1,0,0,0,1
4764,14,70,1,1,9,91,2,2,1,1,4,0,0,65,0,1,1,0,0,1,0,1,1,0,0,1,0
4765,21,62,1,0,6,58,1,2,0,2,3,1,1,62,0,1,0,1,1,0,0,1,1,0,0,1,0
4766,13,67,2,2,7,76,1,2,0,1,5,0,0,65,1,0,0,1,0,1,0,1,1,0,0,1,0
4767,18,65,1,2,6,83,0,1,1,2,2,0,0,64,1,0,0,1,1,0,0,1,1,0,0,1,0
4768,26,97,1,1,7,83,0,2,0,1,3,2,0,74,1,0,1,0,0,1,0,1,1,0,0,0,1
4769,25,66,1,2,7,84,0,2,2,1,1,0,0,67,1,0,1,0,0,1,0,1,1,0,0,0,1
4770,20,82,0,1,8,66,0,0,2,1,2,2,0,66,1,0,1,0,1,0,0,1,1,0,0,0,1
4771,14,84,2,2,8,99,1,3,1,2,4,2,0,70,0,1,1,0,1,0,1,0,1,0,0,1,0
4772,24,82,1,2,8,50,1,0,1,1,2,2,1,68,1,0,1,0,1,0,0,1,1,0,0,0,1
4773,20,64,1,1,6,81,1,0,2,2,1,0,1,64,0,1,1,0,1,0,0,1,1,0,0,0,1
4775,25,62,1,1,7,95,0,1,2,1,4,1,0,65,1,0,1,0,0,1,0,1,0,1,0,1,0
4776,20,76,1,2,7,86,1,2,1,1,5,0,0,68,0,1,1,0,0,1,0,1,1,0,1,0,0
4777,27,68,0,1,8,79,1,2,0,2,1,2,1,64,0,1,0,1,1,0,0,1,0,1,1,0,0
4778,13,82,1,2,5,73,0,4,0,1,4,0,0,66,1,0,1,0,1,0,0,1,1,0,1,0,0
4780,22,81,2,1,9,71,1,2,2,0,4,0,0,69,1,0,1,0,0,1,0,1,1,0,1,0,0
4781,22,77,1,2,7,85,0,2,0,1,2,1,0,68,1,0,1,0,1,0,0,1,1,0,0,1,0
4782,10,75,1,1,8,87,0,2,1,1,4,0,0,63,0,1,1,0,1,0,0,1,0,1,0,0,1
4783,14,94,0,1,6,76,1,0,0,0,3,0,0,64,1,0,1,0,0,1,1,0,1,0,0,1,0
4784,37,69,1,2,9,87,1,1,0,1,2,1,2,68,0,1,1,0,0,1,1,0,1,0,1,0,0
4785,18,89,1,0,8,76,2,0,0,1,2,0,0,67,1,0,1,0,1,0,0,1,1,0,0,0,1
4786,24,90,0,1,7,55,1,1,2,1,2,2,2,68,1,0,1,0,0,1,0,1,1,0,1,0,0
4787,16,77,1,1,7,93,1,1,0,1,2,0,1,66,1,0,1,0,0,1,0,1,1,0,0,0,1
4788,7,72,1,1,4,94,1,4,1,1,4,2,0,66,1,0,0,1,0,1,0,1,1,0,0,0,1
4789,19,79,1,2,8,63,1,4,0,2,2,0,1,68,1,0,1,0,0,1,0,1,1,0,0,1,0
4790,18,64,1,2,9,89,0,1,1,2,3,0,1,64,1,0,0,1,0,1,0,1,1,0,0,1,0
4791,18,62,2,1,7,76,1,2,1,1,3,1,0,63,0,1,0,1,0,1,0,1,0,1,1,0,0
4792,19,64,1,1,7,56,1,0,0,1,4,0,0,62,0,1,0,1,0,1,0,1,1,0,0,1,0
4793,22,67,1,2,7,70,2,2,0,1,2,0,0,66,1,0,0,1,1,0,0,1,1,0,0,0,1
4794,19,80,2,1,9,54,1,0,0,1,2,2,1,65,1,0,1,0,0,1,0,1,1,0,1,0,0
4795,12,94,1,0,9,89,1,1,0,0,3,0,0,66,1,0,0,1,0,1,0,1,1,0,1,0,0
4796,23,69,1,2,6,60,1,2,0,2,4,0,0,66,1,0,0,1,0,1,0,1,1,0,1,0,0
4797,8,97,1,2,8,58,2,2,2,1,2,1,0,69,0,1,1,0,0,1,0,1,1,0,0,1,0
4798,8,98,0,1,7,60,1,1,2,2,3,2,0,67,0,1,0,1,0,1,0,1,1,0,1,0,0
4799,24,98,1,2,8,61,1,6,1,2,3,0,0,75,0,1,0,1,1,0,0,1,1,0,0,0,1
4800,23,94,2,1,6,84,2,0,0,2,3,2,0,73,1,0,1,0,0,1,0,1,1,0,0,1,0
4801,20,75,1,1,9,82,2,0,0,0,5,1,1,66,0,1,1,0,0,1,0,1,1,0,0,0,1
4802,12,63,1,1,8,56,0,4,1,1,4,1,1,61,1,0,1,0,1,0,0,1,1,0,0,0,1
4803,16,83,1,1,9,86,1,5,0,2,4,0,1,68,0,1,0,1,0,1,0,1,1,0,1,0,0
4804,18,82,1,1,5,67,2,1,1,2,4,1,0,67,1,0,1,0,0,1,1,0,1,0,0,1,0
4805,10,94,1,2,5,73,1,1,1,1,3,0,1,66,1,0,1,0,1,0,0,1,1,0,1,0,0
4806,16,100,1,2,10,56,1,1,2,1,2,0,0,69,0,1,1,0,1,0,0,1,1,0,0,1,0
4807,24,80,1,1,9,85,0,3,0,1,4,0,0,69,1,0,1,0,1,0,0,1,1,0,0,0,1
4808,29,74,1,2,6,69,1,1,0,2,1,1,2,67,0,1,0,1,0,1,0,1,1,0,1,0,0
4809,17,67,2,1,8,82,1,0,1,1,4,0,0,65,0,1,1,0,1,0,0,1,1,0,0,0,1
4810,25,60,1,0,6,71,0,2,2,1,2,0,0,63,1,0,1,0,1,0,0,1,1,0,0,0,1
4811,9,80,1,0,4,52,0,1,2,1,2,2,0,63,0,1,1,0,0,1,0,1,1,0,0,0,1
4812,24,82,1,1,4,85,0,1,0,1,2,0,0,66,1,0,1,0,1,0,1,0,1,0,1,0,0
4813,15,93,1,1,7,78,0,0,1,1,4,0,1,66,1,0,1,0,0,1,0,1,1,0,1,0,0
4814,22,80,1,2,9,72,0,2,1,1,4,1,0,69,0,1,1,0,0,1,0,1,1,0,0,1,0
4815,19,97,2,1,9,60,2,3,1,1,4,2,1,72,0,1,1,0,0,1,0,1,1,0,1,0,0
4816,28,85,1,1,9,81,0,2,0,1,3,0,0,70,1,0,1,0,0,1,0,1,1,0,0,1,0
4817,15,94,1,2,8,64,1,2,0,1,1,1,0,68,1,0,1,0,0,1,0,1,1,0,1,0,0
4818,24,66,2,1,7,71,0,1,0,2,3,0,0,66,1,0,1,0,0,1,0,1,1,0,0,1,0
4819,18,94,0,1,9,53,1,3,0,1,3,1,1,67,0,1,1,0,0,1,0,1,1,0,1,0,0
4820,19,87,2,1,4,89,1,0,0,0,5,2,1,68,0,1,1,0,1,0,0,1,0,1,0,0,1
4821,19,67,1,0,8,55,1,0,1,2,4,0,0,62,1,0,0,1,0,1,1,0,1,0,0,0,1
4822,15,68,1,2,5,95,2,1,1,1,2,1,0,64,0,1,0,1,1,0,0,1,0,1,0,0,1
4823,20,97,2,0,6,93,0,1,2,2,1,1,2,71,1,0,1,0,0,1,0,1,1,0,0,0,1
4824,20,61,2,1,8,99,1,0,1,2,4,1,0,65,1,0,1,0,1,0,0,1,1,0,0,1,0
4825,21,79,1,1,8,95,2,0,1,1,2,2,0,69,0,1,1,0,0,1,0,1,1,0,0,1,0
4826,21,73,1,1,6,99,1,1,0,1,5,0,0,65,1,0,1,0,1,0,1,0,1,0,0,1,0
4827,25,87,1,1,8,94,2,0,1,2,4,0,0,71,1,0,1,0,1,0,0,1,1,0,0,0,1
4828,26,94,0,1,8,56,0,1,2,1,2,1,0,69,0,1,1,0,1,0,0,1,1,0,1,0,0
4829,14,74,2,1,7,72,2,2,1,1,3,1,0,65,1,0,0,1,0,1,1,0,1,0,1,0,0
4830,25,77,0,1,7,54,1,2,1,1,1,1,1,66,1,0,1,0,0,1,0,1,1,0,0,1,0
4831,13,99,1,1,10,77,0,0,1,2,3,1,1,68,0,1,0,1,0,1,0,1,1,0,1,0,0
4832,24,91,2,2,7,76,1,0,1,1,2,0,1,72,0,1,0,1,0,1,0,1,1,0,0,0,1
4833,24,96,2,2,7,96,1,1,1,1,3,0,0,74,0,1,1,0,0,1,0,1,1,0,1,0,0
4834,9,78,1,1,7,98,0,3,0,1,2,0,0,64,1,0,1,0,1,0,0,1,1,0,0,0,1
4835,21,69,2,0,7,63,1,0,1,1,3,0,1,64,1,0,1,0,0,1,0,1,1,0,0,0,1
4836,17,76,1,1,8,79,0,1,0,1,4,2,2,63,0,1,1,0,0,1,1,0,0,1,0,1,0
4837,15,89,2,0,9,73,2,2,0,0,2,0,0,66,1,0,0,1,1,0,0,1,1,0,0,1,0
4838,28,64,1,1,7,77,1,1,2,1,2,0,0,67,1,0,1,0,0,1,0,1,1,0,0,0,1
4839,16,71,2,0,6,77,0,4,1,1,5,1,1,64,1,0,1,0,0,1,0,1,0,1,0,1,0
4840,15,62,0,2,10,96,0,0,1,2,4,0,2,62,1,0,0,1,1,0,0,1,1,0,0,0,1
4841,20,77,1,0,7,95,2,0,1,1,1,0,2,66,1,0,1,0,0,1,0,1,1,0,0,0,1
4842,24,93,1,2,4,56,0,4,0,2,2,2,1,71,0,1,1,0,1,0,0,1,1,0,1,0,0
4843,19,61,2,0,10,67,0,1,1,1,6,2,0,63,0,1,1,0,0,1,1,0,1,0,0,0,1
4844,27,87,2,1,9,88,1,1,0,2,4,1,0,72,1,0,1,0,0,1,0,1,0,1,0,0,1
4845,23,97,1,2,9,84,0,1,2,1,3,0,2,71,0,1,1,0,1,0,0,1,0,1,0,0,1
4846,7,69,0,1,9,82,0,1,1,2,3,2,0,61,0,1,0,1,1,0,0,1,1,0,0,0,1
4847,17,88,1,2,10,100,1,1,0,2,2,2,0,71,0,1,1,0,0,1,0,1,1,0,0,0,1
4848,17,99,1,1,5,67,0,2,1,1,4,2,2,69,1,0,0,1,1,0,0,1,1,0,0,1,0
4849,23,98,1,2,6,76,0,3,0,2,3,0,0,74,1,0,1,0,0,1,0,1,1,0,0,0,1
4850,4,69,1,2,6,99,1,0,1,2,2,0,1,61,1,0,1,0,0,1,0,1,1,0,0,1,0
4851,35,64,1,0,6,85,2,2,1,2,2,0,1,68,1,0,0,1,1,0,0,1,1,0,0,1,0
4852,23,66,1,2,7,82,2,1,1,1,2,0,0,67,1,0,1,0,0,1,0,1,1,0,0,0,1
4853,21,88,2,0,6,58,1,3,2,1,4,1,0,70,1,0,0,1,1,0,0,1,1,0,0,1,0
4854,27,89,1,1,5,62,1,0,0,1,3,0,0,69,1,0,1,0,1,0,0,1,1,0,0,1,0
4855,34,87,1,0,6,69,2,3,0,1,2,1,1,72,1,0,0,1,1,0,0,1,1,0,0,1,0
4856,25,73,1,0,7,73,1,1,1,1,2,0,0,66,1,0,1,0,0,1,0,1,1,0,0,0,1
4857,26,67,1,1,9,75,1,2,1,1,3,0,0,67,1,0,1,0,1,0,0,1,1,0,0,0,1
4858,21,83,1,1,6,95,2,4,2,2,2,0,2,70,0,1,1,0,1,0,0,1,1,0,0,1,0
4859,19,79,1,2,8,55,1,3,1,1,4,2,0,68,1,0,0,1,0,1,0,1,0,1,0,1,0
4860,17,89,0,1,5,62,2,2,1,1,2,1,0,68,0,1,0,1,0,1,0,1,1,0,0,0,1
4861,15,78,1,2,4,57,2,2,1,2,2,0,0,65,0,1,1,0,1,0,0,1,1,0,1,0,0
4862,16,74,1,0,7,87,1,0,0,0,3,1,0,63,0,1,1,0,0,1,0,1,1,0,0,0,1
4863,12,72,0,0,6,99,2,0,0,1,4,1,2,62,0,1,1,0,0,1,0,1,1,0,0,0,1
4864,20,68,1,2,6,95,1,0,0,1,4,0,0,66,0,1,1,0,0,1,0,1,1,0,0,0,1
4865,10,71,1,2,6,86,1,1,1,0,2,2,0,62,1,0,1,0,0,1,0,1,0,1,1,0,0
4866,21,64,0,2,6,51,0,0,2,0,3,1,1,61,0,1,1,0,0,1,0,1,1,0,1,0,0
4867,20,74,0,1,6,67,2,0,1,1,4,1,1,63,0,1,0,1,0,1,0,1,0,1,1,0,0
4868,21,61,1,1,6,93,0,3,1,2,3,0,0,65,0,1,0,1,0,1,0,1,1,0,0,1,0
4869,17,67,2,0,5,83,2,3,0,1,3,0,1,64,1,0,1,0,1,0,0,1,1,0,0,0,1
4870,38,90,2,1,4,60,0,2,0,1,4,1,1,74,1,0,1,0,0,1,0,1,1,0,0,1,0
4871,28,73,0,1,4,73,1,2,2,2,2,2,0,70,0,1,1,0,0,1,0,1,1,0,0,0,1
4872,13,87,0,1,10,54,0,2,0,1,2,0,1,63,0,1,1,0,1,0,0,1,1,0,0,0,1
4873,21,89,0,1,7,76,1,3,2,1,2,0,2,68,0,1,1,0,1,0,0,1,1,0,0,0,1
4874,16,83,1,2,9,95,1,2,0,2,2,1,0,69,1,0,1,0,0,1,0,1,1,0,0,1,0
4875,14,98,1,2,7,52,2,1,1,2,4,0,1,70,1,0,0,1,0,1,0,1,1,0,1,0,0
4876,12,61,1,1,7,81,1,2,2,1,3,1,2,62,1,0,1,0,0,1,0,1,1,0,0,1,0
4877,23,90,2,1,7,62,1,3,1,0,2,2,1,71,1,0,0,1,0,1,0,1,1,0,0,0,1
4878,16,98,1,0,8,100,0,2,0,1,1,0,0,69,1,0,1,0,1,0,0,1,1,0,0,1,0
4879,26,94,2,0,5,53,0,0,0,2,2,0,0,69,1,0,1,0,0,1,0,1,1,0,0,1,0
4880,26,67,0,2,6,81,2,4,0,2,3,1,0,68,1,0,1,0,0,1,0,1,0,1,0,1,0
4881,28,73,0,1,7,63,0,0,0,1,2,0,0,65,1,0,1,0,0,1,0,1,1,0,0,0,1
4882,15,67,1,2,4,94,2,1,1,1,5,0,2,65,1,0,0,1,0,1,0,1,1,0,0,0,1
4883,23,84,0,0,9,56,0,1,1,2,4,0,0,65,0,1,1,0,0,1,1,0,1,0,0,0,1
4884,24,88,2,2,9,71,1,2,2,2,3,0,0,72,0,1,1,0,1,0,0,1,1,0,1,0,0
4885,17,73,1,0,4,59,2,2,0,2,4,0,1,63,0,1,0,1,1,0,0,1,1,0,1,0,0
4886,15,82,1,2,6,90,2,2,2,1,2,0,0,68,1,0,1,0,0,1,1,0,1,0,0,0,1
4887,30,88,1,1,7,68,0,1,1,2,3,1,0,72,0,1,1,0,0,1,0,1,1,0,0,0,1
4888,21,77,1,0,8,59,1,3,0,1,2,0,0,66,1,0,0,1,0,1,0,1,1,0,0,0,1
4889,24,94,0,1,9,86,2,2,0,1,3,1,0,71,0,1,1,0,1,0,0,1,1,0,0,1,0
4890,15,91,1,0,6,91,0,0,1,1,3,1,1,67,0,1,1,0,0,1,0,1,1,0,0,0,1
4891,13,63,1,1,10,73,0,2,0,2,3,2,1,61,1,0,1,0,1,0,0,1,1,0,1,0,0
4892,17,85,2,2,7,69,1,4,0,2,2,0,0,70,0,1,0,1,0,1,0,1,1,0,0,1,0
4893,19,69,1,1,7,82,0,2,0,1,3,1,0,64,1,0,1,0,0,1,1,0,1,0,0,1,0
4894,14,82,1,1,8,83,1,0,1,1,2,0,1,64,1,0,1,0,0,1,0,1,1,0,1,0,0
4895,20,98,0,2,7,83,1,0,0,1,3,0,2,68,0,1,1,0,0,1,1,0,1,0,0,1,0
4896,10,95,2,1,7,64,2,4,0,1,3,2,0,70,1,0,0,1,1,0,0,1,1,0,0,0,1
4897,13,76,0,1,10,97,2,4,0,0,3,1,1,65,1,0,1,0,0,1,0,1,1,0,0,1,0
4898,24,72,2,2,7,61,1,3,0,1,2,0,0,67,0,1,0,1,1,0,0,1,1,0,0,1,0
4899,24,69,1,0,6,69,1,0,0,2,4,1,0,65,1,0,0,1,0,1,0,1,1,0,0,1,0
4900,18,81,0,1,6,64,1,1,1,1,4,0,1,65,0,1,1,0,0,1,0,1,1,0,0,0,1
4901,14,65,1,2,9,97,0,3,0,2,4,0,0,65,0,1,1,0,0,1,0,1,1,0,0,0,1
4902,14,82,2,0,8,91,2,1,0,1,2,0,0,66,1,0,1,0,0,1,0,1,1,0,1,0,0
4903,18,60,1,2,5,91,0,2,0,1,4,0,0,62,1,0,1,0,1,0,0,1,0,1,1,0,0
4904,24,73,1,1,5,50,0,1,0,1,2,0,0,63,1,0,1,0,0,1,0,1,1,0,1,0,0
4905,26,69,0,0,7,84,1,0,1,1,3,0,1,63,1,0,0,1,0,1,0,1,0,1,0,1,0
4906,17,99,1,1,8,62,1,3,1,1,3,0,0,70,1,0,0,1,0,1,0,1,1,0,0,1,0
4907,13,89,0,2,6,98,1,0,1,1,4,0,0,67,1,0,0,1,0,1,0,1,1,0,1,0,0
4908,22,74,2,2,4,77,0,0,2,1,3,0,0,66,1,0,0,1,1,0,0,1,0,1,1,0,0
4909,15,64,2,1,5,78,1,2,0,1,2,0,1,63,1,0,1,0,1,0,0,1,1,0,0,0,1
4910,17,81,2,0,9,68,2,1,0,0,3,1,0,66,0,1,0,1,0,1,0,1,1,0,0,0,1
4911,28,69,0,1,8,77,1,3,1,1,4,1,1,67,0,1,1,0,1,0,0,1,1,0,0,1,0
4912,25,81,1,1,9,87,0,1,0,2,1,2,1,68,0,1,0,1,1,0,0,1,1,0,1,0,0
4913,21,93,0,2,9,78,0,1,1,0,2,0,2,67,1,0,1,0,0,1,0,1,0,1,0,1,0
4914,12,85,1,2,6,82,1,1,2,1,2,0,2,66,1,0,1,0,0,1,0,1,1,0,0,1,0
4915,21,85,2,2,6,74,1,2,1,1,4,0,0,71,0,1,1,0,0,1,0,1,1,0,0,1,0
4916,26,82,1,1,7,86,1,0,0,2,2,2,0,69,1,0,1,0,0,1,0,1,0,1,0,1,0
4917,18,97,2,0,8,95,2,1,1,1,2,2,1,72,1,0,1,0,0,1,0,1,1,0,0,0,1
4918,28,97,2,0,9,53,0,0,0,1,3,1,1,70,0,1,0,1,0,1,0,1,1,0,1,0,0
4919,28,81,1,1,10,55,1,2,1,0,3,0,0,68,1,0,0,1,0,1,0,1,1,0,0,1,0
4920,30,72,1,1,8,84,1,1,0,2,1,0,0,68,1,0,0,1,1,0,0,1,1,0,0,0,1
4921,22,78,0,2,8,69,2,2,0,1,2,0,0,67,0,1,1,0,0,1,0,1,1,0,1,0,0
4922,24,67,1,1,10,64,0,1,0,1,2,1,2,62,0,1,1,0,1,0,0,1,0,1,0,0,1
4923,28,85,1,0,7,59,0,1,0,1,3,2,2,67,1,0,1,0,1,0,0,1,1,0,0,1,0
4924,23,80,2,1,9,79,1,1,1,2,2,2,0,69,1,0,1,0,1,0,0,1,1,0,1,0,0
4925,17,64,1,2,8,67,1,3,0,1,3,1,0,64,1,0,1,0,0,1,0,1,1,0,1,0,0
4926,17,68,1,2,8,75,1,2,0,2,3,1,0,66,0,1,0,1,0,1,0,1,1,0,0,0,1
4927,21,79,2,0,7,98,2,2,0,1,1,0,0,69,1,0,1,0,0,1,0,1,1,0,0,0,1
4928,12,96,2,2,5,88,2,0,1,1,2,1,1,70,0,1,0,1,1,0,0,1,1,0,0,0,1
4929,19,83,2,1,8,90,0,3,0,1,3,1,1,69,0,1,1,0,1,0,0,1,1,0,0,0,1
4930,27,87,1,1,8,56,1,3,1,2,3,2,0,72,1,0,1,0,0,1,0,1,1,0,0,1,0
4931,7,74,1,1,6,66,0,1,0,2,2,0,0,61,0,1,0,1,0,1,0,1,1,0,0,0,1
4932,29,83,1,1,7,55,2,2,0,0,4,0,0,68,0,1,0,1,1,0,0,1,1,0,1,0,0
4933,27,78,1,1,6,98,0,1,1,1,3,0,2,68,1,0,1,0,1,0,0,1,1,0,0,0,1
4934,17,86,0,1,6,84,2,0,1,1,3,0,0,66,0,1,0,1,1,0,0,1,1,0,0,1,0
4935,23,62,1,1,6,51,1,5,2,1,2,1,0,65,1,0,1,0,1,0,0,1,1,0,1,0,0
4936,20,80,2,0,5,74,1,2,0,0,4,1,1,66,0,1,1,0,0,1,0,1,1,0,1,0,0
4937,27,72,1,1,6,63,1,1,2,1,5,1,1,67,0,1,0,1,1,0,0,1,1,0,1,0,0
4938,26,73,1,2,8,77,1,0,1,2,2,1,2,68,1,0,0,1,1,0,0,1,1,0,0,0,1
4939,12,98,0,1,9,59,0,1,2,1,2,2,0,67,0,1,1,0,1,0,0,1,1,0,0,1,0
4940,24,67,0,1,10,53,1,0,1,1,3,1,0,63,0,1,1,0,0,1,0,1,0,1,0,0,1
4941,19,72,1,0,6,66,1,0,1,2,2,2,0,64,1,0,0,1,1,0,0,1,1,0,0,1,0
4942,20,80,1,0,9,65,2,1,1,1,3,1,2,66,1,0,0,1,1,0,0,1,1,0,0,0,1
4943,16,95,2,1,8,86,1,0,0,0,4,0,1,69,1,0,1,0,0,1,0,1,1,0,0,0,1
4944,30,77,1,0,7,74,1,3,2,1,3,2,1,70,1,0,0,1,0,1,0,1,1,0,0,1,0
4945,26,90,1,1,8,65,2,3,1,2,2,0,0,72,0,1,0,1,1,0,0,1,1,0,0,0,1
4946,16,94,1,2,9,79,2,2,2,1,5,0,1,71,0,1,1,0,1,0,0,1,1,0,0,0,1
4947,12,72,1,1,6,54,0,3,0,1,2,2,0,63,1,0,1,0,0,1,0,1,1,0,0,0,1
4948,18,76,2,2,6,83,1,1,2,1,4,0,0,68,1,0,1,0,1,0,0,1,1,0,0,1,0
4949,23,74,1,2,6,57,0,1,2,2,3,1,0,67,1,0,0,1,0,1,1,0,1,0,0,1,0
4950,21,93,1,0,6,64,1,2,0,1,4,2,1,69,1,0,1,0,1,0,0,1,1,0,0,0,1
4951,28,62,1,1,9,64,2,1,0,1,2,2,0,65,1,0,0,1,1,0,0,1,1,0,1,0,0
4952,25,72,2,0,6,73,2,4,1,2,4,1,1,69,1,0,1,0,0,1,0,1,1,0,0,1,0
4953,26,87,1,1,6,98,2,0,1,2,4,1,1,71,1,0,1,0,1,0,0,1,1,0,1,0,0
4954,22,83,1,0,7,66,1,2,1,1,3,0,0,67,0,1,0,1,0,1,0,1,1,0,0,1,0
4955,12,77,0,1,7,64,0,2,2,2,4,1,1,64,0,1,1,0,1,0,0,1,1,0,0,0,1
4956,19,82,2,1,6,58,0,2,1,2,3,1,0,68,0,1,0,1,0,1,0,1,1,0,0,0,1
4957,26,68,2,0,10,70,1,1,0,1,3,1,0,67,1,0,1,0,0,1,0,1,1,0,0,0,1
4958,20,77,0,0,6,59,0,1,2,1,2,0,1,62,0,1,1,0,1,0,0,1,1,0,1,0,0
4959,23,80,2,1,7,57,0,2,1,2,2,2,1,68,0,1,1,0,1,0,0,1,1,0,1,0,0
4960,18,96,1,1,4,93,1,0,1,2,4,1,0,72,0,1,1,0,0,1,0,1,1,0,0,0,1
4961,14,70,1,2,7,53,0,0,1,1,3,0,1,61,1,0,1,0,0,1,0,1,1,0,1,0,0
4962,19,95,0,0,5,86,1,0,2,1,4,0,1,67,1,0,1,0,0,1,0,1,1,0,1,0,0
4963,22,86,2,1,6,60,2,0,2,2,3,2,0,70,1,0,1,0,1,0,0,1,1,0,0,1,0
4964,16,61,0,1,4,51,0,1,0,1,3,0,0,59,1,0,1,0,0,1,0,1,1,0,0,1,0
4965,19,89,2,1,6,90,2,0,0,2,4,1,1,70,0,1,0,1,0,1,0,1,1,0,1,0,0
4966,14,61,0,1,7,85,2,1,0,1,1,0,0,60,0,1,1,0,1,0,0,1,1,0,0,1,0
4967,27,100,2,1,7,67,1,1,2,2,3,1,1,74,1,0,1,0,1,0,0,1,1,0,0,1,0
4968,18,95,0,2,6,54,2,0,1,2,3,1,1,68,1,0,0,1,0,1,0,1,1,0,1,0,0
4969,29,72,1,1,7,68,0,0,0,1,3,1,0,67,0,1,1,0,1,0,0,1,1,0,0,0,1
4970,29,70,1,0,6,59,2,2,1,1,4,2,2,67,1,0,0,1,1,0,0,1,1,0,0,1,0
4971,20,75,0,1,7,97,2,0,1,1,2,1,0,66,0,1,1,0,0,1,0,1,1,0,0,1,0
4972,14,74,1,1,7,76,2,1,0,2,2,0,2,63,0,1,1,0,1,0,0,1,1,0,0,1,0
4973,7,75,1,1,7,98,0,1,0,2,3,1,0,62,1,0,1,0,1,0,1,0,1,0,0,0,1
4974,11,73,2,0,7,68,2,3,0,2,3,1,1,64,0,1,0,1,0,1,0,1,1,0,0,1,0
4975,12,85,1,1,6,78,2,3,1,1,4,1,0,68,1,0,1,0,0,1,0,1,1,0,0,1,0
4976,28,67,1,1,8,60,2,0,1,1,3,0,1,65,0,1,1,0,1,0,0,1,1,0,0,0,1
4977,21,94,1,0,8,90,0,1,1,1,4,2,0,71,0,1,1,0,0,1,0,1,1,0,0,0,1
4978,22,92,1,1,7,52,0,1,1,1,3,2,0,68,0,1,0,1,0,1,1,0,1,0,1,0,0
4979,7,79,0,2,9,85,1,0,1,1,2,0,0,62,1,0,1,0,0,1,0,1,1,0,1,0,0
4980,13,94,2,2,7,70,1,1,1,1,3,0,1,68,1,0,0,1,0,1,0,1,1,0,1,0,0
4981,25,70,1,1,7,79,0,3,2,1,3,0,0,68,1,0,1,0,0,1,0,1,1,0,0,1,0
4982,22,61,2,1,7,80,2,3,1,2,3,2,1,67,1,0,1,0,0,1,0,1,1,0,0,1,0
4983,19,85,1,1,7,86,1,0,0,1,2,1,1,67,0,1,1,0,0,1,0,1,1,0,0,0,1
4984,23,78,2,2,6,60,1,2,2,2,4,0,2,70,1,0,1,0,0,1,0,1,1,0,0,0,1
4985,30,83,0,1,4,77,1,0,0,1,4,0,0,69,0,1,1,0,0,1,0,1,1,0,0,1,0
4986,19,96,0,1,7,71,1,2,0,2,3,2,1,70,1,0,0,1,1,0,0,1,1,0,0,0,1
4987,20,99,1,0,8,64,0,1,2,1,2,0,0,69,1,0,1,0,1,0,0,1,1,0,0,0,1
4988,21,85,2,1,5,75,0,1,2,2,2,0,1,70,0,1,1,0,0,1,0,1,1,0,0,0,1
4989,34,91,1,0,9,98,1,0,1,1,4,0,1,72,1,0,1,0,1,0,0,1,1,0,0,1,0
4990,7,63,0,1,5,97,1,1,0,1,2,0,0,59,0,1,1,0,1,0,0,1,1,0,0,1,0
4991,24,66,1,1,6,64,1,0,1,2,4,0,0,64,1,0,1,0,1,0,1,0,1,0,0,1,0
4992,19,89,2,2,10,94,1,0,2,1,1,1,0,72,0,1,0,1,0,1,0,1,1,0,0,1,0
4993,23,77,0,2,8,94,1,0,2,1,3,2,0,70,1,0,0,1,0,1,0,1,1,0,0,0,1
4994,16,78,0,2,7,62,1,0,2,2,1,0,2,63,0,1,1,0,1,0,0,1,1,0,1,0,0
4995,20,72,2,1,7,80,1,1,0,2,3,1,0,66,1,0,0,1,0,1,0,1,1,0,1,0,0
4996,24,84,2,2,9,93,1,3,2,1,4,0,2,72,1,0,1,0,1,0,0,1,1,0,0,1,0
4997,39,67,2,2,5,76,1,2,1,1,4,0,0,71,0,1,0,1,0,1,1,0,1,0,1,0,0
4998,25,85,2,2,9,68,1,1,2,1,3,2,2,71,0,1,1,0,1,0,0,1,1,0,1,0,0
4999,15,67,0,1,6,83,0,3,1,0,3,0,1,62,1,0,1,0,0,1,0,1,1,0,0,0,1
5000,17,63,1,1,8,59,1,1,0,2,1,2,1,62,1,0,1,0,0,1,0,1,1,0,0,0,1
5001,17,73,1,0,6,58,1,4,1,1,1,1,0,64,1,0,1,0,1,0,0,1,1,0,0,0,1
5002,9,69,2,2,10,92,1,2,0,1,3,2,0,65,1,0,0,1,0,1,0,1,1,0,0,1,0
5003,18,96,2,0,7,52,0,1,0,1,4,1,0,68,0,1,0,1,0,1,0,1,1,0,0,1,0
5004,24,62,2,1,5,90,0,0,2,1,3,1,0,67,1,0,0,1,0,1,0,1,1,0,0,0,1
5005,12,67,1,1,8,65,0,1,2,1,3,0,1,61,1,0,1,0,0,1,0,1,1,0,0,1,0
5006,26,82,0,0,9,74,2,2,1,1,5,0,1,68,0,1,1,0,0,1,0,1,1,0,1,0,0
5007,23,79,1,2,9,77,1,1,0,2,3,0,0,68,1,0,1,0,1,0,0,1,1,0,0,1,0
5008,16,62,1,1,7,88,1,1,0,2,1,0,0,62,0,1,1,0,1,0,0,1,1,0,0,1,0
5009,19,60,1,0,8,94,2,1,0,0,3,0,0,62,0,1,0,1,1,0,0,1,1,0,0,1,0
5010,30,100,2,2,6,90,0,0,1,0,2,0,0,74,1,0,1,0,0,1,0,1,0,1,0,0,1
5011,24,86,1,1,8,79,1,0,0,1,4,0,0,68,0,1,1,0,0,1,1,0,1,0,0,1,0
5012,20,75,0,2,8,67,1,1,2,0,4,1,1,66,1,0,1,0,1,0,0,1,1,0,0,0,1
5013,19,79,1,1,4,76,2,1,1,1,3,0,0,67,1,0,0,1,1,0,0,1,1,0,0,1,0
5014,20,71,2,1,5,52,2,1,1,2,3,0,1,65,1,0,1,0,1,0,0,1,1,0,0,1,0
5015,17,74,1,1,7,62,1,2,2,1,4,0,0,66,1,0,1,0,0,1,0,1,1,0,0,0,1
5016,7,86,2,1,7,68,1,5,0,1,4,2,1,67,1,0,1,0,1,0,0,1,1,0,0,0,1
5018,21,67,0,2,7,55,2,2,2,2,3,0,1,66,0,1,0,1,0,1,0,1,1,0,0,0,1
5019,22,94,0,0,9,53,2,1,1,2,3,1,0,68,0,1,1,0,1,0,0,1,1,0,0,1,0
5020,20,65,2,1,8,71,0,2,0,1,3,1,0,63,0,1,0,1,0,1,0,1,0,1,0,1,0
5021,16,69,1,2,4,54,1,4,0,0,4,1,0,65,0,1,1,0,0,1,0,1,1,0,0,0,1
5022,19,61,2,1,10,64,1,3,0,1,3,0,1,63,1,0,1,0,1,0,0,1,1,0,0,0,1
5023,10,66,1,1,4,74,0,2,0,1,2,0,1,59,1,0,1,0,1,0,0,1,1,0,1,0,0
5024,34,97,1,1,8,60,1,2,1,1,4,0,0,74,1,0,0,1,1,0,0,1,1,0,0,1,0
5025,13,78,1,0,5,54,0,2,0,2,3,1,0,62,1,0,1,0,0,1,0,1,0,1,0,0,1
5026,14,63,0,0,9,72,1,3,0,0,4,0,0,59,0,1,1,0,0,1,0,1,0,1,0,0,1
5027,17,98,1,2,7,72,2,0,0,1,3,0,0,71,1,0,1,0,0,1,0,1,1,0,0,0,1
5028,28,95,1,1,8,96,1,1,1,1,3,2,1,73,1,0,1,0,1,0,0,1,1,0,0,1,0
5029,20,90,2,1,4,56,1,0,0,2,1,0,1,68,1,0,0,1,0,1,0,1,1,0,0,0,1
5030,13,97,1,1,8,81,1,3,0,1,1,0,2,68,1,0,1,0,0,1,0,1,1,0,0,1,0
5031,28,69,1,1,8,66,1,0,0,1,6,1,2,66,1,0,1,0,0,1,0,1,1,0,0,0,1
5032,24,93,0,2,8,56,1,1,0,1,3,1,1,69,1,0,1,0,0,1,0,1,1,0,0,1,0
5033,23,88,1,1,8,70,1,2,1,2,4,0,0,70,0,1,1,0,1,0,0,1,1,0,0,1,0
5034,24,95,1,2,7,71,2,1,1,2,3,0,0,74,1,0,1,0,0,1,0,1,1,0,0,0,1
5035,34,92,2,1,7,68,0,0,1,2,5,1,0,75,0,1,1,0,1,0,0,1,1,0,0,0,1
5036,33,74,1,1,6,88,1,2,1,1,3,1,0,71,1,0,0,1,0,1,0,1,1,0,0,1,0
5037,16,91,2,2,6,92,0,2,0,2,3,0,1,71,1,0,0,1,0,1,0,1,1,0,0,0,1
5038,30,70,1,1,9,57,1,1,0,1,4,1,2,65,0,1,1,0,1,0,0,1,1,0,1,0,0
5039,22,73,0,1,6,58,2,1,1,1,3,2,1,65,1,0,0,1,1,0,0,1,1,0,0,0,1
5040,23,64,1,2,4,71,0,2,1,1,1,2,0,65,1,0,1,0,1,0,0,1,1,0,1,0,0
5041,10,97,1,1,6,66,1,2,0,1,2,2,0,67,0,1,1,0,1,0,0,1,1,0,0,1,0
5042,19,72,1,1,8,91,2,1,0,1,4,0,1,67,1,0,0,1,0,1,0,1,1,0,0,0,1
5043,15,81,1,1,7,100,1,1,0,1,3,2,1,67,1,0,1,0,0,1,0,1,1,0,0,1,0
5044,25,76,2,2,8,59,1,4,1,1,4,1,0,71,0,1,0,1,0,1,0,1,1,0,0,1,0
5045,26,98,2,0,4,88,0,1,1,2,1,1,1,72,0,1,1,0,1,0,0,1,1,0,0,1,0
5046,8,73,1,2,4,80,0,0,0,2,4,1,1,62,1,0,1,0,0,1,0,1,1,0,0,1,0
5047,20,91,2,0,7,82,1,0,1,1,4,1,0,70,1,0,1,0,0,1,0,1,1,0,0,1,0
5048,27,94,1,2,9,63,2,0,0,1,4,1,0,72,0,1,1,0,1,0,0,1,1,0,0,1,0
5049,19,77,0,1,4,55,1,0,1,0,4,1,1,64,1,0,1,0,0,1,0,1,1,0,0,0,1
5050,24,75,2,0,8,77,2,1,0,1,1,1,1,66,1,0,0,1,0,1,0,1,1,0,1,0,0
5051,22,90,0,1,9,81,1,0,1,1,4,0,0,69,1,0,1,0,0,1,0,1,1,0,0,1,0
5052,22,97,2,1,7,98,2,0,1,1,0,1,1,71,0,1,1,0,1,0,0,1,1,0,1,0,0
5053,18,90,1,0,8,84,2,2,0,2,3,0,1,68,1,0,0,1,1,0,0,1,1,0,0,0,1
5054,13,69,1,1,7,72,0,2,2,1,2,0,1,63,0,1,1,0,0,1,0,1,1,0,0,0,1
5055,13,96,1,2,7,100,1,4,1,2,3,0,0,71,1,0,1,0,0,1,1,0,1,0,1,0,0
5056,24,76,2,0,8,69,0,3,0,1,1,0,0,65,1,0,0,1,0,1,0,1,1,0,1,0,0
5057,20,83,0,2,10,58,1,0,0,2,1,0,0,66,0,1,1,0,0,1,0,1,1,0,0,1,0
5058,19,93,0,0,6,81,1,2,2,1,3,1,1,68,0,1,0,1,0,1,0,1,0,1,0,0,1
5059,17,68,1,1,7,63,1,0,0,1,3,0,1,61,1,0,1,0,0,1,1,0,1,0,0,1,0
5060,18,91,0,2,6,96,1,2,0,1,3,2,0,71,1,0,0,1,1,0,0,1,1,0,0,0,1
5061,26,84,1,2,7,71,1,0,1,1,2,0,0,70,0,1,1,0,0,1,0,1,1,0,0,1,0
5062,18,96,2,0,7,57,0,1,0,1,3,0,1,66,0,1,1,0,1,0,0,1,1,0,1,0,0
5063,12,67,2,1,9,57,0,0,0,1,2,1,1,61,1,0,0,1,0,1,0,1,1,0,0,0,1
5064,24,77,2,0,9,82,0,1,1,1,2,0,0,67,1,0,0,1,0,1,0,1,1,0,0,1,0
5065,19,93,2,1,8,68,1,1,2,2,3,2,0,72,0,1,1,0,0,1,0,1,1,0,0,0,1
5066,20,61,2,2,9,68,1,1,2,0,3,0,0,65,0,1,0,1,1,0,0,1,1,0,0,0,1
5067,30,64,2,1,6,81,0,3,1,1,2,1,0,68,0,1,1,0,1,0,0,1,1,0,1,0,0
5068,20,100,0,1,6,61,2,3,1,1,4,1,2,70,1,0,1,0,0,1,1,0,1,0,0,0,1
5069,22,71,1,0,8,57,1,1,0,2,4,0,1,63,1,0,1,0,0,1,0,1,1,0,1,0,0
5070,13,99,2,0,7,83,1,1,1,1,4,2,2,69,0,1,1,0,1,0,0,1,1,0,0,1,0
5071,19,67,1,0,10,50,1,0,2,1,3,0,0,62,1,0,1,0,1,0,0,1,1,0,0,0,1
5072,24,74,2,2,4,95,2,1,2,1,4,2,1,71,0,1,1,0,1,0,0,1,1,0,0,1,0
5073,11,90,0,0,8,59,0,1,0,2,4,0,0,64,1,0,1,0,0,1,0,1,1,0,0,0,1
5074,21,86,2,1,8,72,1,0,2,2,3,0,1,69,1,0,1,0,1,0,0,1,1,0,0,0,1
5075,21,83,1,2,6,61,2,2,0,2,3,2,0,71,1,0,1,0,0,1,0,1,1,0,0,0,1
5076,20,81,0,1,6,61,0,0,0,1,4,0,0,63,0,1,1,0,0,1,1,0,0,1,0,0,1
5077,26,94,0,2,6,92,0,1,0,2,3,0,0,72,0,1,1,0,0,1,0,1,1,0,0,1,0
5078,22,69,1,1,5,79,1,1,0,0,3,1,0,66,1,0,1,0,0,1,0,1,1,0,0,0,1
5079,29,78,2,1,9,66,1,2,0,1,4,0,1,69,1,0,1,0,0,1,0,1,1,0,0,1,0
5080,14,66,1,1,10,63,0,0,0,1,3,0,1,60,1,0,1,0,0,1,0,1,1,0,0,0,1
5081,21,84,2,2,6,61,0,1,1,2,4,0,1,68,0,1,0,1,0,1,0,1,1,0,1,0,0
5082,21,70,1,2,6,78,1,3,1,0,2,1,2,65,1,0,1,0,1,0,0,1,1,0,0,1,0
5083,14,73,2,1,5,87,2,2,1,1,4,1,0,67,0,1,1,0,1,0,0,1,1,0,0,0,1
5084,26,79,1,0,5,63,1,0,0,1,2,0,0,66,1,0,1,0,0,1,0,1,1,0,0,0,1
5085,34,61,1,1,6,67,2,1,2,1,2,2,1,68,1,0,0,1,0,1,0,1,1,0,0,1,0
5086,20,64,0,1,9,86,1,0,0,2,4,0,0,63,0,1,0,1,0,1,0,1,1,0,1,0,0
5087,23,87,2,2,10,87,1,1,1,1,3,1,0,73,1,0,0,1,0,1,0,1,1,0,0,0,1
5088,21,77,1,1,6,60,1,1,1,1,3,1,1,66,1,0,0,1,0,1,0,1,1,0,0,1,0
5089,16,95,0,1,6,69,0,2,0,2,3,1,0,67,1,0,1,0,0,1,0,1,0,1,0,1,0
5090,9,88,0,1,5,93,0,2,1,1,4,2,0,66,1,0,1,0,0,1,0,1,1,0,0,1,0
5091,16,60,1,0,8,87,0,0,0,0,5,0,0,60,1,0,1,0,1,0,0,1,1,0,0,0,1
5092,12,85,2,2,8,58,0,1,0,2,3,2,0,67,1,0,1,0,1,0,0,1,1,0,0,0,1
5093,30,64,1,1,7,69,1,3,2,0,4,0,0,67,0,1,1,0,1,0,0,1,1,0,1,0,0
5094,19,91,1,1,6,99,2,0,1,1,2,0,0,70,0,1,1,0,0,1,0,1,1,0,0,1,0
5095,18,100,2,0,9,76,0,1,0,1,2,0,0,69,0,1,1,0,1,0,0,1,1,0,0,0,1
5096,25,81,1,0,8,86,1,1,0,1,3,2,0,68,1,0,1,0,0,1,0,1,1,0,1,0,0
5097,13,87,2,0,8,55,2,1,2,2,3,0,0,67,0,1,0,1,0,1,0,1,1,0,0,0,1
5098,15,69,1,2,8,92,0,0,0,1,1,1,1,63,1,0,1,0,1,0,0,1,1,0,0,1,0
5099,20,78,2,1,7,80,2,2,2,1,3,1,0,70,1,0,1,0,1,0,0,1,1,0,0,0,1
5100,26,94,0,1,6,59,2,4,0,1,3,0,0,71,0,1,1,0,1,0,0,1,1,0,0,1,0
5101,23,67,2,2,8,69,0,1,2,1,2,0,0,67,0,1,1,0,0,1,0,1,1,0,0,1,0
5102,21,71,1,1,8,54,2,1,1,1,3,0,0,64,1,0,0,1,1,0,0,1,1,0,0,1,0
5103,20,78,0,1,8,89,2,0,1,1,4,1,0,66,0,1,0,1,1,0,1,0,1,0,0,1,0
5104,22,88,1,1,5,87,0,1,0,2,3,2,0,70,1,0,1,0,0,1,0,1,1,0,0,1,0
5105,21,75,1,0,8,75,2,1,1,1,2,0,1,65,1,0,0,1,0,1,0,1,1,0,1,0,0
5106,14,97,0,1,7,73,1,2,1,0,3,1,1,68,1,0,1,0,0,1,0,1,1,0,0,0,1
5107,20,64,1,0,6,73,2,3,1,2,5,2,2,65,0,1,1,0,0,1,0,1,1,0,1,0,0
5108,14,75,2,1,8,52,1,3,1,1,1,2,0,65,1,0,1,0,1,0,0,1,1,0,0,1,0
5109,20,88,1,1,7,68,1,0,0,2,4,1,0,69,0,1,1,0,0,1,0,1,1,0,0,0,1
5110,17,69,1,1,10,56,1,1,1,1,4,0,0,63,0,1,1,0,1,0,0,1,1,0,0,1,0
5111,35,86,0,1,8,59,1,2,0,0,2,1,1,70,0,1,1,0,1,0,0,1,1,0,0,0,1
5112,20,67,0,0,7,98,1,1,1,1,4,1,0,64,1,0,1,0,0,1,0,1,1,0,0,1,0
5113,12,62,1,2,7,63,2,1,2,1,4,0,0,62,0,1,1,0,0,1,0,1,1,0,0,1,0
5114,19,65,2,2,5,74,1,1,0,1,3,0,0,66,0,1,0,1,0,1,0,1,1,0,0,0,1
5115,23,97,2,0,9,94,2,2,0,1,3,0,1,73,1,0,1,0,0,1,0,1,1,0,0,0,1
5116,30,82,1,2,7,71,1,3,0,2,3,2,2,72,0,1,1,0,0,1,0,1,1,0,0,1,0
5117,16,92,1,1,7,76,2,0,2,1,2,2,2,68,1,0,0,1,0,1,1,0,1,0,0,1,0
5118,11,73,1,2,5,58,1,0,1,1,4,1,0,62,1,0,0,1,1,0,1,0,1,0,0,0,1
5119,25,84,1,0,8,64,1,2,0,1,4,0,0,67,1,0,0,1,1,0,0,1,1,0,0,1,0
5120,12,80,1,0,6,75,1,1,0,2,4,0,1,62,1,0,1,0,1,0,0,1,1,0,1,0,0
5121,17,98,2,2,6,68,1,2,1,1,3,0,0,72,1,0,1,0,1,0,0,1,1,0,0,0,1
5122,18,90,0,2,7,52,2,2,1,2,2,0,0,67,1,0,1,0,1,0,0,1,1,0,1,0,0
5123,20,89,2,1,6,70,0,1,0,1,3,0,1,68,0,1,0,1,0,1,0,1,1,0,0,0,1
5124,24,62,0,2,6,91,1,2,1,1,3,0,1,65,0,1,1,0,0,1,0,1,1,0,0,1,0
5126,18,79,2,0,9,51,2,2,1,1,3,0,0,66,1,0,0,1,1,0,0,1,1,0,0,0,1
5127,20,97,1,1,8,56,0,1,0,1,2,0,0,68,0,1,0,1,0,1,0,1,1,0,0,1,0
5128,21,70,0,0,8,84,1,1,2,2,3,2,0,65,1,0,1,0,0,1,0,1,0,1,0,0,1
5129,21,71,1,2,8,90,1,3,0,1,4,0,1,67,0,1,1,0,0,1,0,1,1,0,0,1,0
5130,23,76,1,2,6,52,0,3,1,1,4,1,1,67,1,0,1,0,0,1,0,1,1,0,0,1,0
5131,25,70,0,1,9,94,1,1,1,1,4,0,1,67,1,0,1,0,0,1,0,1,1,0,0,1,0
5132,22,65,1,1,4,81,2,5,1,1,4,1,2,68,0,1,1,0,0,1,0,1,1,0,0,0,1
5133,23,94,1,2,8,76,0,3,1,1,3,0,1,72,1,0,1,0,1,0,0,1,1,0,0,0,1
5134,11,82,2,1,8,63,2,1,1,1,5,0,0,65,1,0,1,0,1,0,0,1,1,0,0,1,0
5135,20,94,0,1,7,69,0,0,0,1,3,0,1,65,0,1,1,0,1,0,0,1,0,1,0,0,1
5136,23,93,1,1,6,97,0,1,1,1,2,1,1,70,1,0,1,0,0,1,1,0,1,0,0,0,1
5137,24,71,1,1,7,96,1,2,0,1,2,0,0,67,1,0,1,0,0,1,0,1,1,0,1,0,0
5138,16,82,1,2,6,81,1,1,1,1,4,1,0,68,1,0,0,1,0,1,0,1,1,0,0,1,0
5139,16,63,1,1,8,79,1,2,0,2,3,1,1,63,1,0,1,0,1,0,0,1,1,0,0,0,1
5140,17,97,1,1,8,61,0,2,0,1,2,0,0,68,1,0,1,0,0,1,0,1,1,0,0,1,0
5141,23,76,1,2,8,98,1,0,1,0,2,2,1,69,0,1,1,0,0,1,0,1,1,0,0,1,0
5142,26,76,0,0,8,88,0,2,0,0,4,0,0,66,1,0,1,0,0,1,0,1,1,0,0,0,1
5143,18,72,2,1,8,69,2,2,2,1,4,0,2,64,0,1,1,0,0,1,1,0,0,1,0,1,0
5144,25,78,2,0,8,91,1,3,0,1,4,0,0,69,1,0,1,0,0,1,0,1,1,0,1,0,0
5145,21,70,0,1,6,61,1,1,0,1,3,0,0,62,1,0,1,0,1,0,0,1,1,0,0,1,0
5146,19,75,1,2,5,61,2,0,1,1,3,0,0,65,0,1,1,0,0,1,0,1,1,0,1,0,0
5147,19,92,1,1,7,90,1,1,0,2,2,0,0,70,0,1,1,0,0,1,0,1,1,0,0,0,1
5148,24,93,0,2,8,78,1,1,2,1,4,0,0,72,0,1,1,0,0,1,0,1,1,0,0,1,0
5149,22,72,1,1,5,78,2,1,0,2,3,0,0,66,0,1,1,0,1,0,0,1,1,0,0,0,1
5150,34,79,2,0,7,79,0,3,1,2,2,0,1,70,1,0,0,1,0,1,0,1,0,1,1,0,0
5151,15,95,1,1,9,56,1,3,0,2,1,0,0,67,1,0,1,0,1,0,1,0,1,0,0,0,1
5152,23,62,2,2,7,67,0,1,0,1,4,2,1,65,0,1,1,0,0,1,0,1,1,0,1,0,0
5153,17,96,1,0,9,79,0,3,1,1,2,2,1,68,1,0,0,1,0,1,1,0,1,0,0,1,0
5154,15,69,0,1,9,62,0,2,1,2,3,0,1,62,1,0,1,0,0,1,0,1,1,0,0,1,0
5155,20,87,0,1,7,75,2,1,0,1,3,2,0,68,1,0,1,0,0,1,0,1,1,0,1,0,0
5156,21,83,2,1,6,78,1,2,2,2,3,0,0,69,0,1,1,0,1,0,0,1,0,1,0,0,1
5157,38,82,1,0,6,97,0,2,0,1,3,1,0,72,1,0,0,1,1,0,0,1,1,0,1,0,0
5158,19,94,0,1,7,62,1,0,1,1,3,0,1,65,1,0,1,0,1,0,0,1,0,1,1,0,0
5159,13,64,1,2,5,72,1,2,1,1,2,2,1,63,1,0,0,1,0,1,0,1,1,0,0,1,0
5160,22,74,2,2,5,99,1,0,0,1,2,1,0,68,0,1,1,0,0,1,0,1,1,0,0,1,0
5161,8,82,2,0,4,59,1,1,1,1,2,1,0,62,1,0,1,0,1,0,0,1,1,0,0,1,0
5162,19,92,1,1,7,89,1,0,0,2,2,2,0,69,1,0,0,1,0,1,1,0,1,0,0,1,0
5163,20,69,1,0,10,59,1,2,2,2,4,0,0,65,0,1,1,0,1,0,0,1,1,0,0,0,1
5164,25,92,2,1,4,93,2,3,2,1,2,0,0,74,0,1,1,0,1,0,0,1,1,0,0,1,0
5165,26,76,2,0,7,74,1,4,1,2,3,0,1,70,0,1,1,0,0,1,0,1,1,0,0,0,1
5166,17,68,1,0,7,99,2,2,1,1,3,0,0,65,0,1,1,0,0,1,0,1,1,0,0,0,1
5167,19,90,2,2,7,59,0,3,2,1,3,1,1,70,1,0,1,0,1,0,0,1,1,0,0,1,0
5168,15,64,0,0,9,84,0,0,1,1,3,1,2,59,1,0,1,0,0,1,0,1,1,0,0,1,0
5169,13,81,0,1,6,85,0,1,0,1,3,0,1,63,1,0,0,1,0,1,0,1,1,0,0,1,0
5170,22,63,0,2,4,86,0,0,0,2,4,1,0,64,0,1,1,0,0,1,0,1,1,0,0,1,0
5171,12,74,0,2,6,55,2,0,1,0,3,2,0,63,1,0,1,0,0,1,0,1,1,0,0,0,1
5172,18,84,2,0,6,64,1,2,0,2,2,0,0,67,0,1,1,0,1,0,0,1,1,0,0,0,1
5173,14,82,1,1,4,67,1,1,2,1,4,0,1,65,0,1,1,0,0,1,0,1,1,0,0,1,0
5174,23,76,1,1,7,66,1,2,1,1,3,1,0,67,1,0,1,0,1,0,0,1,1,0,0,1,0
5175,31,77,2,1,5,84,1,2,2,2,5,0,0,73,1,0,1,0,1,0,0,1,1,0,0,0,1
5176,12,69,2,2,7,53,0,2,0,2,3,1,0,64,1,0,1,0,0,1,0,1,1,0,0,1,0
5177,9,78,0,2,6,87,1,0,1,2,3,2,0,65,1,0,0,1,1,0,0,1,1,0,0,0,1
5178,19,98,1,2,5,76,1,2,1,1,3,0,1,72,1,0,0,1,0,1,0,1,1,0,0,0,1
5179,20,94,2,1,8,59,2,3,1,1,4,0,0,72,0,1,1,0,1,0,0,1,1,0,0,0,1
5180,21,66,2,1,7,61,1,2,2,2,2,1,0,66,1,0,1,0,1,0,0,1,1,0,0,1,0
5181,17,61,2,1,7,55,2,1,1,1,2,1,0,62,1,0,0,1,0,1,0,1,0,1,1,0,0
5182,19,97,0,1,8,73,1,2,1,1,1,1,0,68,1,0,0,1,1,0,0,1,1,0,1,0,0
5183,22,81,1,0,7,80,0,1,1,1,3,1,1,67,0,1,1,0,0,1,0,1,1,0,0,0,1
5184,26,82,2,0,7,79,1,1,1,1,2,2,0,69,0,1,1,0,1,0,0,1,0,1,0,0,1
5185,8,91,2,0,6,98,1,1,1,1,3,0,0,67,0,1,0,1,1,0,0,1,1,0,0,0,1
5186,18,73,1,1,5,65,1,1,0,2,3,1,1,63,0,1,1,0,1,0,0,1,1,0,1,0,0
5187,21,79,0,1,7,88,0,0,0,1,4,0,1,65,1,0,0,1,0,1,0,1,1,0,1,0,0
5188,14,99,2,1,6,86,0,2,2,2,4,1,0,71,1,0,0,1,1,0,0,1,1,0,1,0,0
5189,30,87,1,1,8,53,0,1,0,2,1,2,0,70,1,0,0,1,1,0,0,1,1,0,0,1,0
5190,16,66,1,1,7,97,1,5,0,2,3,2,0,68,1,0,1,0,0,1,0,1,1,0,0,0,1
5191,20,65,1,1,8,97,2,0,0,1,3,1,0,65,0,1,1,0,0,1,0,1,1,0,1,0,0
5192,23,68,1,2,6,70,1,4,1,1,2,0,0,68,1,0,1,0,0,1,0,1,1,0,0,0,1
5193,16,91,1,1,5,71,1,2,2,1,3,1,0,69,1,0,1,0,0,1,0,1,1,0,1,0,0
5194,9,72,1,2,10,91,1,1,2,1,2,0,2,62,0,1,1,0,0,1,1,0,1,0,0,1,0
5195,17,61,0,2,7,75,1,2,1,2,4,1,0,62,0,1,1,0,0,1,1,0,1,0,1,0,0
5196,26,98,2,0,8,90,0,1,2,0,2,2,1,72,0,1,1,0,1,0,0,1,0,1,0,0,1
5197,18,67,2,1,5,52,2,0,1,1,4,2,1,64,1,0,0,1,1,0,0,1,1,0,0,1,0
5199,26,69,2,1,9,55,0,1,0,1,3,1,0,66,1,0,1,0,1,0,0,1,1,0,0,1,0
5200,18,69,1,0,5,73,0,1,0,2,4,2,1,64,1,0,1,0,0,1,0,1,1,0,0,0,1
5201,17,77,1,2,10,93,0,3,2,2,1,1,2,68,0,1,0,1,0,1,0,1,1,0,0,0,1
5202,21,97,0,0,7,78,1,0,2,1,3,2,0,69,0,1,1,0,1,0,0,1,1,0,0,1,0
5203,25,95,0,2,6,76,1,1,0,1,5,0,0,71,1,0,1,0,1,0,0,1,1,0,0,0,1
5204,34,78,1,2,8,68,1,1,1,1,2,1,0,71,1,0,1,0,0,1,0,1,1,0,1,0,0
5205,25,76,1,1,9,53,1,0,2,2,3,0,1,67,1,0,0,1,0,1,0,1,1,0,0,0,1
5206,27,82,2,0,6,88,1,2,2,2,3,0,0,71,1,0,0,1,0,1,0,1,1,0,0,1,0
5207,17,70,1,1,6,79,0,2,1,1,3,0,0,64,0,1,1,0,0,1,0,1,1,0,0,0,1
5208,14,62,1,1,7,97,2,0,1,1,1,0,1,62,1,0,1,0,0,1,0,1,1,0,0,0,1
5209,20,98,1,1,8,72,1,1,2,1,4,0,0,70,0,1,1,0,1,0,0,1,1,0,1,0,0
5210,21,67,0,2,7,70,0,2,0,1,2,2,1,63,0,1,0,1,1,0,0,1,1,0,1,0,0
5211,14,68,2,1,8,99,2,0,2,1,3,0,0,66,0,1,1,0,0,1,0,1,1,0,0,0,1
5212,19,79,1,1,8,57,0,2,0,0,3,0,1,65,1,0,1,0,0,1,0,1,1,0,0,0,1
5213,22,80,1,2,7,63,1,1,2,1,3,1,0,69,1,0,1,0,1,0,0,1,1,0,0,0,1
5214,22,61,2,0,6,74,1,1,0,1,3,0,0,63,1,0,1,0,0,1,0,1,1,0,1,0,0
5215,23,66,1,1,7,76,0,1,2,1,2,1,1,64,1,0,1,0,1,0,0,1,1,0,0,1,0
5216,22,75,1,1,10,77,2,2,0,0,2,0,0,66,1,0,1,0,0,1,0,1,1,0,0,1,0
5217,17,87,1,1,7,61,1,4,2,1,3,0,0,67,0,1,1,0,0,1,0,1,0,1,1,0,0
5218,17,69,2,2,9,96,1,2,0,1,3,1,2,66,1,0,1,0,0,1,0,1,1,0,1,0,0
5219,13,77,0,2,6,85,0,2,0,1,4,2,0,65,0,1,1,0,1,0,0,1,1,0,0,1,0
5220,31,82,2,1,7,63,1,2,2,1,2,2,1,72,1,0,0,1,0,1,1,0,1,0,0,0,1
5221,20,96,2,1,8,65,2,0,1,0,2,0,0,70,0,1,1,0,0,1,0,1,1,0,0,1,0
5222,19,73,1,1,9,94,1,1,2,0,1,1,0,67,0,1,1,0,0,1,0,1,1,0,0,0,1
5223,14,65,1,2,9,69,0,4,1,1,3,1,0,64,1,0,1,0,1,0,0,1,1,0,0,1,0
5224,38,80,2,1,5,78,1,1,0,1,4,1,2,72,0,1,1,0,1,0,0,1,1,0,0,0,1
5225,14,90,1,1,9,56,1,0,0,1,4,0,0,65,0,1,1,0,0,1,0,1,1,0,0,1,0
5226,17,64,2,0,10,63,1,0,2,1,3,0,1,62,0,1,1,0,0,1,0,1,1,0,0,0,1
5227,22,77,1,2,6,71,2,3,0,1,4,0,2,67,0,1,1,0,1,0,0,1,1,0,1,0,0
5228,24,61,1,1,6,83,2,0,1,1,3,0,0,64,1,0,1,0,1,0,0,1,0,1,0,0,1
5229,26,61,1,1,7,64,0,0,1,1,3,2,0,63,1,0,0,1,1,0,0,1,1,0,1,0,0
5230,31,79,1,2,7,98,1,1,1,2,2,1,1,72,1,0,1,0,1,0,0,1,1,0,0,1,0
5231,23,72,0,1,6,61,2,1,2,1,5,0,0,66,1,0,1,0,1,0,0,1,1,0,0,0,1
5232,14,94,2,1,5,89,1,0,1,1,1,2,0,70,0,1,1,0,0,1,0,1,1,0,0,0,1
5233,18,84,1,0,9,68,0,0,1,2,2,2,0,66,0,1,0,1,0,1,0,1,1,0,1,0,0
5234,22,78,2,2,6,92,0,1,2,2,3,0,1,70,1,0,1,0,1,0,0,1,1,0,0,0,1
5235,32,76,0,0,6,96,0,0,0,2,2,0,1,67,0,1,1,0,0,1,0,1,1,0,0,1,0
5236,12,80,1,1,7,59,2,1,0,2,2,0,0,64,0,1,1,0,0,1,0,1,1,0,0,0,1
5237,27,62,2,1,5,75,1,2,1,2,2,0,0,67,1,0,1,0,1,0,0,1,1,0,0,0,1
5238,21,96,2,2,5,58,1,0,2,2,4,1,2,72,1,0,1,0,0,1,0,1,1,0,0,1,0
5239,25,100,2,0,6,85,0,1,1,1,3,0,0,72,1,0,1,0,1,0,0,1,1,0,0,0,1
5240,19,67,2,1,8,92,0,2,2,1,5,2,1,68,0,1,1,0,0,1,0,1,1,0,0,1,0
5241,15,65,1,1,7,69,1,1,2,1,3,2,0,64,0,1,1,0,0,1,0,1,1,0,0,1,0
5242,25,66,2,1,4,70,1,1,2,1,3,0,1,66,1,0,1,0,0,1,1,0,1,0,0,0,1
5243,24,86,0,2,9,60,1,0,0,2,3,1,2,68,1,0,0,1,1,0,0,1,1,0,0,0,1
5244,26,86,0,0,8,65,0,0,0,2,4,0,0,66,0,1,1,0,1,0,0,1,1,0,0,1,0
5245,20,94,0,2,7,66,2,1,0,2,1,0,0,70,0,1,0,1,0,1,0,1,1,0,0,0,1
5246,16,90,2,2,7,58,2,1,0,1,4,2,0,70,0,1,1,0,0,1,0,1,1,0,0,1,0
5247,11,78,0,2,8,65,1,0,1,1,2,0,0,62,0,1,0,1,0,1,0,1,1,0,0,1,0
5248,25,85,0,1,10,95,1,0,1,0,1,1,0,69,1,0,1,0,0,1,0,1,1,0,0,0,1
5249,23,88,1,1,8,66,0,2,1,2,2,1,1,69,1,0,0,1,0,1,0,1,1,0,0,0,1
5250,14,81,1,1,7,64,1,2,1,1,4,1,0,66,1,0,1,0,0,1,0,1,0,1,0,0,1
5251,17,79,2,2,5,69,1,4,0,1,3,2,0,68,0,1,1,0,1,0,0,1,1,0,1,0,0
5252,17,86,1,2,7,98,1,2,0,2,5,2,1,71,1,0,1,0,1,0,0,1,1,0,0,0,1
5253,11,82,1,1,8,88,1,1,0,1,2,2,1,64,0,1,0,1,0,1,1,0,1,0,1,0,0
5254,15,86,0,2,7,60,1,2,1,1,3,1,0,67,1,0,1,0,1,0,0,1,1,0,0,0,1
5255,13,85,1,2,6,88,1,2,1,2,3,0,1,68,0,1,1,0,0,1,0,1,1,0,0,0,1
5256,18,89,0,2,8,88,0,0,2,1,1,0,1,67,1,0,1,0,0,1,0,1,1,0,1,0,0
5257,16,86,1,1,6,98,2,1,0,1,3,2,0,68,1,0,1,0,1,0,0,1,1,0,0,1,0
5258,10,81,1,2,8,95,1,5,0,2,3,0,0,69,0,1,1,0,0,1,0,1,1,0,0,0,1
5259,32,87,1,2,6,55,1,0,0,2,3,0,0,71,1,0,1,0,0,1,0,1,1,0,0,1,0
5260,28,78,2,0,4,73,0,3,0,1,4,0,1,68,0,1,0,1,0,1,1,0,1,0,0,0,1
5261,15,70,2,2,6,85,2,0,0,1,2,1,1,65,1,0,0,1,1,0,0,1,1,0,0,0,1
5262,22,60,0,1,7,99,1,1,0,2,3,1,1,63,1,0,1,0,1,0,0,1,1,0,0,1,0
5263,23,82,0,1,8,54,1,0,1,2,1,0,0,65,0,1,1,0,0,1,0,1,1,0,1,0,0
5264,27,84,2,2,8,68,0,3,0,2,2,2,0,72,0,1,0,1,1,0,0,1,0,1,0,0,1
5265,15,99,0,1,5,75,0,2,1,0,1,1,1,67,1,0,1,0,0,1,0,1,1,0,0,1,0
5266,27,74,1,2,7,71,1,1,1,1,3,0,0,69,0,1,1,0,1,0,0,1,1,0,0,0,1
5267,17,76,1,1,6,73,1,3,0,2,3,2,0,67,1,0,0,1,1,0,0,1,1,0,0,1,0
5268,12,68,2,1,6,68,0,2,1,1,4,1,0,64,1,0,1,0,0,1,0,1,1,0,0,0,1
5269,24,63,1,0,6,99,0,0,0,1,3,0,1,62,0,1,1,0,1,0,1,0,1,0,0,0,1
5270,28,91,0,1,7,90,1,2,2,0,3,0,0,71,1,0,0,1,1,0,0,1,1,0,0,1,0
5271,36,70,0,2,10,87,1,2,0,1,3,0,0,70,1,0,1,0,1,0,0,1,1,0,0,0,1
5272,13,84,0,1,10,71,0,1,1,2,3,1,1,64,1,0,1,0,1,0,0,1,1,0,0,1,0
5273,24,88,1,1,6,94,1,0,0,1,2,2,1,69,1,0,0,1,0,1,0,1,1,0,1,0,0
5274,18,79,1,1,7,55,1,1,0,2,3,0,1,65,0,1,1,0,0,1,0,1,1,0,0,0,1
5275,25,95,2,2,7,57,1,2,2,1,2,1,1,73,0,1,0,1,0,1,0,1,1,0,1,0,0
5276,11,78,1,0,7,98,0,2,1,1,3,0,0,64,0,1,1,0,0,1,0,1,1,0,0,1,0
5277,12,71,1,2,8,78,0,2,1,1,2,2,0,64,0,1,1,0,0,1,0,1,1,0,1,0,0
5278,15,96,1,1,7,58,1,3,1,1,4,2,1,70,1,0,1,0,0,1,0,1,1,0,0,1,0
5279,20,94,0,0,6,97,0,2,1,1,5,1,0,70,1,0,1,0,0,1,0,1,1,0,0,0,1
5280,16,67,2,2,9,99,1,2,1,1,2,0,1,64,1,0,1,0,1,0,0,1,0,1,0,1,0
5281,24,61,0,1,5,94,1,3,1,2,2,1,1,64,0,1,0,1,1,0,0,1,0,1,0,1,0
5282,26,64,1,1,7,62,2,3,1,2,2,0,0,66,1,0,0,1,0,1,0,1,1,0,1,0,0
5283,24,71,0,2,5,64,1,1,1,1,3,1,0,66,1,0,1,0,0,1,0,1,1,0,0,1,0
5284,30,99,1,1,5,70,0,2,1,1,4,0,0,74,0,1,1,0,0,1,0,1,1,0,0,1,0
5285,22,82,2,2,8,79,1,2,1,1,1,1,0,69,0,1,1,0,1,0,1,0,1,0,1,0,0
5286,13,75,0,2,6,100,2,1,1,1,3,2,0,67,1,0,1,0,0,1,0,1,1,0,0,0,1
5287,28,96,1,1,4,98,2,5,0,1,5,0,2,73,1,0,1,0,1,0,0,1,0,1,0,1,0
5288,16,78,0,1,6,96,2,0,1,1,1,2,0,66,0,1,1,0,1,0,0,1,1,0,0,0,1
5289,25,73,2,1,6,54,2,2,1,1,4,0,1,67,0,1,1,0,1,0,0,1,1,0,0,1,0
5290,29,98,1,2,5,88,0,3,0,1,2,1,0,75,1,0,1,0,0,1,0,1,1,0,0,1,0
5291,23,94,1,2,8,94,0,2,1,2,2,0,0,73,1,0,1,0,0,1,0,1,1,0,0,0,1
5292,11,94,1,1,5,67,1,2,2,1,5,0,0,67,0,1,1,0,1,0,0,1,1,0,0,1,0
5293,14,80,2,0,6,61,1,0,1,2,4,1,1,65,0,1,1,0,0,1,0,1,1,0,0,1,0
5294,28,92,1,1,7,87,0,1,0,0,1,0,0,71,0,1,1,0,0,1,0,1,1,0,0,0,1
5295,19,67,1,1,6,55,0,1,1,1,4,0,0,63,1,0,1,0,0,1,0,1,1,0,0,1,0
5296,20,83,1,0,6,97,2,2,0,2,4,0,1,68,0,1,1,0,0,1,0,1,1,0,0,1,0
5297,25,99,1,2,6,58,2,0,1,1,4,0,0,72,1,0,0,1,1,0,0,1,1,0,0,0,1
5298,24,72,0,2,5,73,0,2,1,2,2,0,0,67,1,0,1,0,0,1,0,1,1,0,0,0,1
5299,22,92,1,2,6,99,0,1,1,1,4,1,0,71,0,1,1,0,1,0,0,1,1,0,1,0,0
5300,19,80,0,0,8,99,2,1,0,1,4,2,0,67,1,0,1,0,1,0,0,1,1,0,0,0,1
5301,18,62,1,2,6,89,1,0,2,2,3,2,0,66,0,1,0,1,0,1,0,1,1,0,0,0,1
5302,25,91,1,2,7,92,1,3,0,1,5,0,0,72,1,0,1,0,1,0,0,1,1,0,1,0,0
5303,23,67,0,0,9,98,1,2,0,2,0,1,0,64,0,1,1,0,1,0,0,1,1,0,1,0,0
5304,18,85,1,1,8,96,1,0,2,2,3,1,1,68,1,0,1,0,1,0,0,1,1,0,1,0,0
5305,26,63,2,2,5,81,1,0,0,1,2,0,1,65,0,1,1,0,1,0,0,1,1,0,1,0,0
5306,19,98,1,2,8,87,2,1,1,1,4,2,1,74,1,0,0,1,0,1,0,1,1,0,0,0,1
5307,15,72,1,0,9,80,1,4,1,2,4,1,1,65,0,1,0,1,0,1,0,1,1,0,0,1,0
5308,15,69,2,0,6,75,1,2,0,2,2,0,0,63,0,1,1,0,0,1,1,0,1,0,0,0,1
5309,14,65,1,1,5,94,1,5,0,1,3,2,1,65,1,0,0,1,0,1,0,1,1,0,1,0,0
5310,18,98,0,2,6,87,1,0,1,1,1,0,0,70,1,0,1,0,0,1,0,1,1,0,0,1,0
5311,27,88,1,2,7,93,1,0,0,1,4,0,1,71,1,0,1,0,0,1,0,1,1,0,0,1,0
5312,15,90,1,1,8,55,1,1,0,1,1,1,0,66,0,1,1,0,0,1,0,1,1,0,0,1,0
5313,21,80,1,1,6,79,0,2,1,2,3,1,0,69,1,0,1,0,0,1,0,1,1,0,0,0,1
5314,16,79,1,2,4,66,2,2,1,1,2,1,1,67,1,0,1,0,0,1,0,1,1,0,0,1,0
5315,18,64,1,2,5,76,0,1,0,1,4,0,1,64,1,0,1,0,0,1,0,1,1,0,0,0,1
5316,11,82,2,2,8,81,2,2,0,2,2,0,1,67,0,1,1,0,1,0,0,1,1,0,0,0,1
5317,19,70,1,2,10,92,1,1,0,2,4,0,0,67,1,0,1,0,0,1,0,1,1,0,0,0,1
5318,19,99,2,1,7,52,1,1,1,1,4,0,0,70,1,0,1,0,1,0,0,1,1,0,0,1,0
5319,23,92,2,2,9,58,1,2,0,1,1,2,0,71,0,1,0,1,1,0,0,1,1,0,0,1,0
5320,21,77,1,0,5,96,2,2,0,2,5,0,0,68,0,1,0,1,0,1,0,1,1,0,0,1,0
5321,13,66,2,2,6,98,0,1,2,2,2,0,0,65,1,0,1,0,1,0,0,1,1,0,0,0,1
5322,27,91,1,1,4,53,1,1,0,1,3,2,0,70,0,1,0,1,1,0,0,1,1,0,0,0,1
5323,21,65,1,2,8,67,0,1,0,1,4,0,0,64,0,1,1,0,0,1,1,0,1,0,0,0,1
5324,21,68,2,2,6,50,2,3,1,0,4,0,0,67,1,0,0,1,0,1,0,1,1,0,0,1,0
5325,20,68,0,0,8,88,1,5,0,0,3,0,1,63,1,0,0,1,1,0,0,1,1,0,0,1,0
5326,17,82,1,0,6,84,2,2,0,0,3,0,1,65,0,1,1,0,0,1,0,1,1,0,1,0,0
5327,21,91,1,1,10,78,2,2,0,2,2,0,0,70,1,0,1,0,0,1,0,1,1,0,1,0,0
5328,23,73,1,2,10,85,1,1,0,1,3,1,0,67,1,0,1,0,1,0,0,1,1,0,0,1,0
5329,10,63,1,2,4,77,0,3,0,1,3,0,0,60,1,0,0,1,1,0,1,0,1,0,0,1,0
5330,17,79,0,2,8,62,0,1,0,1,3,0,0,64,0,1,1,0,1,0,0,1,1,0,0,1,0
5331,18,90,0,1,6,88,0,1,1,1,1,0,1,65,0,1,0,1,1,0,0,1,1,0,1,0,0
5332,22,69,1,1,8,89,0,0,0,2,5,0,1,64,0,1,1,0,1,0,1,0,1,0,0,0,1
5333,27,69,1,0,5,93,1,1,1,1,4,1,1,67,1,0,1,0,0,1,0,1,1,0,0,0,1
5334,15,98,1,1,9,98,2,0,1,1,3,0,0,71,0,1,0,1,0,1,0,1,1,0,0,0,1
5335,17,98,1,1,9,87,0,0,2,1,3,0,1,69,0,1,0,1,1,0,0,1,1,0,0,0,1
5336,17,100,1,2,5,53,0,1,1,2,4,0,0,70,1,0,1,0,0,1,0,1,1,0,0,0,1
5337,15,92,1,1,7,51,1,1,2,2,3,1,0,69,0,1,1,0,0,1,0,1,1,0,0,0,1
5338,18,68,2,2,7,87,2,3,1,1,4,0,0,69,1,0,1,0,0,1,0,1,1,0,0,0,1
5339,25,68,0,1,8,53,0,2,1,1,3,1,1,64,0,1,1,0,0,1,0,1,1,0,0,1,0
5340,14,74,0,1,7,66,1,0,1,2,3,2,0,63,1,0,0,1,0,1,0,1,1,0,1,0,0
5341,23,73,2,1,8,57,1,3,1,1,2,1,0,67,1,0,1,0,1,0,0,1,1,0,0,0,1
5342,10,98,1,1,7,98,0,0,1,1,3,1,1,66,0,1,1,0,1,0,1,0,1,0,0,1,0
5343,17,92,1,2,8,66,1,2,0,1,3,0,0,69,0,1,1,0,0,1,0,1,1,0,0,0,1
5344,18,89,1,1,5,53,1,5,0,2,4,1,0,69,1,0,0,1,1,0,0,1,1,0,0,1,0
5345,30,67,1,1,7,97,2,2,2,1,3,0,0,69,1,0,1,0,1,0,0,1,0,1,0,1,0
5346,18,96,1,2,9,80,2,1,0,1,3,1,0,72,1,0,1,0,0,1,0,1,1,0,0,0,1
5347,7,93,2,2,9,52,2,1,1,0,3,0,1,65,0,1,0,1,0,1,0,1,1,0,1,0,0
5348,8,67,1,1,7,92,1,0,2,2,2,1,0,63,1,0,0,1,0,1,0,1,1,0,0,0,1
5349,20,95,1,1,7,58,0,1,0,2,4,1,0,69,1,0,1,0,1,0,0,1,1,0,0,1,0
5350,24,71,2,1,9,90,0,3,1,2,3,1,0,69,1,0,0,1,0,1,0,1,1,0,0,1,0
5351,22,63,1,0,7,80,1,2,2,2,2,1,1,64,0,1,0,1,0,1,0,1,1,0,1,0,0
5352,21,86,1,0,9,59,2,2,1,2,3,1,0,69,1,0,0,1,0,1,0,1,1,0,0,0,1
5353,27,86,1,2,7,88,1,1,1,1,3,2,1,72,1,0,0,1,1,0,0,1,1,0,0,1,0
5354,17,64,1,0,7,73,2,1,0,1,4,1,0,62,1,0,1,0,1,0,0,1,1,0,0,1,0
5355,25,73,2,1,5,82,0,1,1,1,3,0,0,66,1,0,0,1,0,1,1,0,0,1,0,0,1
5356,10,100,0,1,5,93,0,2,1,0,1,0,2,65,0,1,1,0,1,0,0,1,1,0,0,1,0
5357,15,87,2,2,8,63,1,0,2,1,3,1,0,69,0,1,1,0,0,1,0,1,1,0,0,1,0
5358,9,89,1,0,10,68,2,1,2,2,3,0,0,65,0,1,1,0,1,0,0,1,1,0,1,0,0
5359,18,69,2,1,7,100,1,3,1,2,2,0,0,67,1,0,1,0,0,1,0,1,1,0,1,0,0
5360,20,63,0,1,7,75,0,2,1,2,2,0,0,63,0,1,1,0,0,1,0,1,1,0,0,1,0
5361,21,71,2,1,9,78,0,2,1,1,4,0,0,66,1,0,1,0,1,0,0,1,1,0,0,1,0
5362,20,70,0,1,8,64,0,0,0,0,3,0,2,61,1,0,0,1,1,0,0,1,1,0,0,0,1
5363,14,69,2,1,4,71,1,1,1,1,4,0,0,64,0,1,1,0,0,1,0,1,1,0,0,0,1
5364,19,68,1,0,8,75,0,1,1,1,4,2,0,64,1,0,0,1,0,1,0,1,1,0,0,1,0
5365,11,83,1,1,5,63,1,2,0,1,3,1,0,65,1,0,1,0,0,1,0,1,1,0,0,1,0
5366,28,73,1,0,7,62,1,3,2,1,3,2,1,68,0,1,1,0,1,0,0,1,1,0,0,1,0
5367,18,93,0,2,6,80,1,1,1,1,3,0,0,69,1,0,0,1,0,1,0,1,1,0,1,0,0
5368,17,67,1,1,6,59,1,0,1,1,3,0,0,61,0,1,1,0,1,0,0,1,1,0,1,0,0
5369,30,79,1,2,7,78,1,3,2,2,2,2,1,72,0,1,0,1,1,0,1,0,1,0,0,0,1
5370,13,61,1,0,8,85,1,4,0,1,3,1,1,61,1,0,0,1,0,1,0,1,1,0,0,1,0
5371,13,79,2,2,7,60,1,1,0,2,4,1,1,66,1,0,0,1,1,0,0,1,1,0,0,1,0
5372,13,62,0,1,9,87,1,1,0,1,1,1,1,60,1,0,1,0,0,1,0,1,1,0,1,0,0
5373,20,99,1,0,9,68,0,1,0,2,3,2,2,69,1,0,1,0,1,0,0,1,1,0,0,0,1
5374,23,92,1,2,9,100,1,1,2,2,2,1,0,72,1,0,1,0,1,0,0,1,0,1,0,1,0
5375,24,80,1,2,7,99,0,2,1,1,2,0,1,69,0,1,1,0,0,1,0,1,1,0,1,0,0
5376,35,63,2,2,6,90,0,0,1,1,3,1,0,71,1,0,1,0,0,1,0,1,1,0,0,0,1
5377,7,84,1,2,7,67,1,1,1,1,3,1,0,64,1,0,0,1,1,0,0,1,1,0,0,1,0
5378,24,90,0,0,9,97,2,3,0,1,4,0,0,71,1,0,1,0,0,1,0,1,1,0,0,0,1
5379,17,68,0,1,9,100,2,1,1,2,3,0,1,64,1,0,1,0,0,1,0,1,1,0,1,0,0
5380,16,83,1,1,4,73,2,3,0,0,3,1,0,67,0,1,1,0,0,1,0,1,1,0,1,0,0
5381,16,93,1,0,7,81,1,2,0,1,3,2,1,67,1,0,0,1,0,1,0,1,0,1,1,0,0
5382,15,91,0,2,4,50,2,1,1,1,3,0,1,66,0,1,1,0,0,1,0,1,1,0,0,1,0
5383,30,92,0,1,7,52,1,3,2,1,4,1,0,73,1,0,0,1,0,1,0,1,1,0,0,0,1
5384,25,95,1,2,6,75,1,1,1,1,4,0,1,73,1,0,0,1,0,1,0,1,1,0,0,0,1
5385,20,98,1,1,6,80,1,0,1,1,2,1,1,70,1,0,1,0,1,0,0,1,1,0,0,0,1
5386,28,76,0,1,8,66,1,5,2,0,4,1,1,70,1,0,1,0,0,1,0,1,1,0,0,0,1
5387,11,83,1,0,6,55,0,0,0,1,4,2,0,62,0,1,1,0,0,1,0,1,0,1,0,0,1
5388,12,92,2,0,7,89,1,1,1,2,2,2,1,68,1,0,0,1,0,1,0,1,1,0,0,1,0
5389,7,88,2,2,6,71,1,0,0,1,3,0,1,65,0,1,1,0,0,1,0,1,1,0,0,0,1
5390,16,100,2,2,7,82,1,2,2,1,2,0,0,73,1,0,1,0,0,1,0,1,1,0,0,0,1
5391,21,61,2,1,8,83,2,1,0,1,3,1,0,65,0,1,0,1,0,1,1,0,1,0,0,1,0
5392,21,74,1,2,6,77,2,0,1,1,3,1,0,66,1,0,1,0,0,1,1,0,1,0,0,1,0
5393,21,71,0,1,8,59,1,3,0,1,3,1,1,64,1,0,1,0,0,1,0,1,1,0,0,1,0
5394,12,70,1,2,7,81,2,0,0,1,3,0,0,63,1,0,1,0,1,0,0,1,1,0,0,0,1
5395,25,69,1,1,7,66,1,0,0,0,3,1,0,62,1,0,1,0,1,0,1,0,0,1,0,1,0
5396,21,88,2,1,6,91,0,0,0,1,4,2,1,70,0,1,0,1,0,1,0,1,1,0,0,1,0
5397,24,63,1,1,8,60,1,3,2,1,3,0,0,65,1,0,1,0,1,0,0,1,1,0,0,1,0
5398,9,90,1,1,8,65,1,0,1,1,5,0,2,64,1,0,0,1,0,1,0,1,1,0,0,1,0
5399,22,88,1,1,7,72,0,4,2,1,2,2,0,70,1,0,1,0,1,0,0,1,1,0,1,0,0
5400,13,70,1,1,7,87,1,1,0,0,5,0,0,62,1,0,1,0,1,0,0,1,1,0,0,1,0
5401,18,70,1,1,8,86,1,5,2,1,2,0,0,67,0,1,1,0,1,0,0,1,1,0,0,0,1
5402,23,85,1,0,8,67,0,1,1,1,3,2,2,66,0,1,0,1,1,0,0,1,1,0,0,1,0
5403,21,90,2,2,7,76,2,2,2,2,3,1,1,74,0,1,1,0,0,1,0,1,1,0,0,0,1
5404,15,95,1,2,9,62,1,2,1,1,3,0,2,69,1,0,1,0,0,1,0,1,1,0,0,0,1
5405,20,94,1,2,8,89,0,0,1,1,4,0,1,70,0,1,1,0,0,1,0,1,0,1,0,0,1
5406,11,99,1,1,10,60,1,1,2,1,1,1,0,68,0,1,1,0,1,0,0,1,1,0,0,0,1
5407,27,83,1,0,5,91,1,3,0,1,2,2,0,70,1,0,1,0,1,0,0,1,1,0,0,1,0
5408,19,96,1,1,8,97,1,3,1,1,2,0,0,71,1,0,1,0,0,1,0,1,1,0,1,0,0
5409,27,92,1,0,9,100,2,2,1,2,0,2,1,73,0,1,1,0,0,1,0,1,1,0,0,0,1
5410,17,96,1,1,9,93,0,3,1,1,2,0,2,69,1,0,0,1,1,0,0,1,1,0,0,1,0
5411,17,60,0,0,7,61,1,1,0,1,4,2,0,61,0,1,1,0,0,1,0,1,1,0,0,0,1
5412,15,99,1,1,5,71,1,0,1,1,2,1,1,68,1,0,1,0,0,1,0,1,1,0,0,1,0
5413,25,79,1,0,9,54,1,1,0,1,2,2,2,66,1,0,0,1,0,1,0,1,1,0,0,0,1
5414,16,92,2,0,6,58,0,0,2,1,4,0,0,67,0,1,0,1,0,1,0,1,1,0,0,0,1
5415,24,65,0,2,7,52,1,1,2,1,1,2,1,64,0,1,1,0,0,1,0,1,1,0,0,1,0
5416,18,76,0,2,10,82,2,1,1,1,4,1,0,67,1,0,0,1,0,1,0,1,1,0,1,0,0
5417,8,71,2,1,5,77,1,0,2,1,4,0,1,61,0,1,1,0,0,1,1,0,1,0,0,1,0
5418,17,72,0,1,8,96,2,2,0,2,3,0,0,65,1,0,1,0,1,0,0,1,1,0,0,1,0
5419,13,65,0,2,6,73,1,0,0,1,3,2,0,62,0,1,0,1,0,1,0,1,1,0,0,0,1
5420,20,92,0,2,6,82,1,0,1,1,5,0,0,69,0,1,1,0,1,0,0,1,1,0,0,1,0
5421,13,60,2,2,7,70,1,1,1,1,3,1,2,61,0,1,1,0,1,0,0,1,1,0,1,0,0
5422,26,73,2,1,8,91,1,4,0,0,5,0,1,69,1,0,1,0,1,0,0,1,1,0,0,1,0
5423,19,67,1,0,8,96,2,1,2,0,3,1,0,64,1,0,1,0,1,0,1,0,1,0,0,0,1
5424,19,84,1,0,9,72,2,1,0,1,3,0,2,65,0,1,1,0,1,0,0,1,1,0,0,0,1
5425,24,70,1,2,6,54,0,1,2,1,1,0,1,64,0,1,1,0,1,0,0,1,1,0,0,1,0
5426,26,70,2,2,5,58,1,1,0,0,3,2,1,68,1,0,0,1,0,1,0,1,1,0,0,0,1
5427,20,80,0,1,6,86,2,1,0,1,3,0,0,67,0,1,0,1,0,1,0,1,1,0,0,0,1
5428,15,86,2,1,8,66,0,0,1,2,5,1,0,68,1,0,0,1,0,1,0,1,1,0,0,0,1
5429,9,65,0,1,7,89,1,2,0,1,4,0,1,61,1,0,1,0,0,1,0,1,1,0,0,0,1
5430,16,67,1,2,4,87,2,5,2,2,4,1,0,69,1,0,1,0,0,1,0,1,1,0,0,0,1
5431,16,70,0,2,4,85,2,0,1,1,3,0,0,64,1,0,0,1,0,1,0,1,1,0,0,1,0
5432,21,99,2,1,7,91,1,3,1,1,4,1,0,74,1,0,1,0,0,1,1,0,1,0,0,0,1
5433,18,76,1,1,8,88,0,1,1,1,4,1,0,66,0,1,1,0,1,0,0,1,1,0,0,1,0
5434,24,84,1,1,6,82,1,1,1,1,2,0,0,68,1,0,1,0,1,0,0,1,1,0,1,0,0
5435,16,70,1,2,8,50,2,3,2,1,3,2,2,65,1,0,0,1,0,1,0,1,1,0,0,1,0
5436,20,80,1,2,5,76,1,0,0,1,3,1,0,66,0,1,0,1,0,1,1,0,1,0,1,0,0
5437,27,63,2,0,7,80,1,2,1,2,2,0,0,66,0,1,1,0,1,0,1,0,1,0,0,0,1
5438,22,61,1,0,7,98,2,3,2,0,2,1,0,65,0,1,0,1,1,0,0,1,1,0,0,1,0
5439,20,79,1,1,8,83,1,3,0,1,4,1,1,67,1,0,0,1,1,0,0,1,1,0,0,1,0
5440,16,76,0,1,5,79,1,0,0,2,4,2,1,65,0,1,1,0,0,1,0,1,1,0,0,0,1
5441,16,65,1,1,5,77,1,1,2,2,3,0,1,63,1,0,1,0,1,0,0,1,1,0,0,0,1
5442,15,88,2,1,8,55,1,1,2,2,2,0,0,67,1,0,0,1,1,0,0,1,1,0,0,1,0
5443,17,100,1,2,5,71,0,2,0,1,4,0,0,70,1,0,1,0,0,1,0,1,1,0,0,1,0
5444,25,76,2,2,6,57,0,0,1,1,3,2,1,68,1,0,1,0,0,1,1,0,1,0,0,0,1
5445,19,85,1,1,9,53,2,1,1,1,3,1,2,66,1,0,1,0,0,1,0,1,1,0,0,1,0
5446,12,99,1,1,7,66,0,3,1,0,1,2,1,67,0,1,0,1,0,1,0,1,1,0,1,0,0
5447,31,93,1,0,8,82,0,2,2,2,1,0,0,72,1,0,0,1,1,0,0,1,1,0,0,1,0
5448,22,79,2,2,8,93,1,0,1,1,2,0,0,68,0,1,0,1,0,1,0,1,0,1,1,0,0
5449,12,89,1,2,8,91,1,1,0,2,2,0,0,66,1,0,1,0,1,0,1,0,1,0,0,1,0
5450,17,65,1,1,7,65,1,0,2,1,4,0,1,62,1,0,0,1,1,0,0,1,1,0,0,1,0
5451,21,80,2,0,6,52,1,1,0,1,4,0,0,65,1,0,1,0,0,1,0,1,1,0,1,0,0
5452,30,71,2,0,10,70,0,3,1,1,4,0,0,67,0,1,1,0,1,0,0,1,0,1,0,1,0
5453,13,66,1,1,7,66,0,3,1,1,2,1,0,62,0,1,1,0,0,1,0,1,1,0,1,0,0
5454,26,77,1,0,7,69,0,1,2,1,3,0,0,66,0,1,1,0,0,1,0,1,0,1,0,1,0
5455,28,65,1,1,8,78,2,1,2,1,3,1,0,67,0,1,0,1,1,0,1,0,1,0,0,0,1
5456,16,88,1,1,6,52,1,2,2,2,3,0,0,68,0,1,1,0,0,1,0,1,1,0,0,0,1
5457,18,78,1,1,6,69,1,1,1,1,4,2,1,66,0,1,1,0,0,1,0,1,1,0,1,0,0
5458,14,81,2,2,9,78,1,0,1,1,4,1,0,68,0,1,0,1,1,0,0,1,1,0,0,0,1
5459,19,66,0,1,6,72,1,2,0,1,5,0,0,62,1,0,1,0,1,0,0,1,1,0,1,0,0
5460,20,66,1,2,8,83,1,1,0,1,2,1,0,64,1,0,1,0,1,0,0,1,0,1,0,1,0
5461,24,83,2,0,8,59,1,1,0,1,3,0,0,68,1,0,1,0,1,0,0,1,1,0,0,0,1
5462,27,99,0,0,7,58,0,2,1,1,2,2,1,71,1,0,0,1,0,1,0,1,1,0,0,0,1
5463,16,64,1,1,7,65,1,2,1,2,4,0,0,63,1,0,1,0,1,0,0,1,1,0,0,1,0
5464,8,71,2,1,8,55,2,1,0,2,2,1,1,62,1,0,1,0,1,0,0,1,1,0,0,0,1
5465,20,95,2,0,7,62,0,1,0,0,3,1,0,69,1,0,0,1,0,1,0,1,1,0,0,0,1
5466,22,63,1,1,4,54,1,0,1,1,3,0,1,62,1,0,0,1,0,1,0,1,1,0,0,0,1
5467,21,95,0,1,9,70,1,3,2,1,3,0,0,71,0,1,1,0,0,1,0,1,1,0,0,0,1
5468,18,81,0,2,6,86,1,3,0,1,4,1,0,69,1,0,1,0,0,1,0,1,1,0,0,0,1
5469,21,76,1,1,7,64,0,1,1,2,2,0,1,66,1,0,0,1,0,1,0,1,1,0,0,0,1
5470,29,72,0,1,5,50,0,0,0,1,4,0,0,64,0,1,1,0,1,0,0,1,1,0,0,1,0
5471,22,72,0,2,6,78,0,1,0,2,3,2,0,65,1,0,1,0,1,0,1,0,1,0,0,1,0
5472,18,72,2,2,6,85,2,1,2,2,1,0,1,68,1,0,0,1,1,0,0,1,1,0,0,0,1
5473,17,95,2,1,7,70,2,1,0,1,3,0,0,69,1,0,1,0,1,0,0,1,1,0,0,1,0
5474,19,89,2,1,6,65,0,2,0,1,3,2,0,68,1,0,1,0,0,1,0,1,0,1,0,1,0
5475,30,87,0,1,10,75,0,3,0,0,4,1,0,71,1,0,1,0,0,1,0,1,1,0,0,1,0
5476,19,92,0,1,7,55,1,1,1,1,5,0,2,66,1,0,1,0,1,0,0,1,1,0,0,1,0
5477,20,70,2,0,8,82,1,2,0,2,3,0,1,65,1,0,0,1,1,0,0,1,1,0,0,0,1
5478,17,85,2,1,7,87,1,1,0,1,1,0,0,68,0,1,0,1,0,1,0,1,1,0,0,1,0
5479,27,78,2,2,8,85,1,0,2,1,3,1,0,72,1,0,1,0,1,0,0,1,1,0,0,0,1
5480,32,91,2,1,4,66,1,3,0,2,2,2,0,75,0,1,1,0,0,1,0,1,1,0,0,1,0
5481,23,72,2,0,6,92,0,2,2,1,3,1,0,67,1,0,1,0,0,1,0,1,1,0,1,0,0
5482,20,86,1,1,6,97,0,1,0,1,2,0,1,67,1,0,0,1,1,0,0,1,1,0,0,1,0
5483,20,95,1,1,6,65,2,2,0,1,3,1,0,70,0,1,1,0,1,0,0,1,1,0,0,1,0
5484,6,76,1,1,8,63,1,5,1,1,3,1,0,64,1,0,1,0,0,1,0,1,1,0,0,1,0
5485,24,63,1,1,8,85,2,1,0,1,3,0,2,65,0,1,0,1,0,1,0,1,1,0,0,0,1
5486,21,81,1,1,7,85,1,1,0,2,3,2,1,68,1,0,1,0,0,1,0,1,1,0,1,0,0
5487,23,74,2,2,7,76,1,1,1,0,2,1,1,67,0,1,1,0,1,0,0,1,1,0,0,1,0
5488,16,87,0,1,10,96,1,1,0,2,1,1,1,66,1,0,1,0,0,1,1,0,1,0,0,0,1
5489,18,98,2,1,7,57,0,0,2,1,1,2,1,69,1,0,0,1,1,0,0,1,1,0,0,1,0
5490,18,79,0,2,4,74,0,2,0,1,1,0,0,64,0,1,1,0,1,0,0,1,1,0,1,0,0
5491,26,79,1,2,8,52,2,1,1,1,3,2,0,68,0,1,1,0,0,1,0,1,0,1,1,0,0
5492,18,86,2,1,8,53,0,5,0,2,3,0,0,68,1,0,0,1,1,0,0,1,1,0,1,0,0
5493,32,64,0,2,9,53,0,1,0,1,3,1,0,65,0,1,0,1,0,1,1,0,1,0,0,0,1
5494,23,70,1,1,8,75,1,0,2,1,2,0,1,65,1,0,1,0,0,1,0,1,1,0,0,0,1
5495,12,97,0,1,6,79,1,1,1,1,2,0,0,65,1,0,1,0,0,1,1,0,1,0,1,0,0
5496,19,87,2,1,8,50,0,0,2,2,2,0,0,67,0,1,1,0,1,0,0,1,1,0,0,1,0
5497,16,61,2,1,7,82,1,2,0,1,3,0,0,63,0,1,1,0,0,1,0,1,1,0,1,0,0
5498,7,68,2,1,9,74,1,1,0,2,3,0,0,62,0,1,1,0,1,0,0,1,1,0,0,0,1
5499,30,87,2,1,9,61,2,2,1,2,4,0,1,73,1,0,0,1,0,1,0,1,1,0,0,1,0
5500,24,91,2,2,7,51,2,2,1,1,3,0,1,72,1,0,1,0,0,1,0,1,1,0,0,1,0
5501,23,94,0,1,8,58,2,5,0,0,6,0,0,71,0,1,1,0,1,0,0,1,1,0,0,1,0
5502,21,72,1,1,9,80,2,3,0,1,4,0,0,67,1,0,1,0,1,0,0,1,1,0,0,1,0
5503,12,97,1,0,7,83,1,0,0,1,2,1,1,66,1,0,1,0,0,1,0,1,1,0,0,1,0
5504,17,82,1,2,10,82,2,1,1,1,2,0,1,68,1,0,0,1,0,1,0,1,1,0,0,0,1
5505,25,88,2,2,9,58,0,0,0,1,4,2,0,70,1,0,1,0,0,1,0,1,1,0,1,0,0
5506,14,84,1,1,6,96,1,2,0,1,2,2,2,66,1,0,0,1,0,1,1,0,1,0,0,1,0
5508,19,99,1,2,8,88,2,1,0,2,3,0,2,71,0,1,1,0,0,1,1,0,1,0,0,0,1
5509,19,65,0,2,10,58,1,2,1,2,3,2,1,64,0,1,0,1,1,0,0,1,1,0,0,0,1
5510,21,70,1,1,8,74,0,2,1,1,3,2,2,65,1,0,1,0,1,0,0,1,1,0,0,0,1
5511,24,93,1,1,7,76,2,2,0,1,1,0,0,70,1,0,1,0,0,1,0,1,0,1,0,1,0
5512,24,85,2,0,9,89,1,1,0,1,2,2,1,70,1,0,1,0,0,1,0,1,1,0,0,0,1
5513,22,94,0,2,7,81,1,2,1,2,4,0,2,71,1,0,1,0,0,1,0,1,1,0,0,1,0
5514,27,81,2,2,6,70,1,0,0,1,5,0,2,70,0,1,1,0,0,1,0,1,1,0,0,0,1
5515,11,75,0,2,8,64,1,3,0,1,3,1,1,62,0,1,1,0,1,0,0,1,0,1,0,1,0
5516,23,97,1,1,6,99,0,1,0,1,3,0,0,72,0,1,0,1,0,1,0,1,1,0,0,0,1
5517,24,61,1,1,10,64,0,0,0,1,3,0,0,62,0,1,0,1,1,0,0,1,1,0,0,0,1
5518,13,94,0,1,7,56,2,2,0,2,4,1,0,67,1,0,1,0,0,1,0,1,1,0,0,1,0
5520,16,94,0,1,6,66,1,3,1,2,4,1,0,69,0,1,1,0,0,1,0,1,1,0,1,0,0
5521,16,66,1,0,9,56,1,0,0,2,4,1,0,60,0,1,0,1,1,0,0,1,0,1,0,0,1
5522,25,83,2,2,7,85,2,2,0,1,4,1,0,72,1,0,1,0,0,1,0,1,1,0,1,0,0
5523,16,96,1,1,7,81,1,0,0,0,3,0,1,66,1,0,1,0,1,0,0,1,1,0,1,0,0
5524,15,79,1,2,7,66,1,2,0,1,3,1,2,66,0,1,1,0,0,1,0,1,1,0,0,0,1
5525,16,90,1,2,5,100,0,1,2,1,4,0,1,69,1,0,0,1,0,1,0,1,1,0,1,0,0
5526,27,92,0,1,7,83,0,2,0,1,4,1,1,70,0,1,1,0,0,1,0,1,0,1,0,0,1
5527,20,89,0,1,8,85,1,2,1,2,1,2,0,70,0,1,1,0,0,1,0,1,1,0,0,0,1
5528,19,97,2,2,5,78,0,0,1,0,3,1,1,70,1,0,0,1,1,0,0,1,1,0,1,0,0
5529,19,78,0,2,9,78,1,2,0,2,2,1,0,67,0,1,1,0,0,1,0,1,1,0,1,0,0
5530,28,67,2,1,7,51,1,2,1,1,3,0,0,67,0,1,1,0,0,1,0,1,1,0,0,1,0
5531,16,62,0,0,7,89,2,0,1,1,3,0,2,59,0,1,1,0,1,0,0,1,1,0,0,1,0
5532,28,70,1,1,4,96,0,1,1,1,2,0,1,67,1,0,0,1,0,1,0,1,1,0,0,0,1
5533,21,66,2,1,7,56,1,1,0,1,4,2,1,65,1,0,0,1,0,1,0,1,1,0,0,1,0
5534,19,82,1,1,5,90,1,1,2,1,3,1,0,68,1,0,1,0,1,0,0,1,1,0,1,0,0
5535,35,67,2,2,6,77,0,1,0,1,3,1,0,71,1,0,1,0,0,1,0,1,1,0,0,0,1
5536,14,62,1,1,5,64,1,2,0,1,3,1,0,61,1,0,1,0,1,0,0,1,1,0,0,1,0
5537,18,61,1,1,6,96,1,0,1,1,3,0,0,63,1,0,1,0,0,1,0,1,1,0,1,0,0
5538,13,93,1,2,7,51,0,1,0,2,3,0,0,67,0,1,0,1,0,1,0,1,1,0,0,1,0
5539,26,84,2,1,7,64,1,1,1,2,4,1,0,69,1,0,1,0,1,0,1,0,1,0,0,1,0
5540,30,74,1,2,8,94,0,0,1,1,3,0,0,70,1,0,1,0,1,0,0,1,1,0,0,0,1
5541,30,96,1,0,4,74,2,0,0,0,3,0,1,69,1,0,1,0,0,1,1,0,1,0,1,0,0
5542,27,63,2,1,7,80,1,1,0,2,4,0,2,66,0,1,1,0,0,1,0,1,1,0,0,1,0
5543,19,99,1,0,7,87,0,1,1,1,4,0,1,70,0,1,1,0,0,1,0,1,1,0,0,0,1
5544,18,85,1,1,6,57,0,2,1,2,2,2,1,67,1,0,1,0,0,1,0,1,1,0,0,1,0
5545,10,67,2,2,6,61,1,0,0,2,2,0,0,61,0,1,0,1,1,0,0,1,1,0,0,1,0
5546,32,87,1,2,9,100,1,2,1,0,2,2,1,74,1,0,0,1,0,1,0,1,1,0,0,1,0
5547,23,91,1,2,10,62,0,1,1,2,3,1,0,70,1,0,0,1,0,1,0,1,1,0,1,0,0
5548,17,77,2,1,4,77,0,0,1,1,4,0,0,66,0,1,0,1,0,1,0,1,1,0,0,0,1
5549,28,94,1,2,6,65,2,1,0,2,1,0,0,73,0,1,1,0,0,1,0,1,1,0,0,0,1
5550,14,66,1,1,5,93,1,1,1,1,2,0,0,62,1,0,0,1,0,1,0,1,1,0,1,0,0
5551,22,71,1,0,7,98,0,2,0,2,2,0,1,65,0,1,1,0,0,1,0,1,1,0,0,1,0
5552,19,64,2,1,9,57,0,0,1,2,3,0,0,62,0,1,0,1,1,0,0,1,1,0,0,1,0
5553,24,68,0,1,8,80,1,1,0,0,4,2,1,64,1,0,1,0,0,1,1,0,1,0,0,0,1
5554,20,70,1,1,7,91,1,1,0,1,2,0,2,63,1,0,1,0,0,1,0,1,1,0,1,0,0
5555,11,97,1,1,7,91,1,1,1,1,4,0,0,69,1,0,1,0,1,0,0,1,1,0,0,0,1
5556,20,63,1,1,7,72,0,3,0,2,5,2,0,63,1,0,1,0,1,0,0,1,0,1,1,0,0
5557,26,77,1,1,8,61,1,1,0,1,4,1,1,67,1,0,1,0,0,1,0,1,1,0,0,1,0
5558,20,81,1,0,8,69,1,1,1,1,2,0,0,65,0,1,0,1,1,0,0,1,1,0,0,1,0
5559,25,96,1,2,8,88,1,0,0,1,1,0,0,71,1,0,0,1,1,0,0,1,1,0,0,1,0
5560,14,100,1,1,4,100,1,3,0,1,3,2,1,71,0,1,1,0,0,1,0,1,1,0,0,1,0
5561,20,90,1,1,7,78,2,0,1,2,4,2,2,69,1,0,1,0,1,0,0,1,0,1,0,0,1
5562,16,99,1,2,7,60,1,2,0,2,3,2,1,71,1,0,0,1,0,1,0,1,1,0,0,1,0
5563,24,91,0,1,8,52,1,1,0,1,5,0,0,68,1,0,1,0,0,1,0,1,1,0,0,1,0
5564,20,99,0,1,7,97,1,2,0,1,0,0,0,70,1,0,1,0,0,1,0,1,1,0,0,1,0
5565,24,88,1,2,8,74,1,0,0,2,3,2,0,71,1,0,0,1,0,1,0,1,1,0,0,1,0
5566,27,63,1,1,6,86,1,1,1,1,4,2,0,68,0,1,1,0,0,1,0,1,1,0,0,0,1
5567,24,76,0,2,8,83,1,1,2,1,4,0,0,69,0,1,0,1,1,0,0,1,1,0,0,0,1
5568,22,86,1,1,9,95,1,4,1,0,2,1,0,71,1,0,0,1,0,1,0,1,1,0,0,0,1
5569,14,74,2,1,5,63,0,2,0,2,3,1,2,63,0,1,0,1,1,0,1,0,1,0,0,0,1
5570,20,71,0,1,5,72,1,4,1,1,4,2,1,66,1,0,1,0,1,0,0,1,1,0,0,0,1
5571,17,83,1,1,8,96,1,1,0,1,3,1,1,67,1,0,1,0,1,0,0,1,1,0,0,0,1
5572,18,97,2,0,7,79,1,3,2,1,3,0,2,71,1,0,0,1,0,1,0,1,1,0,0,0,1
5573,18,61,0,0,9,54,1,0,1,1,2,1,0,59,0,1,1,0,1,0,0,1,1,0,0,1,0
5574,14,91,2,1,7,60,1,0,2,1,2,0,0,67,1,0,1,0,0,1,0,1,1,0,0,1,0
5575,8,89,2,2,8,62,1,2,1,1,4,0,1,66,1,0,1,0,1,0,0,1,0,1,0,0,1
5576,16,99,0,2,6,100,2,1,2,2,3,0,2,72,0,1,1,0,0,1,0,1,1,0,0,0,1
5577,21,97,2,2,8,61,0,0,0,2,3,2,0,70,0,1,1,0,1,0,0,1,0,1,0,1,0
5578,12,90,1,1,8,93,0,3,2,1,3,0,0,68,0,1,1,0,0,1,0,1,1,0,0,1,0
5579,20,81,0,1,6,54,0,0,0,0,2,1,1,63,0,1,1,0,1,0,0,1,1,0,0,0,1
5580,31,68,1,1,9,59,1,3,2,2,2,2,0,69,0,1,1,0,1,0,0,1,1,0,0,1,0
5581,26,82,0,1,4,94,0,0,0,0,3,0,0,67,1,0,0,1,1,0,0,1,1,0,0,0,1
5582,30,91,1,2,7,95,0,1,1,2,3,1,0,75,0,1,1,0,0,1,0,1,1,0,0,0,1
5583,22,96,0,0,5,59,1,0,1,2,2,0,2,67,0,1,0,1,0,1,0,1,1,0,0,0,1
5584,27,92,2,2,5,61,1,0,1,2,3,2,0,74,1,0,0,1,0,1,0,1,1,0,0,0,1
5585,16,68,1,2,8,77,1,1,1,2,4,2,1,66,1,0,1,0,0,1,0,1,1,0,0,0,1
5586,16,84,1,2,5,53,1,2,0,1,1,0,0,65,1,0,1,0,0,1,1,0,1,0,0,1,0
5587,4,73,0,1,5,97,2,1,0,2,1,0,0,60,1,0,1,0,0,1,0,1,1,0,1,0,0
5588,27,60,1,2,8,68,2,1,1,1,4,0,2,63,0,1,0,1,1,0,0,1,0,1,1,0,0
5589,29,68,0,2,5,74,0,3,2,2,2,2,0,69,1,0,1,0,0,1,0,1,0,1,0,1,0
5590,17,65,2,2,9,55,1,1,1,1,2,0,0,64,1,0,1,0,1,0,0,1,1,0,0,0,1
5591,18,94,0,1,8,52,1,1,1,1,4,1,0,68,0,1,0,1,0,1,0,1,1,0,0,0,1
5592,15,70,1,1,6,73,0,2,1,0,4,0,1,63,1,0,1,0,1,0,0,1,1,0,0,0,1
5593,22,71,1,1,8,56,0,0,1,2,2,2,0,65,1,0,1,0,0,1,0,1,1,0,0,1,0
5594,27,98,1,2,4,82,1,0,2,1,3,0,0,74,0,1,1,0,1,0,0,1,1,0,0,0,1
5595,10,75,1,2,8,90,1,2,0,1,2,2,1,65,1,0,1,0,0,1,0,1,1,0,0,0,1
5596,22,60,1,1,5,52,1,0,0,1,2,0,0,61,0,1,1,0,0,1,0,1,1,0,1,0,0
5597,18,71,1,2,6,81,1,1,0,2,3,0,0,66,1,0,1,0,0,1,0,1,1,0,0,0,1
5598,21,65,1,2,6,91,2,1,1,2,3,0,1,67,1,0,1,0,0,1,0,1,1,0,0,0,1
5599,23,64,2,1,9,72,1,0,0,2,3,1,0,66,1,0,1,0,0,1,0,1,1,0,0,0,1
5600,19,63,2,1,6,98,2,4,2,1,2,2,0,69,1,0,0,1,1,0,0,1,1,0,0,0,1
5601,19,84,1,1,7,56,0,2,0,1,3,0,1,65,0,1,1,0,0,1,0,1,1,0,0,1,0
5602,19,68,2,2,6,66,1,2,1,1,3,0,2,65,0,1,1,0,1,0,0,1,1,0,0,1,0
5603,26,74,2,1,6,62,1,0,0,1,3,0,0,66,0,1,0,1,1,0,0,1,1,0,0,1,0
5604,23,94,1,2,5,100,0,2,1,2,2,2,0,73,1,0,1,0,1,0,0,1,1,0,0,1,0
5605,21,77,0,1,7,65,1,2,0,2,2,0,1,64,0,1,1,0,0,1,0,1,1,0,1,0,0
5606,12,97,1,0,7,69,0,0,0,2,5,0,0,67,0,1,1,0,0,1,0,1,1,0,0,0,1
5607,18,80,1,0,8,92,2,0,1,2,1,1,0,67,1,0,0,1,0,1,0,1,1,0,0,0,1
5608,25,76,1,0,7,96,1,3,1,1,4,0,0,68,0,1,1,0,0,1,0,1,0,1,0,0,1
5609,20,90,1,0,7,97,1,2,2,2,3,1,1,71,1,0,1,0,0,1,0,1,1,0,0,0,1
5610,24,63,1,1,8,78,1,0,0,2,3,0,0,64,1,0,0,1,0,1,0,1,1,0,1,0,0
5611,31,64,1,1,6,83,1,1,1,1,2,0,1,67,0,1,1,0,0,1,0,1,1,0,0,0,1
5612,26,86,1,0,5,67,1,2,0,2,1,0,1,68,0,1,0,1,1,0,0,1,1,0,0,0,1
5613,21,79,0,1,8,80,2,1,0,2,3,1,0,67,1,0,0,1,0,1,0,1,1,0,1,0,0
5614,17,92,0,1,6,65,2,3,1,2,2,1,0,70,1,0,1,0,0,1,0,1,1,0,0,0,1
5615,5,97,1,0,7,87,1,2,1,1,3,0,2,64,0,1,0,1,0,1,0,1,0,1,0,1,0
5616,19,76,1,1,6,65,1,0,0,1,4,0,0,63,0,1,1,0,0,1,0,1,0,1,0,1,0
5617,18,84,2,2,6,94,1,3,2,1,4,0,0,71,1,0,1,0,1,0,0,1,1,0,0,1,0
5618,22,80,0,0,4,57,0,1,0,1,3,2,1,64,1,0,1,0,1,0,0,1,1,0,0,1,0
5619,19,99,0,0,8,79,2,3,1,1,4,0,0,70,1,0,0,1,1,0,0,1,1,0,0,0,1
5620,18,93,1,2,4,76,2,3,0,1,3,1,0,70,0,1,1,0,1,0,0,1,1,0,1,0,0
5621,9,96,1,2,9,63,1,1,2,1,1,0,0,67,1,0,0,1,0,1,0,1,1,0,0,1,0
5622,14,70,1,1,9,51,0,1,0,2,4,1,0,62,1,0,1,0,0,1,0,1,1,0,1,0,0
5623,23,91,1,1,6,57,0,2,0,2,2,0,0,69,1,0,0,1,1,0,0,1,1,0,0,0,1
5624,30,71,0,2,9,98,0,2,2,1,1,0,1,69,0,1,1,0,1,0,0,1,1,0,0,0,1
5625,19,68,0,2,10,97,0,0,0,1,3,1,2,62,0,1,1,0,1,0,1,0,1,0,0,0,1
5626,22,98,0,1,7,56,2,1,2,1,1,1,0,70,0,1,0,1,1,0,0,1,1,0,0,1,0
5627,26,61,1,1,8,69,2,2,1,2,3,0,0,66,1,0,1,0,0,1,0,1,1,0,0,0,1
5628,15,99,2,1,7,73,0,1,0,1,3,0,0,69,1,0,1,0,1,0,0,1,1,0,0,0,1
5629,22,66,1,0,9,74,1,3,0,2,3,2,0,65,0,1,1,0,0,1,0,1,1,0,1,0,0
5630,16,93,0,2,5,65,0,0,1,1,3,0,0,66,0,1,1,0,0,1,0,1,1,0,1,0,0
5631,25,71,2,1,7,96,0,2,0,1,3,0,0,69,0,1,1,0,0,1,0,1,1,0,0,0,1
5632,21,74,2,1,8,95,0,1,1,1,5,0,2,66,0,1,0,1,0,1,0,1,0,1,0,0,1
5633,22,69,0,2,8,51,1,1,0,2,3,0,0,65,0,1,1,0,0,1,0,1,1,0,0,0,1
5634,15,83,1,0,7,83,0,1,2,1,2,2,0,66,0,1,1,0,0,1,0,1,1,0,0,1,0
5635,24,74,0,0,9,54,1,1,0,1,3,0,0,63,0,1,1,0,0,1,0,1,1,0,0,1,0
5636,33,86,0,1,7,80,1,0,0,2,3,2,0,72,0,1,1,0,0,1,0,1,1,0,0,1,0
5637,14,61,1,1,7,93,0,3,1,2,2,0,1,62,1,0,1,0,0,1,0,1,1,0,1,0,0
5638,18,63,2,2,8,82,1,1,2,1,1,0,0,64,1,0,0,1,1,0,0,1,1,0,1,0,0
5639,21,64,1,0,7,73,2,2,0,1,2,1,2,61,0,1,1,0,1,0,0,1,0,1,1,0,0
5640,25,77,2,1,7,98,0,0,2,1,2,0,0,70,1,0,1,0,0,1,0,1,1,0,0,0,1
5641,17,93,1,1,6,87,1,1,0,2,2,0,1,67,0,1,0,1,1,0,0,1,1,0,1,0,0
5642,3,96,2,2,10,62,1,3,0,1,4,0,2,66,1,0,0,1,0,1,0,1,1,0,0,1,0
5643,28,70,1,1,6,69,1,2,0,0,4,0,0,66,1,0,1,0,0,1,0,1,0,1,0,0,1
5644,25,83,0,1,8,88,0,1,1,2,3,1,0,68,1,0,1,0,0,1,0,1,0,1,0,1,0
5645,10,91,2,2,10,51,1,0,0,1,3,2,1,67,1,0,1,0,0,1,0,1,1,0,0,0,1
5646,16,72,1,2,5,53,1,1,2,2,3,1,0,65,1,0,1,0,1,0,0,1,1,0,0,0,1
5647,29,76,1,2,8,93,0,0,1,2,4,1,1,70,1,0,1,0,0,1,1,0,1,0,0,0,1
5648,29,81,1,1,7,52,1,1,2,1,4,1,0,69,0,1,1,0,0,1,1,0,1,0,0,1,0
5649,26,65,1,1,10,84,1,1,0,2,4,2,0,68,1,0,1,0,0,1,0,1,1,0,0,0,1
5650,19,61,1,1,6,66,1,0,2,1,1,0,0,61,1,0,1,0,1,0,0,1,1,0,0,1,0
5651,20,66,1,2,6,91,0,0,1,2,5,0,2,65,1,0,1,0,0,1,0,1,1,0,1,0,0
5652,19,85,2,2,7,92,1,3,1,1,2,1,0,71,0,1,1,0,1,0,0,1,1,0,0,1,0
5653,27,63,1,2,6,98,0,0,1,1,3,0,0,66,0,1,0,1,1,0,0,1,1,0,1,0,0
5654,15,68,1,2,6,55,1,0,2,1,3,0,0,62,0,1,0,1,1,0,1,0,1,0,0,0,1
5655,15,74,0,0,10,71,1,0,0,2,2,2,0,61,1,0,1,0,1,0,0,1,1,0,1,0,0
5656,26,63,2,2,7,79,1,1,0,2,2,0,0,67,1,0,1,0,0,1,0,1,1,0,1,0,0
5657,20,68,1,2,6,96,1,0,0,2,3,0,0,66,0,1,1,0,0,1,0,1,1,0,0,1,0
5658,28,96,0,2,6,63,2,1,2,1,2,0,1,71,0,1,1,0,1,0,1,0,1,0,0,0,1
5659,16,61,1,2,8,54,2,0,0,2,3,1,1,62,1,0,0,1,0,1,0,1,1,0,0,0,1
5660,20,86,1,1,8,60,0,1,2,1,3,2,0,67,1,0,1,0,0,1,0,1,0,1,0,1,0
5661,14,75,1,1,6,75,1,0,0,2,2,0,0,64,1,0,1,0,0,1,0,1,1,0,0,1,0
5662,20,87,1,0,5,84,1,2,1,1,3,0,0,68,1,0,0,1,1,0,0,1,1,0,0,1,0
5663,11,84,1,1,7,85,2,3,1,1,4,1,1,67,0,1,1,0,0,1,0,1,1,0,0,1,0
5664,17,69,1,1,7,54,2,1,2,0,2,0,0,63,1,0,1,0,0,1,0,1,1,0,0,1,0
5665,11,94,2,2,6,88,1,2,1,1,4,0,0,70,1,0,1,0,1,0,0,1,1,0,0,0,1
5666,24,80,0,2,9,83,1,1,0,0,1,0,0,67,1,0,1,0,0,1,0,1,1,0,1,0,0
5667,24,93,1,2,8,70,0,1,1,2,3,0,1,71,0,1,0,1,0,1,0,1,1,0,0,1,0
5668,10,76,1,0,7,79,0,3,1,1,4,0,2,62,0,1,0,1,0,1,0,1,1,0,0,1,0
5669,28,99,1,1,6,88,1,3,0,1,4,0,0,75,0,1,1,0,0,1,0,1,1,0,0,0,1
5670,35,91,0,1,10,63,0,1,1,1,5,0,0,72,1,0,1,0,0,1,0,1,1,0,0,1,0
5671,20,99,1,0,5,97,0,4,2,1,3,1,0,73,0,1,1,0,0,1,0,1,1,0,0,1,0
5672,16,81,0,1,6,57,2,3,0,0,3,0,0,64,1,0,0,1,1,0,0,1,1,0,0,0,1
5673,37,79,1,2,6,95,2,1,2,1,1,0,0,73,1,0,1,0,1,0,0,1,1,0,1,0,0
5674,12,90,1,0,7,87,0,2,0,2,2,2,2,66,1,0,1,0,0,1,0,1,1,0,0,1,0
5675,20,95,0,0,8,83,2,1,1,1,3,0,0,69,0,1,0,1,1,0,0,1,1,0,0,0,1
5676,21,99,1,1,5,54,2,1,0,1,4,1,1,70,1,0,1,0,0,1,0,1,1,0,0,1,0
5677,28,73,1,2,6,96,1,1,1,1,0,2,0,70,0,1,1,0,0,1,0,1,1,0,1,0,0
5678,22,92,2,2,8,65,1,0,1,2,2,0,1,71,1,0,0,1,1,0,0,1,1,0,0,0,1
5679,17,68,0,2,6,87,2,0,0,1,4,1,0,64,1,0,0,1,0,1,0,1,0,1,0,0,1
5680,14,82,1,2,6,94,0,7,1,2,4,2,0,71,1,0,0,1,1,0,0,1,1,0,1,0,0
5681,18,67,2,1,7,62,2,1,0,0,2,0,2,63,1,0,0,1,0,1,0,1,1,0,0,0,1
5682,14,74,2,2,6,96,0,2,0,2,4,1,0,68,1,0,1,0,0,1,0,1,1,0,0,1,0
5683,20,97,1,1,7,81,1,3,1,2,3,1,0,71,1,0,1,0,1,0,0,1,0,1,0,1,0
5684,17,66,1,1,8,83,1,4,1,2,5,0,1,65,1,0,0,1,0,1,0,1,1,0,1,0,0
5685,11,85,2,1,7,96,1,1,0,1,3,0,0,66,1,0,1,0,0,1,1,0,1,0,0,1,0
5686,28,84,2,2,9,76,2,0,2,1,3,0,0,72,1,0,0,1,0,1,0,1,1,0,1,0,0
5687,17,65,2,2,8,72,0,1,0,1,4,1,1,65,1,0,1,0,0,1,0,1,1,0,0,0,1
5688,12,73,0,1,7,82,1,1,0,1,3,0,2,60,1,0,1,0,1,0,1,0,1,0,0,0,1
5689,19,83,0,1,7,78,2,2,0,2,4,2,1,67,1,0,1,0,1,0,1,0,1,0,0,0,1
5690,20,67,1,2,10,53,2,1,0,1,2,2,0,65,1,0,0,1,1,0,0,1,1,0,0,0,1
5691,10,92,2,0,6,59,2,0,0,1,2,0,1,64,0,1,1,0,0,1,0,1,1,0,1,0,0
5692,22,99,2,2,7,51,1,2,2,2,4,0,1,72,1,0,1,0,0,1,0,1,0,1,1,0,0
5693,14,69,2,1,6,55,1,3,0,0,2,0,1,62,1,0,0,1,1,0,0,1,1,0,0,0,1
5694,30,67,1,1,8,86,1,0,0,1,4,0,1,67,0,1,1,0,0,1,0,1,1,0,0,1,0
5695,23,78,1,1,10,50,1,1,1,1,3,2,0,67,0,1,0,1,0,1,0,1,0,1,0,0,1
5696,18,90,1,1,7,65,0,4,1,1,3,1,0,69,0,1,1,0,1,0,0,1,1,0,0,0,1
5697,16,71,2,2,7,72,0,1,1,0,4,1,1,65,0,1,0,1,0,1,0,1,1,0,0,1,0
5698,19,61,1,2,7,97,0,0,1,2,3,1,2,62,1,0,1,0,1,0,0,1,0,1,1,0,0
5699,24,82,2,1,5,66,1,0,1,1,3,2,0,69,1,0,0,1,0,1,0,1,1,0,0,1,0
5700,20,98,1,2,7,89,1,1,2,1,3,1,2,72,0,1,1,0,1,0,0,1,1,0,0,0,1
5701,19,76,0,2,10,70,0,1,0,1,3,1,2,63,0,1,1,0,0,1,0,1,1,0,1,0,0
5702,20,77,2,1,8,55,0,1,1,1,3,1,2,64,0,1,1,0,1,0,0,1,1,0,1,0,0
5703,16,99,0,1,9,55,1,1,2,1,3,1,2,67,0,1,1,0,0,1,0,1,0,1,0,1,0
5704,18,88,1,1,9,72,2,2,2,2,4,2,1,70,1,0,1,0,1,0,0,1,1,0,0,1,0
5705,7,89,2,0,6,53,1,3,0,2,2,0,1,64,1,0,0,1,0,1,0,1,1,0,0,1,0
5706,26,83,1,1,10,79,1,1,2,1,2,0,1,69,0,1,1,0,1,0,0,1,1,0,0,1,0
5707,22,99,2,2,4,75,0,2,1,1,4,0,0,72,0,1,0,1,1,0,0,1,1,0,1,0,0
5708,15,88,1,1,7,85,1,4,1,1,2,2,0,69,0,1,0,1,0,1,0,1,1,0,1,0,0
5709,31,96,2,1,4,59,1,3,0,1,5,0,0,75,0,1,0,1,0,1,0,1,1,0,0,1,0
5710,21,88,0,1,4,80,0,1,1,1,2,2,0,67,1,0,1,0,1,0,0,1,0,1,0,0,1
5711,14,89,1,1,8,59,2,1,0,1,3,1,0,67,1,0,0,1,0,1,0,1,1,0,0,1,0
5712,25,72,1,1,6,86,2,0,1,1,2,0,2,66,0,1,1,0,1,0,0,1,1,0,0,1,0
5713,22,72,1,0,9,65,2,0,1,1,3,0,1,64,1,0,1,0,0,1,0,1,1,0,0,1,0
5714,22,91,1,0,4,81,1,2,0,2,3,0,0,68,1,0,0,1,1,0,0,1,1,0,1,0,0
5715,17,72,2,1,7,94,2,1,0,1,5,0,1,66,1,0,1,0,0,1,0,1,1,0,0,1,0
5716,23,83,2,1,5,74,1,3,0,1,2,2,0,69,1,0,1,0,1,0,0,1,1,0,1,0,0
5717,18,70,2,0,7,60,1,1,1,2,3,1,0,65,1,0,1,0,0,1,0,1,1,0,0,0,1
5718,23,93,1,0,9,94,2,2,1,0,3,0,1,70,0,1,0,1,0,1,0,1,1,0,1,0,0
5720,17,93,1,1,8,87,0,2,2,2,3,1,1,69,1,0,0,1,1,0,0,1,1,0,1,0,0
5721,30,84,2,0,5,66,0,0,1,0,2,2,0,70,0,1,1,0,0,1,0,1,1,0,0,0,1
5722,15,67,0,1,5,65,1,4,1,1,2,1,0,63,1,0,0,1,0,1,0,1,1,0,1,0,0
5723,16,82,1,1,7,82,1,1,1,0,3,2,1,66,0,1,1,0,1,0,0,1,1,0,0,1,0
5724,17,71,1,1,6,58,1,3,1,1,3,0,0,64,1,0,0,1,0,1,0,1,0,1,0,0,1
5725,13,73,1,2,8,93,1,0,2,2,3,2,0,65,0,1,1,0,1,0,0,1,1,0,0,1,0
5726,7,74,2,1,10,69,2,1,2,1,4,0,0,64,1,0,1,0,1,0,0,1,1,0,0,0,1
5727,19,63,1,0,6,51,2,2,1,1,4,0,0,62,1,0,1,0,0,1,0,1,1,0,0,1,0
5728,21,99,2,1,6,65,0,1,1,1,2,1,2,71,0,1,0,1,0,1,0,1,1,0,0,0,1
5729,20,61,1,2,5,89,1,1,1,1,2,2,2,64,0,1,1,0,1,0,0,1,1,0,0,1,0
5730,19,86,2,2,7,93,2,1,1,2,2,0,0,72,1,0,1,0,0,1,0,1,1,0,0,1,0
5731,20,75,1,1,7,78,1,0,0,1,2,1,0,64,0,1,1,0,1,0,0,1,1,0,1,0,0
5732,26,86,1,0,7,65,1,2,2,2,4,2,1,71,1,0,0,1,0,1,0,1,1,0,0,1,0
5733,19,74,1,1,8,76,2,5,1,2,4,1,0,68,0,1,1,0,0,1,0,1,0,1,0,1,0
5734,17,87,1,1,8,92,1,3,2,0,2,1,0,68,1,0,1,0,0,1,1,0,1,0,1,0,0
5735,18,89,1,1,7,66,1,2,1,1,3,1,1,68,1,0,1,0,1,0,0,1,1,0,0,0,1
5736,23,88,1,1,7,69,1,3,0,2,3,0,0,69,1,0,1,0,1,0,0,1,1,0,1,0,0
5737,28,65,0,1,7,77,2,1,0,2,3,1,0,67,1,0,1,0,0,1,0,1,1,0,0,0,1
5738,16,86,1,0,7,94,0,0,0,1,4,0,0,66,1,0,0,1,1,0,0,1,1,0,0,0,1
5739,21,71,1,1,6,79,1,1,0,1,4,2,2,65,1,0,0,1,0,1,0,1,1,0,0,1,0
5740,22,61,1,2,5,60,2,0,2,0,2,0,1,63,1,0,0,1,1,0,0,1,1,0,0,1,0
5741,14,77,2,0,7,54,1,1,1,2,2,0,1,62,1,0,1,0,1,0,0,1,1,0,1,0,0
5742,20,77,2,2,6,55,1,1,2,0,1,1,0,67,1,0,0,1,1,0,0,1,1,0,0,1,0
5743,11,79,1,1,8,98,1,2,0,1,4,0,0,65,0,1,1,0,0,1,0,1,1,0,0,1,0
5744,9,88,1,1,7,91,1,1,0,1,3,1,0,66,0,1,1,0,0,1,0,1,1,0,1,0,0
5745,22,72,0,2,7,88,1,2,1,1,4,0,0,66,0,1,1,0,1,0,1,0,1,0,0,0,1
5746,18,73,1,1,8,75,1,0,2,1,1,1,0,64,0,1,1,0,0,1,0,1,0,1,0,1,0
5747,21,62,2,1,5,84,1,5,0,1,4,0,0,67,0,1,1,0,0,1,0,1,1,0,0,0,1
5748,20,87,1,1,10,56,1,2,1,1,2,1,1,67,0,1,1,0,1,0,0,1,1,0,0,1,0
5749,14,83,0,0,4,81,0,1,0,1,4,0,1,61,1,0,1,0,1,0,0,1,0,1,1,0,0
5750,20,74,1,1,9,91,1,1,0,1,5,0,0,66,1,0,1,0,0,1,0,1,1,0,0,1,0
5751,13,88,2,1,7,53,1,2,1,1,4,1,1,66,1,0,0,1,0,1,0,1,1,0,1,0,0
5752,28,81,1,0,6,65,1,1,0,1,2,0,1,67,1,0,1,0,0,1,0,1,1,0,0,0,1
5753,12,79,2,1,5,56,2,1,0,0,5,0,0,64,0,1,1,0,1,0,0,1,1,0,0,0,1
5754,19,80,2,0,6,63,0,1,0,1,3,0,0,64,1,0,1,0,1,0,0,1,1,0,0,1,0
5755,14,85,0,1,7,89,1,2,1,2,2,1,1,67,1,0,1,0,1,0,0,1,1,0,0,0,1
5756,23,86,0,2,7,67,0,2,1,2,3,1,0,68,0,1,0,1,1,0,0,1,0,1,0,1,0
5757,18,72,1,0,9,84,1,2,1,1,4,0,0,64,1,0,1,0,1,0,0,1,1,0,0,1,0
5758,17,66,1,1,7,89,1,0,1,1,3,1,0,63,1,0,0,1,0,1,0,1,1,0,1,0,0
5759,25,66,1,2,7,91,1,2,0,2,3,1,0,68,1,0,1,0,0,1,0,1,1,0,0,1,0
5760,20,86,0,0,8,94,0,2,0,1,2,0,2,64,0,1,0,1,1,0,0,1,1,0,1,0,0
5761,23,95,0,1,7,80,2,2,0,1,4,0,1,70,0,1,1,0,0,1,0,1,1,0,0,1,0
5762,14,76,0,1,7,64,1,3,1,1,3,1,0,64,1,0,0,1,1,0,0,1,1,0,0,0,1
5763,12,67,2,1,7,58,1,0,2,1,2,0,2,59,1,0,1,0,1,0,0,1,0,1,0,1,0
5764,21,90,2,1,8,75,1,4,0,2,2,0,1,71,1,0,1,0,0,1,0,1,1,0,0,1,0
5765,18,93,0,1,6,55,1,3,0,1,5,0,1,67,1,0,1,0,0,1,0,1,1,0,1,0,0
5766,24,95,1,0,6,96,2,3,0,1,3,2,0,73,0,1,0,1,0,1,0,1,1,0,0,1,0
5767,20,84,0,0,8,72,1,3,2,1,3,0,0,66,1,0,1,0,1,0,0,1,1,0,0,1,0
5768,21,94,2,2,5,94,1,2,0,2,2,1,0,73,1,0,0,1,1,0,0,1,1,0,0,1,0
5769,10,61,2,1,7,85,2,1,1,1,4,0,0,62,0,1,1,0,0,1,0,1,1,0,0,1,0
5770,31,64,1,2,6,93,1,1,0,2,3,0,0,69,0,1,1,0,1,0,0,1,1,0,0,1,0
5771,19,64,1,2,8,94,1,3,1,2,3,2,0,66,0,1,0,1,1,0,0,1,0,1,0,1,0
5772,24,89,1,0,9,53,1,1,0,2,3,0,0,68,1,0,0,1,0,1,0,1,1,0,0,1,0
5773,15,63,1,1,6,86,0,4,2,1,5,0,0,65,1,0,1,0,0,1,0,1,1,0,0,0,1
5774,22,80,1,1,8,61,2,1,0,1,2,1,1,67,1,0,1,0,0,1,0,1,1,0,0,0,1
5775,12,79,1,1,7,99,0,2,1,1,2,0,0,64,0,1,1,0,0,1,0,1,0,1,1,0,0
5776,23,72,2,2,6,89,1,0,1,2,3,0,1,67,1,0,0,1,0,1,1,0,1,0,1,0,0
5777,18,95,0,0,7,50,0,3,1,1,3,0,1,66,0,1,0,1,0,1,0,1,1,0,0,1,0
5778,20,67,2,1,9,96,2,1,2,2,3,0,0,68,0,1,1,0,1,0,0,1,1,0,0,0,1
5779,24,74,1,1,7,65,0,3,1,2,2,1,0,68,1,0,1,0,0,1,0,1,1,0,0,1,0
5780,13,91,1,0,9,71,0,1,0,1,2,1,2,64,1,0,1,0,0,1,0,1,1,0,0,0,1
5781,16,61,2,1,7,81,0,2,1,1,1,0,0,63,0,1,1,0,0,1,0,1,1,0,0,1,0
5782,23,87,2,1,5,96,1,2,1,1,3,1,1,72,0,1,1,0,1,0,0,1,1,0,0,0,1
5783,33,93,2,1,7,96,1,1,0,2,1,2,1,75,0,1,1,0,1,0,0,1,1,0,0,0,1
5784,19,97,2,1,5,78,0,2,0,1,3,0,0,71,1,0,1,0,1,0,0,1,1,0,0,0,1
5785,24,95,2,1,7,66,0,2,2,2,3,0,0,71,1,0,1,0,1,0,0,1,1,0,1,0,0
5786,19,73,1,1,6,64,0,4,1,1,5,1,0,66,0,1,1,0,0,1,0,1,0,1,0,0,1
5787,32,83,2,1,10,68,1,3,0,1,4,0,1,71,0,1,0,1,0,1,1,0,1,0,0,0,1
5788,10,63,2,1,9,59,0,0,1,2,5,2,1,61,1,0,1,0,1,0,0,1,1,0,0,0,1
5789,21,70,1,1,7,83,1,1,1,1,3,0,2,65,1,0,1,0,0,1,0,1,1,0,0,1,0
5791,5,73,2,0,6,89,2,1,1,1,2,0,0,62,1,0,1,0,0,1,0,1,1,0,0,1,0
5792,22,95,2,0,5,55,1,2,2,2,0,1,0,69,0,1,1,0,1,0,0,1,0,1,0,1,0
5793,21,74,1,0,8,70,1,1,1,1,3,2,2,65,1,0,1,0,0,1,0,1,1,0,0,1,0
5794,18,82,2,1,8,62,2,3,0,1,4,0,0,69,0,1,0,1,0,1,0,1,1,0,0,1,0
5795,19,77,2,1,6,77,2,1,0,2,3,1,0,68,0,1,0,1,0,1,0,1,1,0,0,1,0
5796,39,78,1,1,6,73,1,0,0,1,2,1,2,70,1,0,1,0,1,0,0,1,1,0,0,0,1
5797,18,99,2,1,8,72,1,4,0,1,4,0,0,72,0,1,1,0,0,1,0,1,1,0,0,1,0
5798,23,72,0,1,4,66,0,3,0,1,4,2,0,66,0,1,0,1,0,1,1,0,1,0,0,0,1
5799,16,85,0,2,8,86,0,2,2,1,4,0,0,68,0,1,0,1,0,1,0,1,1,0,0,1,0
5800,22,77,1,1,7,74,2,2,0,0,4,1,0,67,1,0,0,1,0,1,0,1,1,0,1,0,0
5801,19,62,2,0,8,60,1,1,0,1,2,1,2,61,0,1,1,0,0,1,0,1,1,0,0,0,1
5802,18,80,0,0,8,77,1,1,0,2,2,1,0,64,0,1,1,0,0,1,0,1,1,0,1,0,0
5803,31,93,2,1,6,80,1,3,1,1,2,0,0,74,1,0,1,0,1,0,0,1,1,0,0,1,0
5804,27,64,1,1,5,51,2,1,0,2,3,0,0,64,0,1,1,0,1,0,0,1,1,0,1,0,0
5805,21,63,2,0,9,60,1,2,1,1,2,2,0,64,1,0,1,0,0,1,0,1,1,0,1,0,0
5806,6,66,2,1,7,62,0,2,0,1,4,2,0,61,1,0,1,0,0,1,0,1,1,0,0,1,0
5807,18,91,2,2,7,62,1,3,0,1,3,0,0,71,1,0,0,1,0,1,0,1,1,0,0,0,1
5808,36,89,2,0,8,62,0,2,0,2,3,1,1,72,1,0,0,1,0,1,0,1,1,0,1,0,0
5809,19,83,2,2,6,64,1,0,1,1,5,2,0,68,0,1,0,1,1,0,0,1,1,0,1,0,0
5810,27,79,0,2,8,63,2,2,0,1,5,1,1,69,0,1,1,0,0,1,0,1,1,0,1,0,0
5811,29,96,1,2,8,94,2,2,0,2,4,0,0,74,1,0,1,0,1,0,1,0,1,0,1,0,0
5812,21,91,1,2,9,66,0,3,0,1,4,1,1,70,0,1,1,0,0,1,0,1,1,0,0,1,0
5813,15,92,2,0,9,67,0,1,2,2,2,2,0,69,1,0,1,0,0,1,0,1,1,0,0,0,1
5814,5,93,0,0,7,63,1,2,1,2,3,2,0,64,1,0,1,0,1,0,0,1,1,0,0,1,0
5815,24,86,0,0,8,98,1,2,2,1,5,2,2,71,1,0,1,0,0,1,0,1,1,0,0,0,1
5816,15,78,2,0,7,77,0,0,2,1,3,1,0,65,1,0,1,0,0,1,0,1,1,0,0,1,0
5817,21,95,2,1,7,81,1,0,1,1,3,0,0,71,1,0,1,0,0,1,0,1,1,0,0,1,0
5818,13,97,2,2,5,87,0,1,1,2,2,2,0,71,0,1,1,0,0,1,0,1,1,0,0,1,0
5819,18,61,0,1,7,67,1,5,2,2,2,2,0,66,1,0,1,0,0,1,0,1,1,0,0,0,1
5820,20,62,1,1,4,98,2,1,2,0,4,0,0,64,1,0,1,0,1,0,0,1,1,0,1,0,0
5821,22,98,1,1,7,58,1,0,1,1,3,0,0,70,1,0,0,1,1,0,0,1,1,0,0,1,0
5822,13,71,0,0,9,73,0,1,2,2,3,0,1,61,1,0,0,1,1,0,0,1,1,0,0,1,0
5823,27,95,1,1,8,57,2,1,1,0,3,0,1,71,0,1,0,1,0,1,0,1,1,0,0,0,1
5824,16,76,1,1,7,90,1,0,0,1,3,2,1,65,1,0,1,0,1,0,0,1,1,0,0,1,0
5825,10,65,0,2,7,55,1,0,0,2,3,0,0,59,0,1,1,0,1,0,0,1,1,0,0,1,0
5826,19,63,1,1,6,78,0,3,1,1,2,1,0,63,1,0,1,0,0,1,0,1,0,1,0,1,0
5827,20,66,1,1,6,55,0,1,2,2,3,2,1,64,0,1,1,0,0,1,0,1,1,0,1,0,0
5828,21,70,0,0,8,73,0,0,2,1,4,1,0,63,1,0,1,0,1,0,0,1,1,0,0,1,0
5829,28,80,2,2,5,64,1,1,0,1,2,2,1,70,0,1,0,1,1,0,0,1,1,0,0,1,0
5830,19,88,2,1,5,95,1,1,1,2,3,0,0,70,1,0,1,0,0,1,0,1,1,0,0,1,0
5831,19,99,2,2,8,53,1,1,1,1,4,1,0,72,1,0,0,1,0,1,0,1,1,0,0,1,0
5832,13,78,1,2,7,82,2,0,0,2,2,1,1,65,0,1,1,0,1,0,0,1,1,0,0,1,0
5833,25,81,2,1,7,85,2,3,1,1,1,2,1,71,0,1,1,0,0,1,0,1,1,0,1,0,0
5834,21,81,2,1,7,94,1,3,1,1,1,2,1,70,1,0,1,0,0,1,0,1,1,0,0,1,0
5835,17,82,1,0,10,94,1,1,2,2,3,0,1,66,0,1,0,1,1,0,0,1,1,0,0,1,0
5836,9,81,1,1,7,99,1,2,0,1,3,0,1,64,0,1,1,0,0,1,0,1,1,0,0,1,0
5837,29,60,0,2,7,63,1,0,0,1,4,2,0,64,1,0,1,0,1,0,0,1,1,0,1,0,0
5838,13,60,2,0,10,64,0,1,1,1,4,1,2,59,1,0,1,0,1,0,0,1,1,0,0,1,0
5839,16,64,1,2,7,70,1,5,0,0,4,0,1,65,1,0,1,0,0,1,0,1,1,0,0,0,1
5840,22,64,2,1,10,77,1,1,0,2,3,0,1,66,1,0,1,0,0,1,0,1,1,0,0,0,1
5841,13,88,1,1,4,68,2,1,2,1,2,0,0,67,0,1,1,0,0,1,0,1,1,0,0,0,1
5842,11,68,2,1,5,87,1,1,0,1,4,0,2,62,1,0,1,0,0,1,0,1,0,1,0,0,1
5843,7,96,2,0,6,50,1,1,2,1,3,1,0,65,1,0,0,1,1,0,0,1,1,0,1,0,0
5844,24,97,2,1,8,51,1,3,0,1,2,2,0,73,0,1,1,0,0,1,0,1,1,0,0,1,0
5845,17,99,1,1,10,86,0,1,1,1,2,1,0,70,1,0,0,1,1,0,0,1,1,0,0,0,1
5846,38,98,0,1,6,94,1,2,0,0,4,2,0,75,0,1,1,0,1,0,0,1,1,0,1,0,0
5847,14,71,2,2,8,89,1,0,1,1,3,2,0,66,0,1,1,0,0,1,0,1,1,0,0,1,0
5848,14,80,2,1,10,56,0,1,0,1,3,2,1,65,0,1,1,0,1,0,0,1,1,0,0,0,1
5849,17,67,1,1,9,97,1,1,1,0,3,2,1,64,0,1,1,0,1,0,0,1,1,0,0,1,0
5850,21,92,2,0,6,76,0,2,0,1,5,1,0,70,1,0,1,0,1,0,0,1,1,0,0,0,1
5851,17,96,1,2,8,87,1,0,1,1,5,0,1,71,1,0,0,1,0,1,0,1,1,0,0,0,1
5852,24,94,0,1,8,60,0,0,1,1,3,0,0,68,1,0,1,0,1,0,0,1,1,0,0,1,0
5853,14,77,1,1,6,77,0,1,0,2,2,1,0,64,1,0,0,1,0,1,0,1,1,0,0,1,0
5854,12,90,2,2,8,67,0,2,0,0,3,0,0,67,0,1,1,0,1,0,0,1,1,0,0,1,0
5855,9,64,1,2,6,99,1,6,0,2,6,0,1,65,1,0,1,0,0,1,0,1,0,1,0,0,1
5856,7,62,2,1,7,74,1,3,1,1,3,2,0,62,0,1,1,0,0,1,0,1,1,0,0,1,0
5857,17,90,0,2,5,88,0,1,1,1,1,1,0,68,0,1,1,0,0,1,0,1,1,0,1,0,0
5858,18,77,2,1,4,80,1,1,1,0,2,1,0,66,1,0,0,1,0,1,0,1,1,0,1,0,0
5859,16,100,2,2,7,55,2,1,0,1,2,1,1,69,1,0,1,0,0,1,0,1,0,1,1,0,0
5860,27,64,1,1,7,77,2,3,2,1,4,0,1,68,1,0,1,0,0,1,0,1,1,0,0,1,0
5861,27,94,1,0,5,77,1,0,1,2,2,1,0,71,0,1,1,0,1,0,0,1,1,0,0,0,1
5862,18,79,1,2,8,86,1,3,0,0,4,1,0,68,0,1,1,0,0,1,0,1,1,0,0,1,0
5863,9,93,2,0,7,66,1,0,0,0,2,1,1,64,1,0,0,1,0,1,0,1,1,0,0,1,0
5864,17,93,0,1,8,93,0,0,0,1,3,1,1,66,1,0,1,0,1,0,0,1,1,0,1,0,0
5865,16,97,1,0,8,81,2,0,2,2,2,0,0,70,1,0,0,1,0,1,0,1,1,0,0,0,1
5866,16,72,0,1,9,52,1,1,1,2,1,1,1,60,0,1,1,0,1,0,0,1,0,1,1,0,0
5867,16,98,1,1,8,85,0,0,0,2,2,1,2,69,1,0,1,0,0,1,0,1,1,0,0,0,1
5868,16,66,1,1,7,95,0,1,1,1,4,1,0,65,1,0,1,0,0,1,0,1,1,0,0,0,1
5869,18,63,2,2,7,84,1,1,1,2,2,0,0,66,0,1,1,0,0,1,0,1,1,0,0,1,0
5870,16,77,1,0,10,69,1,1,1,1,3,0,0,64,0,1,0,1,1,0,0,1,1,0,0,1,0
5871,21,93,1,2,8,80,1,0,2,2,1,1,1,71,0,1,1,0,1,0,0,1,1,0,0,0,1
5872,22,79,2,0,7,59,1,0,1,1,3,1,0,66,1,0,1,0,1,0,0,1,1,0,0,0,1
5873,15,93,1,0,7,80,0,0,0,1,3,0,0,66,0,1,1,0,0,1,0,1,1,0,0,0,1
5874,28,89,1,1,6,75,1,1,0,0,3,0,1,68,1,0,0,1,1,0,0,1,1,0,1,0,0
5875,14,68,2,2,5,51,2,1,2,1,5,0,1,63,1,0,1,0,1,0,0,1,0,1,0,1,0
5876,10,98,1,0,10,66,0,1,0,2,2,1,0,66,0,1,1,0,0,1,0,1,1,0,1,0,0
5877,22,62,0,1,8,60,0,0,1,2,2,1,0,61,1,0,1,0,1,0,1,0,1,0,0,0,1
5878,15,96,1,0,5,70,2,4,0,2,3,1,0,70,1,0,0,1,1,0,0,1,1,0,0,0,1
5879,22,72,1,2,7,62,0,5,2,1,2,1,1,68,0,1,0,1,0,1,0,1,1,0,0,1,0
5880,6,80,1,1,9,92,0,5,0,1,2,2,1,65,1,0,1,0,0,1,0,1,1,0,0,1,0
5881,28,77,2,1,6,85,2,0,0,1,1,2,0,69,0,1,1,0,1,0,0,1,1,0,1,0,0
5882,24,67,1,2,6,87,0,0,1,1,4,1,0,67,1,0,1,0,0,1,0,1,1,0,0,0,1
5883,11,74,2,1,8,68,0,0,1,1,3,0,1,62,1,0,1,0,1,0,0,1,1,0,0,0,1
5884,11,68,0,2,8,50,0,2,0,2,4,0,0,61,0,1,0,1,0,1,0,1,1,0,0,0,1
5885,30,68,2,2,6,61,2,1,1,1,3,2,0,70,0,1,1,0,0,1,0,1,1,0,0,0,1
5886,16,67,2,1,6,88,1,0,2,0,3,1,0,65,1,0,1,0,0,1,0,1,1,0,0,1,0
5887,15,80,2,1,8,80,1,1,0,1,4,0,1,65,0,1,1,0,1,0,0,1,1,0,0,1,0
5888,6,92,1,1,5,77,1,1,0,2,4,0,0,66,1,0,1,0,0,1,0,1,1,0,0,0,1
5889,18,83,1,2,6,64,0,1,1,2,3,0,0,66,0,1,0,1,0,1,1,0,1,0,1,0,0
5890,19,96,1,1,7,54,2,1,0,1,3,1,0,69,1,0,1,0,0,1,0,1,1,0,0,1,0
5891,24,85,2,2,8,89,1,1,0,1,3,0,1,70,0,1,1,0,1,0,0,1,1,0,0,1,0
5892,12,88,2,1,6,52,0,1,1,2,1,0,0,63,1,0,1,0,1,0,1,0,1,0,1,0,0
5893,11,87,0,1,8,53,2,1,1,1,3,0,0,64,0,1,1,0,1,0,0,1,1,0,0,0,1
5894,23,78,2,0,9,65,2,1,0,2,2,1,2,65,0,1,1,0,1,0,0,1,0,1,0,1,0
5895,26,88,2,1,6,79,1,1,0,2,4,0,2,71,1,0,1,0,0,1,0,1,1,0,0,1,0
5896,11,63,1,1,10,100,2,0,1,1,3,0,2,61,0,1,1,0,0,1,0,1,1,0,0,1,0
5897,26,94,0,0,9,55,0,2,2,1,3,0,0,69,1,0,1,0,0,1,0,1,1,0,0,1,0
5898,20,91,2,1,7,74,1,1,1,1,4,0,1,69,1,0,1,0,1,0,0,1,1,0,0,1,0
5899,27,70,1,1,7,80,0,1,0,1,3,0,0,66,0,1,1,0,1,0,0,1,1,0,0,1,0
5900,20,91,2,1,6,91,1,3,2,2,2,0,0,72,1,0,1,0,1,0,0,1,1,0,0,1,0
5901,5,61,2,1,9,84,2,1,1,1,3,1,0,60,1,0,1,0,1,0,0,1,1,0,0,1,0
5902,19,69,0,0,7,90,1,0,0,1,1,1,0,62,1,0,1,0,1,0,0,1,1,0,0,1,0
5903,26,63,1,1,5,76,1,3,1,2,5,0,0,66,0,1,1,0,0,1,0,1,0,1,0,1,0
5904,15,91,1,2,4,72,0,1,2,2,2,0,0,69,1,0,0,1,0,1,0,1,1,0,0,1,0
5905,18,90,2,1,7,81,1,2,1,0,3,2,1,69,1,0,1,0,1,0,0,1,1,0,1,0,0
5906,19,93,1,2,7,95,0,3,1,1,3,0,0,71,0,1,0,1,1,0,0,1,1,0,1,0,0
5908,30,80,2,2,5,80,1,0,0,1,4,2,0,72,0,1,0,1,1,0,0,1,1,0,0,0,1
5909,15,88,0,1,4,67,1,1,1,2,4,0,2,66,0,1,0,1,0,1,0,1,1,0,0,0,1
5910,23,66,1,1,6,80,1,1,1,1,3,1,0,66,0,1,1,0,0,1,0,1,1,0,0,0,1
5911,19,86,1,1,6,81,1,3,1,2,3,1,0,70,1,0,1,0,1,0,0,1,1,0,0,1,0
5912,28,63,1,1,8,88,1,2,0,2,2,0,0,67,1,0,1,0,1,0,0,1,1,0,0,0,1
5913,22,67,1,1,7,79,1,1,1,0,3,1,1,65,0,1,0,1,0,1,0,1,1,0,0,1,0
5914,19,79,1,1,9,60,0,1,0,1,3,0,0,63,0,1,1,0,0,1,0,1,0,1,0,1,0
5915,15,86,2,0,8,79,1,3,0,1,3,1,0,68,0,1,1,0,1,0,0,1,1,0,0,0,1
5916,25,66,0,1,8,65,1,0,1,1,3,0,0,63,1,0,1,0,0,1,0,1,0,1,0,0,1
5917,9,67,1,2,8,54,1,3,1,2,5,1,1,63,1,0,0,1,0,1,0,1,1,0,0,0,1
5918,24,68,1,1,5,91,2,1,2,1,4,1,0,68,0,1,1,0,0,1,0,1,1,0,1,0,0
5919,13,70,1,1,6,53,1,2,0,1,0,1,1,60,0,1,1,0,0,1,0,1,0,1,1,0,0
5920,28,69,1,1,10,82,2,0,1,1,2,0,0,67,0,1,0,1,1,0,0,1,1,0,0,1,0
5921,21,76,0,0,4,99,2,0,0,0,3,1,2,65,1,0,1,0,0,1,0,1,1,0,0,0,1
5922,24,86,2,0,7,54,1,0,0,2,2,1,0,68,1,0,1,0,0,1,0,1,1,0,0,1,0
5923,20,78,1,0,8,61,1,0,1,1,2,0,1,62,0,1,1,0,1,0,0,1,0,1,0,1,0
5924,9,91,1,0,4,88,0,2,1,1,4,2,0,65,0,1,1,0,1,0,0,1,0,1,0,1,0
5925,15,89,1,1,6,55,2,1,0,1,3,0,0,66,1,0,0,1,0,1,0,1,1,0,0,0,1
5926,24,65,1,1,10,92,0,3,1,2,4,0,0,67,1,0,1,0,0,1,0,1,1,0,0,1,0
5927,21,62,0,2,7,50,0,1,2,1,2,0,1,60,0,1,1,0,0,1,1,0,1,0,1,0,0
5928,27,95,0,2,6,94,2,2,1,1,4,2,2,74,0,1,1,0,0,1,0,1,1,0,0,1,0
5929,22,63,0,0,7,53,1,1,2,1,4,0,0,62,1,0,1,0,0,1,0,1,1,0,0,1,0
5930,14,66,0,1,6,96,0,0,2,1,3,1,1,61,1,0,1,0,0,1,0,1,1,0,1,0,0
5931,15,61,1,1,10,93,2,0,1,2,4,0,0,63,1,0,1,0,1,0,0,1,1,0,0,1,0
5932,21,85,1,0,6,77,1,2,0,1,3,1,2,66,1,0,1,0,1,0,0,1,1,0,0,1,0
5933,6,83,1,1,6,89,1,1,0,1,4,2,0,65,0,1,1,0,1,0,0,1,1,0,0,0,1
5934,30,99,0,1,5,54,1,0,1,1,3,2,0,72,1,0,0,1,1,0,0,1,1,0,0,0,1
5935,23,95,2,1,7,57,1,1,0,1,2,0,0,70,0,1,0,1,1,0,0,1,1,0,0,1,0
5936,27,76,2,2,7,68,1,1,1,1,3,2,1,71,0,1,1,0,0,1,0,1,1,0,0,1,0
5937,11,75,2,2,9,77,1,1,2,2,2,1,1,64,1,0,0,1,0,1,1,0,0,1,0,1,0
5938,27,72,1,2,5,93,0,1,2,1,2,1,0,70,1,0,1,0,1,0,0,1,1,0,0,0,1
5939,33,66,1,1,8,77,1,2,1,0,3,0,0,68,1,0,1,0,1,0,0,1,1,0,0,1,0
5940,12,66,0,2,7,83,1,1,1,1,3,0,0,61,1,0,1,0,0,1,1,0,1,0,0,1,0
5941,25,65,2,1,4,84,2,1,2,1,2,0,0,68,1,0,1,0,0,1,0,1,1,0,0,0,1
5942,20,65,0,1,6,94,1,1,0,2,2,2,0,64,0,1,1,0,1,0,0,1,1,0,0,0,1
5943,11,70,1,2,6,89,0,2,1,1,4,0,0,64,0,1,1,0,0,1,0,1,1,0,0,0,1
5944,23,72,1,2,10,99,1,2,1,2,4,2,0,71,0,1,0,1,0,1,0,1,1,0,0,1,0
5945,25,98,1,2,8,51,1,0,1,1,2,1,1,72,0,1,0,1,0,1,0,1,1,0,0,0,1
5946,16,83,1,1,7,60,1,0,2,1,1,1,1,66,0,1,1,0,0,1,0,1,1,0,0,0,1
5947,27,100,0,1,4,97,0,4,0,2,3,0,0,74,0,1,1,0,0,1,0,1,1,0,0,0,1
5948,10,75,1,1,4,90,1,3,1,2,3,2,1,65,1,0,1,0,0,1,0,1,0,1,0,0,1
5949,11,78,2,2,8,63,0,1,0,1,3,0,0,64,0,1,1,0,1,0,0,1,1,0,0,1,0
5950,21,73,2,1,8,99,1,1,1,2,4,1,1,69,1,0,1,0,0,1,0,1,1,0,0,0,1
5951,20,67,1,1,6,93,0,1,0,1,3,1,0,62,1,0,1,0,1,0,1,0,0,1,1,0,0
5952,16,66,1,1,7,53,2,2,1,1,2,2,1,62,1,0,1,0,0,1,0,1,1,0,1,0,0
5953,25,98,0,0,7,91,1,2,0,0,3,2,0,72,0,1,1,0,0,1,0,1,1,0,0,0,1
5954,23,99,1,2,7,89,2,1,1,1,3,0,0,73,0,1,1,0,1,0,0,1,1,0,0,1,0
5955,25,62,1,0,6,61,2,1,1,1,4,2,1,64,0,1,1,0,1,0,0,1,1,0,0,0,1
5956,19,66,1,1,8,83,1,2,1,2,3,0,0,65,0,1,1,0,1,0,0,1,1,0,0,1,0
5957,24,77,2,2,9,99,1,1,0,1,1,0,0,70,1,0,1,0,0,1,0,1,1,0,0,0,1
5958,17,67,1,1,6,84,2,1,2,2,3,2,1,66,0,1,1,0,0,1,0,1,1,0,0,1,0
5959,32,75,0,2,5,91,0,1,2,1,2,1,1,70,0,1,1,0,1,0,0,1,1,0,0,0,1
5960,15,65,1,2,6,55,0,2,1,1,3,0,0,63,0,1,0,1,0,1,0,1,1,0,0,0,1
5961,33,78,0,0,7,86,1,1,0,2,4,0,0,69,1,0,1,0,1,0,0,1,1,0,0,0,1
5962,20,71,2,1,8,60,0,0,1,1,2,0,0,64,1,0,1,0,0,1,0,1,1,0,0,1,0
5963,12,74,0,1,8,54,1,2,1,1,5,2,1,63,0,1,0,1,1,0,0,1,1,0,0,0,1
5964,28,64,1,1,8,78,0,2,1,1,3,2,0,66,1,0,0,1,1,0,0,1,1,0,1,0,0
5965,21,77,1,1,8,88,0,2,2,1,1,1,1,68,0,1,0,1,0,1,0,1,1,0,0,0,1
5967,27,73,0,0,9,97,1,2,1,2,1,0,0,67,0,1,1,0,1,0,0,1,1,0,0,1,0
5968,22,95,1,1,7,85,1,0,1,1,4,1,0,71,1,0,0,1,1,0,0,1,1,0,0,0,1
5969,16,94,0,0,8,56,0,2,0,2,2,1,0,66,0,1,1,0,0,1,0,1,1,0,0,0,1
5970,26,98,1,0,7,97,1,2,0,1,2,2,1,72,1,0,1,0,0,1,0,1,0,1,0,1,0
5971,20,92,2,1,7,58,0,2,0,0,4,2,0,70,0,1,1,0,0,1,0,1,1,0,0,1,0
5972,24,86,1,1,7,88,1,1,0,1,3,0,2,69,1,0,1,0,0,1,0,1,1,0,0,1,0
5973,7,94,1,0,9,57,2,2,1,1,3,2,0,66,0,1,1,0,0,1,0,1,1,0,1,0,0
5974,23,63,2,2,7,100,0,2,1,2,3,2,0,69,0,1,0,1,1,0,0,1,1,0,0,0,1
5975,16,79,1,1,6,67,0,2,1,2,3,1,0,65,1,0,0,1,0,1,1,0,1,0,0,0,1
5976,30,100,2,2,6,75,1,0,0,1,4,1,1,75,0,1,1,0,1,0,0,1,1,0,0,1,0
5977,24,91,0,1,8,73,1,2,0,2,2,2,1,70,1,0,0,1,1,0,0,1,1,0,0,0,1
5978,21,98,2,0,6,55,0,1,1,1,3,0,0,70,1,0,1,0,0,1,0,1,1,0,0,0,1
5979,23,91,1,2,7,75,0,2,0,2,2,0,2,69,1,0,1,0,0,1,0,1,1,0,1,0,0
5980,14,95,2,1,7,57,1,2,0,0,2,1,0,68,0,1,1,0,1,0,0,1,1,0,0,1,0
5981,30,88,0,1,6,90,2,4,2,1,2,1,1,73,1,0,0,1,0,1,0,1,1,0,1,0,0
5982,32,90,1,1,5,98,2,0,1,2,3,1,1,74,1,0,1,0,0,1,0,1,1,0,0,1,0
5983,22,81,0,0,5,90,1,0,2,1,2,1,1,66,0,1,1,0,1,0,0,1,1,0,0,0,1
5984,30,97,2,1,6,72,2,1,0,2,2,0,2,74,0,1,1,0,0,1,0,1,1,0,0,0,1
5985,17,93,1,0,5,50,0,3,2,1,2,0,1,67,1,0,1,0,0,1,0,1,1,0,0,0,1
5986,15,94,2,1,8,52,0,1,1,1,2,1,2,67,0,1,0,1,0,1,0,1,1,0,0,0,1
5987,20,87,1,2,10,75,0,3,1,1,2,1,0,70,0,1,0,1,1,0,0,1,1,0,0,1,0
5988,23,72,0,2,6,84,1,1,2,2,2,0,0,67,1,0,1,0,0,1,0,1,1,0,0,1,0
5990,23,97,1,2,6,80,0,1,0,0,2,1,1,70,1,0,1,0,0,1,0,1,1,0,1,0,0
5991,22,83,2,1,8,99,0,4,2,2,4,0,0,71,0,1,1,0,1,0,0,1,0,1,1,0,0
5992,14,72,1,0,8,75,2,4,2,1,2,1,0,64,1,0,0,1,1,0,0,1,0,1,0,0,1
5993,23,66,2,2,7,80,1,1,1,1,3,1,1,68,0,1,1,0,0,1,0,1,1,0,0,0,1
5994,25,93,1,1,5,62,1,0,0,1,3,0,2,68,1,0,1,0,1,0,0,1,1,0,0,1,0
5995,21,93,1,1,6,67,1,1,2,1,3,0,0,69,0,1,1,0,0,1,1,0,1,0,0,0,1
5996,27,93,2,0,7,84,0,1,1,1,2,2,0,72,1,0,0,1,0,1,0,1,1,0,0,1,0
5997,13,86,1,1,7,80,1,0,0,1,5,1,0,65,1,0,0,1,1,0,0,1,1,0,1,0,0
5998,23,75,0,0,7,68,1,1,2,0,4,0,0,64,1,0,0,1,0,1,0,1,0,1,0,1,0
5999,13,72,1,2,8,56,0,1,0,2,4,2,1,64,0,1,1,0,1,0,0,1,1,0,0,0,1
6001,16,93,2,1,7,52,0,2,1,2,3,0,0,69,1,0,1,0,0,1,0,1,1,0,0,1,0
6002,14,63,2,0,7,79,1,1,0,1,3,0,0,61,1,0,1,0,1,0,0,1,1,0,0,1,0
6003,17,85,2,2,6,66,1,0,1,2,2,1,1,68,0,1,1,0,0,1,0,1,1,0,0,1,0
6004,19,80,2,1,6,69,0,1,0,0,4,1,0,66,1,0,0,1,0,1,0,1,0,1,0,1,0
6005,25,81,1,1,8,79,0,1,1,1,4,1,0,68,0,1,1,0,1,0,0,1,1,0,0,1,0
6006,18,97,0,2,5,79,0,2,0,2,3,1,1,70,1,0,1,0,1,0,0,1,1,0,0,0,1
6007,10,61,2,0,10,79,1,4,2,2,2,1,1,62,1,0,1,0,0,1,0,1,0,1,0,0,1
6008,27,91,1,1,8,75,0,2,1,2,3,0,0,71,1,0,0,1,1,0,0,1,1,0,0,1,0
6009,15,62,1,1,7,74,2,0,0,2,3,2,1,61,0,1,1,0,1,0,0,1,1,0,1,0,0
6010,20,62,2,1,7,91,0,1,1,0,3,1,0,64,1,0,1,0,0,1,0,1,1,0,1,0,0
6011,23,77,1,0,8,73,1,1,0,0,2,1,0,65,1,0,1,0,1,0,0,1,1,0,0,0,1
6012,21,63,0,1,6,77,0,3,1,2,1,0,0,63,1,0,1,0,0,1,0,1,1,0,1,0,0
6013,27,92,2,1,6,99,0,4,0,0,3,0,0,74,0,1,0,1,0,1,0,1,1,0,0,0,1
6014,23,81,1,2,9,59,0,2,1,2,2,1,0,68,1,0,1,0,1,0,0,1,1,0,0,1,0
6015,15,61,2,1,6,86,2,2,2,2,3,0,0,65,0,1,1,0,0,1,0,1,1,0,0,1,0
6016,33,62,1,1,7,74,0,2,1,1,2,1,1,66,1,0,1,0,1,0,0,1,1,0,0,1,0
6017,21,85,1,2,6,92,1,1,1,2,2,0,1,69,1,0,1,0,0,1,0,1,0,1,0,1,0
6018,19,92,0,1,7,70,0,2,2,1,2,1,0,69,1,0,0,1,0,1,0,1,1,0,0,0,1
6019,26,78,2,1,8,65,1,3,1,1,3,1,0,70,0,1,1,0,1,0,0,1,1,0,0,0,1
6020,21,82,1,1,10,60,2,3,2,2,4,0,0,70,0,1,1,0,0,1,0,1,1,0,0,0,1
6021,22,92,1,1,6,94,1,1,1,1,3,0,0,71,1,0,1,0,0,1,0,1,1,0,0,0,1
6022,35,84,1,1,5,86,1,1,1,1,3,0,0,72,0,1,1,0,1,0,0,1,1,0,0,1,0
6023,18,69,1,0,7,54,1,1,0,2,4,0,1,61,1,0,1,0,1,0,0,1,1,0,0,1,0
6024,18,85,1,2,6,86,2,1,1,1,3,0,0,68,0,1,0,1,0,1,1,0,1,0,0,1,0
6025,21,85,1,0,7,52,1,3,0,1,3,0,0,66,1,0,0,1,0,1,0,1,1,0,0,1,0
6026,26,89,1,1,8,59,0,1,0,2,4,0,0,70,1,0,1,0,0,1,0,1,1,0,0,1,0
6027,11,85,1,0,10,80,0,0,0,2,3,1,0,63,0,1,1,0,1,0,1,0,1,0,0,0,1
6028,8,99,1,2,6,73,1,1,1,1,3,0,2,68,0,1,1,0,0,1,0,1,1,0,0,0,1
6029,16,68,0,1,4,92,1,1,1,1,4,1,0,62,1,0,1,0,0,1,1,0,1,0,1,0,0
6030,10,98,1,2,7,80,0,3,1,1,3,1,0,69,1,0,0,1,1,0,0,1,1,0,0,1,0
6031,17,82,1,1,8,98,1,3,1,2,4,0,1,69,1,0,1,0,0,1,0,1,1,0,0,0,1
6032,23,87,1,0,6,93,1,1,2,2,4,2,0,72,0,1,0,1,0,1,0,1,1,0,0,0,1
6033,15,64,2,1,7,67,1,2,0,2,3,0,0,64,1,0,1,0,0,1,0,1,1,0,0,0,1
6034,11,75,0,1,7,92,1,2,0,2,4,1,1,63,0,1,1,0,1,0,1,0,1,0,0,0,1
6035,20,91,1,1,7,93,2,1,0,1,3,2,1,70,1,0,1,0,0,1,0,1,1,0,1,0,0
6036,25,88,0,1,8,98,0,1,0,0,4,2,0,69,1,0,0,1,0,1,1,0,1,0,0,1,0
6037,10,62,2,2,7,51,1,1,1,2,2,0,0,61,1,0,0,1,1,0,0,1,1,0,0,0,1
6038,25,82,2,2,8,94,0,2,0,1,3,0,1,70,1,0,1,0,1,0,0,1,1,0,0,1,0
6039,25,64,1,1,4,53,0,1,1,1,2,1,0,64,1,0,1,0,0,1,0,1,1,0,0,1,0
6041,27,96,1,1,6,71,1,2,1,1,2,1,0,73,0,1,1,0,0,1,0,1,1,0,0,1,0
6042,33,61,0,0,5,96,1,2,1,1,3,0,0,67,1,0,1,0,0,1,0,1,1,0,1,0,0
6043,18,94,1,1,7,70,1,2,1,2,3,1,0,69,0,1,1,0,0,1,1,0,1,0,1,0,0
6044,21,97,1,1,6,80,0,2,1,1,4,1,0,72,1,0,0,1,0,1,0,1,1,0,0,0,1
6045,18,74,1,1,6,85,1,4,1,1,3,1,1,66,0,1,0,1,1,0,0,1,1,0,1,0,0
6046,20,89,1,1,8,51,1,3,1,2,3,2,0,70,0,1,1,0,0,1,0,1,1,0,0,0,1
6047,29,78,1,2,7,80,1,2,1,1,4,2,0,73,0,1,1,0,0,1,0,1,1,0,0,0,1
6048,12,86,2,1,5,76,0,2,2,1,3,2,0,68,0,1,1,0,0,1,1,0,1,0,0,0,1
6049,15,74,1,2,6,80,1,2,2,1,3,2,1,66,1,0,1,0,1,0,0,1,1,0,1,0,0
6050,28,73,0,1,8,54,1,4,1,1,1,0,0,67,0,1,0,1,0,1,0,1,1,0,0,1,0
6051,26,77,1,0,7,53,2,3,1,2,3,0,0,67,0,1,0,1,1,0,1,0,1,0,0,0,1
6052,18,66,1,2,9,59,1,0,0,1,3,0,0,62,1,0,0,1,0,1,1,0,1,0,0,0,1
6053,25,93,0,1,8,93,1,2,1,1,3,1,0,72,1,0,1,0,1,0,0,1,1,0,0,0,1
6054,22,74,0,2,6,68,1,0,1,0,4,0,2,65,1,0,1,0,0,1,0,1,1,0,0,0,1
6055,29,76,1,0,9,72,1,1,2,1,3,0,0,69,1,0,1,0,0,1,0,1,1,0,0,0,1
6056,20,96,1,2,9,70,1,2,0,0,2,0,0,69,1,0,1,0,1,0,0,1,0,1,0,0,1
6057,26,80,2,1,4,86,1,0,0,1,4,1,1,69,1,0,1,0,0,1,1,0,1,0,0,0,1
6058,36,82,0,0,7,63,1,0,1,1,3,0,0,69,1,0,0,1,0,1,0,1,1,0,0,0,1
6059,24,98,0,1,6,53,1,1,1,0,2,0,0,69,0,1,1,0,0,1,0,1,1,0,0,1,0
6060,20,95,1,2,7,69,0,0,1,2,3,0,0,70,1,0,1,0,0,1,0,1,1,0,0,1,0
6061,24,67,2,0,6,86,1,6,0,1,3,2,1,67,0,1,0,1,1,0,0,1,0,1,0,0,1
6062,18,79,1,2,6,96,1,3,1,0,3,2,0,69,1,0,1,0,0,1,0,1,0,1,0,0,1
6063,34,99,1,1,8,53,1,0,1,2,5,1,0,75,1,0,1,0,0,1,0,1,1,0,0,1,0
6064,21,75,0,1,5,91,1,2,0,0,3,0,0,66,1,0,1,0,0,1,0,1,1,0,0,1,0
6065,18,75,1,0,7,53,1,0,2,2,2,0,0,63,1,0,1,0,0,1,0,1,1,0,0,1,0
6066,15,68,1,1,5,67,1,3,1,2,4,2,1,64,1,0,0,1,0,1,0,1,1,0,1,0,0
6067,27,65,1,1,9,51,1,2,2,1,2,2,1,66,0,1,0,1,0,1,0,1,1,0,0,0,1
6068,25,90,1,1,7,96,1,1,1,1,4,1,1,72,1,0,1,0,0,1,0,1,1,0,0,0,1
6069,17,91,1,2,8,85,2,3,1,2,4,1,1,71,0,1,1,0,1,0,0,1,1,0,0,1,0
6070,23,99,0,1,7,68,1,0,2,2,2,0,2,70,1,0,0,1,0,1,0,1,1,0,0,0,1
6071,11,91,2,1,7,69,1,2,0,1,2,1,0,67,1,0,0,1,1,0,0,1,1,0,0,0,1
6072,21,70,1,0,7,82,2,0,2,2,3,0,0,65,0,1,1,0,1,0,0,1,1,0,0,0,1
6073,23,62,2,2,9,54,0,3,0,1,4,0,0,65,1,0,0,1,0,1,0,1,1,0,0,1,0
6074,30,99,1,1,6,57,1,0,0,1,4,2,0,73,1,0,1,0,0,1,0,1,1,0,0,1,0
6075,15,74,1,1,4,92,0,1,1,1,3,2,0,66,1,0,0,1,0,1,0,1,1,0,0,0,1
6076,12,72,0,1,6,60,2,0,0,1,4,2,0,62,1,0,1,0,0,1,0,1,1,0,0,1,0
6077,15,96,1,2,5,86,1,2,2,1,2,0,0,71,1,0,0,1,1,0,0,1,1,0,0,0,1
6078,12,83,1,2,8,61,1,3,2,1,5,0,0,66,1,0,1,0,1,0,0,1,0,1,0,1,0
6079,28,69,2,2,7,54,0,1,0,1,2,1,2,65,1,0,1,0,0,1,1,0,1,0,0,1,0
6080,29,96,1,2,8,95,1,0,2,1,2,0,0,75,0,1,0,1,0,1,0,1,1,0,0,0,1
6081,22,100,2,1,7,95,1,2,0,1,4,1,0,74,1,0,1,0,1,0,0,1,1,0,0,0,1
6082,27,63,1,0,7,80,2,1,1,2,3,0,1,65,1,0,0,1,0,1,0,1,1,0,0,1,0
6083,21,94,1,1,7,73,0,2,0,1,3,2,0,71,0,1,0,1,1,0,0,1,1,0,0,0,1
6084,19,76,2,0,9,78,0,1,0,1,1,2,0,65,0,1,1,0,0,1,0,1,1,0,1,0,0
6085,18,81,1,0,7,70,2,0,0,1,2,1,0,65,1,0,0,1,0,1,0,1,1,0,0,1,0
6086,18,97,1,0,9,88,1,0,0,1,4,0,1,67,0,1,1,0,1,0,0,1,1,0,0,1,0
6087,11,99,1,0,9,88,1,2,0,1,2,0,1,67,1,0,1,0,0,1,0,1,1,0,0,1,0
6088,22,70,1,1,7,91,1,2,1,1,1,0,0,66,1,0,1,0,1,0,0,1,1,0,0,0,1
6089,20,69,2,1,7,76,2,1,1,1,3,0,0,67,0,1,1,0,0,1,0,1,1,0,0,0,1
6090,24,63,1,1,6,90,1,2,0,1,5,2,0,66,0,1,0,1,1,0,1,0,1,0,0,1,0
6091,21,82,0,2,9,58,1,0,1,1,2,0,0,65,1,0,1,0,1,0,0,1,1,0,1,0,0
6092,19,61,2,1,6,52,0,1,0,1,3,0,2,59,0,1,1,0,0,1,1,0,1,0,0,1,0
6093,15,76,2,2,6,82,1,4,0,2,4,0,1,69,0,1,0,1,0,1,0,1,1,0,0,0,1
6094,20,63,1,1,7,55,2,2,0,2,3,0,0,63,1,0,1,0,1,0,0,1,1,0,1,0,0
6095,24,76,0,1,5,78,2,1,1,1,4,0,1,65,1,0,0,1,1,0,0,1,0,1,0,1,0
6096,13,62,1,0,6,86,2,2,0,1,4,0,0,61,1,0,1,0,1,0,0,1,1,0,0,1,0
6097,21,93,0,1,9,70,1,0,1,2,1,2,2,68,0,1,1,0,1,0,0,1,1,0,0,1,0
6098,21,68,1,2,8,52,1,3,0,1,2,1,1,65,1,0,1,0,0,1,0,1,1,0,0,1,0
6099,16,73,0,0,6,94,1,1,0,1,2,1,0,61,0,1,0,1,1,0,1,0,1,0,1,0,0
6100,16,95,1,2,8,52,1,0,0,1,3,2,1,69,1,0,0,1,0,1,0,1,1,0,0,0,1
6101,21,90,0,1,10,95,2,2,2,2,4,1,0,72,1,0,0,1,0,1,0,1,1,0,0,1,0
6102,13,69,1,0,7,53,2,2,1,1,3,0,0,59,0,1,0,1,0,1,1,0,0,1,1,0,0
6103,22,63,1,1,9,87,0,0,2,2,2,1,1,63,0,1,1,0,1,0,0,1,1,0,1,0,0
6104,15,89,1,1,8,96,2,3,0,2,3,0,0,69,1,0,1,0,0,1,0,1,1,0,1,0,0
6105,26,76,0,0,7,95,2,1,0,2,1,2,0,67,1,0,1,0,1,0,0,1,1,0,0,1,0
6106,34,91,0,1,7,95,1,1,1,1,3,1,1,70,1,0,1,0,1,0,1,0,0,1,1,0,0
6107,15,78,1,2,8,94,2,0,0,1,4,2,1,67,1,0,0,1,1,0,0,1,1,0,0,0,1
6108,23,74,1,1,6,76,1,1,0,1,2,1,0,66,1,0,1,0,0,1,1,0,1,0,0,0,1
6109,16,78,1,1,4,78,1,5,2,1,3,0,0,68,0,1,1,0,0,1,0,1,1,0,0,0,1
6110,26,90,0,2,6,81,1,1,0,1,3,2,0,71,1,0,0,1,0,1,0,1,1,0,0,1,0
6111,12,96,2,1,4,95,1,3,1,1,0,0,0,69,1,0,0,1,1,0,0,1,0,1,0,1,0
6112,23,62,2,1,6,92,0,0,2,1,2,0,1,65,1,0,1,0,0,1,0,1,1,0,0,1,0
6113,15,81,1,1,4,89,2,0,0,1,3,2,0,66,0,1,0,1,1,0,0,1,1,0,1,0,0
6114,19,61,1,2,8,84,2,2,1,2,4,0,0,66,1,0,1,0,0,1,0,1,1,0,0,0,1
6115,14,79,2,1,5,81,2,3,2,1,3,0,0,67,0,1,1,0,1,0,0,1,1,0,1,0,0
6116,25,95,2,1,8,96,0,1,1,1,4,2,0,74,1,0,1,0,0,1,0,1,1,0,0,1,0
6117,15,74,2,2,8,60,0,3,0,1,5,0,1,66,1,0,1,0,1,0,0,1,1,0,0,0,1
6118,23,97,1,2,8,60,1,1,1,2,3,1,0,72,1,0,1,0,0,1,0,1,1,0,0,1,0
6119,18,85,2,0,4,99,2,0,0,1,4,1,0,69,1,0,0,1,0,1,0,1,1,0,0,1,0
6120,19,97,0,2,9,78,1,0,1,1,4,0,1,68,0,1,0,1,1,0,0,1,1,0,1,0,0
6121,21,90,1,2,8,74,1,4,0,1,3,0,0,71,1,0,0,1,0,1,0,1,1,0,0,1,0
6122,15,64,1,1,8,93,1,0,0,1,2,0,0,61,0,1,1,0,1,0,0,1,1,0,1,0,0
6123,21,69,1,1,10,92,0,2,0,1,3,0,0,65,1,0,0,1,0,1,0,1,1,0,0,1,0
6124,29,76,1,2,8,59,1,4,0,2,2,2,0,71,1,0,1,0,0,1,0,1,1,0,0,1,0
6125,15,67,0,1,5,59,0,0,0,1,3,0,0,59,1,0,0,1,0,1,0,1,1,0,0,1,0
6126,27,80,2,1,8,90,0,1,1,2,3,2,0,71,0,1,1,0,1,0,0,1,1,0,0,1,0
6127,29,79,1,2,5,89,1,0,2,2,3,2,0,72,0,1,1,0,1,0,0,1,1,0,0,1,0
6128,15,98,2,2,7,61,1,1,0,2,3,1,1,71,0,1,0,1,0,1,0,1,1,0,0,0,1
6129,11,77,0,0,6,92,0,0,0,1,5,0,0,61,1,0,1,0,0,1,0,1,1,0,0,1,0
6130,22,91,1,1,7,74,1,1,1,1,2,1,1,67,0,1,0,1,1,0,0,1,0,1,1,0,0
6131,17,98,1,1,5,73,0,0,0,2,2,1,1,67,1,0,1,0,1,0,0,1,1,0,1,0,0
6132,31,95,1,1,5,99,1,1,1,1,4,0,0,74,0,1,0,1,1,0,0,1,1,0,0,1,0
6133,20,68,2,2,6,76,0,2,1,1,3,0,0,66,0,1,1,0,1,0,0,1,1,0,0,1,0
6134,15,80,1,1,7,57,0,1,0,1,4,0,0,63,1,0,0,1,0,1,0,1,1,0,1,0,0
6135,13,74,1,1,6,64,0,4,2,2,3,0,0,63,1,0,0,1,1,0,0,1,0,1,0,1,0
6136,27,76,2,2,9,67,1,1,0,1,4,0,2,68,0,1,1,0,1,0,0,1,1,0,0,0,1
6137,17,74,1,0,8,98,0,1,2,2,3,0,0,65,0,1,1,0,0,1,0,1,1,0,0,1,0
6138,20,93,1,0,8,63,1,0,0,2,3,0,1,66,1,0,1,0,1,0,0,1,1,0,1,0,0
6139,26,78,1,1,6,72,1,1,0,1,3,0,1,67,0,1,0,1,1,0,0,1,1,0,0,1,0
6140,17,81,1,1,5,87,2,0,0,2,2,1,0,67,0,1,0,1,1,0,0,1,1,0,0,1,0
6141,20,99,1,0,7,64,2,0,1,1,4,0,0,70,1,0,1,0,0,1,0,1,1,0,0,0,1
6142,20,62,0,1,10,85,2,5,0,1,4,0,0,65,1,0,0,1,0,1,0,1,1,0,0,1,0
6143,24,80,1,1,7,60,1,1,2,2,3,0,1,68,0,1,1,0,0,1,0,1,1,0,0,0,1
6144,24,91,1,2,9,62,0,3,0,1,4,1,1,70,1,0,1,0,0,1,0,1,1,0,1,0,0
6145,19,66,2,0,9,99,1,1,1,1,3,1,0,66,1,0,1,0,1,0,0,1,1,0,0,0,1
6146,20,84,2,1,8,68,1,0,0,1,4,2,0,69,1,0,0,1,0,1,0,1,1,0,0,0,1
6147,18,70,1,1,7,86,1,1,2,1,2,0,0,65,0,1,1,0,1,0,0,1,1,0,0,0,1
6148,11,95,1,1,6,92,1,2,1,0,3,2,1,68,0,1,1,0,0,1,1,0,1,0,0,1,0
6149,22,73,0,1,7,67,1,3,2,1,2,0,2,65,1,0,0,1,0,1,0,1,1,0,0,0,1
6150,31,73,1,2,6,68,2,1,1,1,3,0,0,70,0,1,1,0,0,1,0,1,1,0,0,0,1
6151,15,84,0,0,7,89,2,1,0,2,3,0,0,65,0,1,1,0,0,1,0,1,1,0,0,1,0
6152,15,67,2,1,5,80,2,3,1,2,4,1,0,67,1,0,1,0,0,1,0,1,1,0,0,1,0
6153,15,71,2,0,6,68,0,5,0,1,4,1,0,64,0,1,1,0,1,0,1,0,1,0,0,0,1
6154,24,77,1,1,8,87,2,2,0,1,1,2,1,68,0,1,1,0,1,0,0,1,0,1,0,0,1
6155,23,74,1,2,6,93,1,4,2,1,3,0,0,70,0,1,0,1,0,1,0,1,1,0,0,1,0
6156,19,81,0,2,6,62,1,1,1,0,3,0,1,64,0,1,1,0,0,1,1,0,1,0,1,0,0
6157,14,84,2,1,6,51,0,4,2,1,3,0,0,67,1,0,1,0,1,0,0,1,1,0,0,1,0
6158,21,83,2,2,7,64,1,2,1,0,2,0,0,68,1,0,0,1,1,0,0,1,1,0,0,1,0
6159,11,86,1,1,4,84,1,5,0,2,4,0,0,67,1,0,1,0,0,1,0,1,0,1,0,1,0
6160,21,72,1,0,6,96,0,4,2,1,2,1,1,66,0,1,1,0,0,1,0,1,0,1,0,0,1
6161,25,65,1,2,8,93,0,2,1,1,3,1,1,66,0,1,1,0,0,1,1,0,1,0,1,0,0
6162,12,90,1,0,7,61,1,2,0,2,2,0,0,66,1,0,0,1,0,1,0,1,1,0,0,0,1
6163,11,94,0,0,8,94,1,2,0,1,2,1,0,67,1,0,1,0,0,1,0,1,1,0,0,0,1
6164,29,70,1,1,4,91,0,2,0,1,3,1,0,69,1,0,1,0,0,1,0,1,1,0,0,0,1
6165,16,76,0,1,6,87,1,3,0,1,4,1,0,65,0,1,0,1,1,0,0,1,1,0,0,1,0
6166,27,80,0,0,7,84,0,4,0,1,3,1,1,68,1,0,1,0,0,1,0,1,1,0,0,0,1
6167,19,81,0,2,8,90,1,2,0,1,3,0,0,67,0,1,0,1,1,0,0,1,1,0,0,1,0
6168,19,86,1,1,9,93,0,1,0,2,3,1,0,69,1,0,1,0,0,1,0,1,1,0,0,0,1
6169,23,62,1,1,8,91,2,3,2,0,3,0,1,64,1,0,1,0,1,0,1,0,1,0,0,1,0
6170,15,89,1,1,6,56,0,2,1,1,4,1,0,67,1,0,1,0,1,0,0,1,1,0,0,0,1
6171,21,62,2,1,6,86,1,2,1,2,4,0,0,67,0,1,0,1,1,0,0,1,1,0,0,0,1
6172,18,79,1,2,9,92,0,1,0,1,3,1,0,67,1,0,0,1,1,0,0,1,1,0,0,1,0
6173,12,93,1,2,6,59,1,2,0,1,3,0,1,67,0,1,0,1,1,0,0,1,1,0,0,0,1
6174,22,78,1,2,5,61,0,2,0,1,4,1,0,68,1,0,1,0,0,1,0,1,1,0,0,1,0
6175,18,66,1,1,7,89,2,4,0,1,3,0,0,65,1,0,1,0,0,1,0,1,0,1,0,0,1
6176,19,99,0,2,9,67,0,3,2,1,1,1,1,70,1,0,1,0,1,0,0,1,1,0,0,1,0
6177,13,96,1,1,6,70,1,1,0,2,3,1,0,68,0,1,1,0,1,0,0,1,1,0,0,1,0
6178,30,91,2,0,6,69,1,2,1,2,4,0,1,72,0,1,1,0,0,1,0,1,1,0,1,0,0
6179,25,76,1,2,6,61,1,1,1,1,3,2,2,67,1,0,1,0,1,0,0,1,1,0,0,1,0
6180,26,67,2,0,8,97,1,2,1,1,0,0,1,66,0,1,1,0,0,1,0,1,1,0,0,1,0
6181,18,98,0,0,7,90,0,0,2,2,1,0,1,68,1,0,0,1,0,1,0,1,1,0,0,0,1
6182,10,81,1,2,8,63,1,1,0,0,2,0,0,64,1,0,1,0,1,0,0,1,1,0,0,1,0
6183,32,94,1,2,9,55,2,4,1,1,2,0,0,75,1,0,0,1,0,1,0,1,0,1,0,0,1
6184,20,74,2,0,5,69,2,1,1,1,4,1,1,66,0,1,1,0,0,1,0,1,1,0,0,0,1
6185,16,73,2,2,6,71,1,0,0,1,4,2,0,67,1,0,1,0,0,1,0,1,1,0,0,0,1
6186,23,99,2,2,6,50,1,1,2,1,5,0,0,71,1,0,0,1,1,0,1,0,0,1,0,1,0
6187,27,81,0,2,7,94,0,0,0,1,4,1,1,68,1,0,1,0,1,0,0,1,1,0,0,1,0
6188,20,66,1,1,8,93,1,2,0,2,3,0,0,65,1,0,1,0,0,1,0,1,1,0,0,1,0
6189,28,69,0,2,6,93,0,0,2,0,3,1,0,67,1,0,1,0,0,1,0,1,1,0,1,0,0
6190,26,79,0,2,6,90,0,0,2,1,2,1,1,66,1,0,0,1,0,1,1,0,0,1,1,0,0
6191,14,62,0,1,8,87,1,1,1,1,1,0,1,60,1,0,1,0,1,0,0,1,1,0,0,0,1
6192,16,79,1,1,8,82,0,2,0,1,3,2,1,64,0,1,0,1,1,0,0,1,0,1,0,1,0
6193,26,77,1,1,7,98,0,0,2,1,1,2,0,69,1,0,1,0,0,1,0,1,1,0,0,1,0
6194,4,91,1,1,4,86,0,3,0,1,4,1,1,64,1,0,0,1,1,0,0,1,0,1,0,1,0
6195,19,74,1,2,9,82,2,2,0,1,3,0,1,66,1,0,0,1,1,0,0,1,1,0,0,1,0
6196,11,99,2,1,7,89,2,3,0,1,3,1,0,72,1,0,1,0,0,1,0,1,1,0,0,0,1
6197,17,67,0,0,7,62,1,0,0,1,4,0,1,60,0,1,1,0,0,1,0,1,1,0,0,0,1
6198,18,84,0,2,6,98,0,3,1,1,3,0,0,69,1,0,1,0,0,1,0,1,1,0,0,0,1
6199,18,64,1,1,6,51,1,2,0,1,1,0,0,62,0,1,1,0,0,1,0,1,1,0,0,0,1
6200,17,89,1,1,6,82,1,3,1,1,3,1,0,70,0,1,0,1,0,1,0,1,1,0,0,0,1
6201,13,100,0,0,4,54,0,3,0,0,2,0,0,65,0,1,1,0,0,1,0,1,1,0,0,0,1
6203,31,82,1,2,5,98,1,0,0,0,3,0,0,71,1,0,1,0,0,1,0,1,1,0,0,1,0
6204,13,79,1,2,7,70,2,4,0,1,3,0,0,66,0,1,1,0,1,0,0,1,0,1,0,0,1
6205,29,93,1,1,5,93,1,2,0,1,3,2,0,74,0,1,1,0,1,0,0,1,1,0,0,0,1
6206,18,97,1,2,8,67,1,1,1,2,3,0,0,70,1,0,1,0,1,0,0,1,1,0,0,1,0
6207,21,100,1,1,5,58,1,2,1,1,2,0,1,69,1,0,0,1,1,0,0,1,1,0,0,1,0
6208,20,76,1,1,9,64,0,2,0,1,2,1,1,64,1,0,1,0,1,0,0,1,1,0,1,0,0
6209,16,100,1,1,8,65,2,1,2,1,2,1,1,69,0,1,1,0,0,1,0,1,0,1,0,0,1
6210,26,66,2,2,5,82,1,1,0,1,3,0,0,68,0,1,1,0,0,1,0,1,1,0,0,1,0
6211,21,70,1,0,7,90,1,1,0,1,4,0,1,63,1,0,1,0,0,1,1,0,1,0,0,1,0
6212,17,64,1,1,6,60,1,1,1,1,2,0,0,61,1,0,0,1,0,1,0,1,0,1,0,0,1
6213,12,71,1,1,8,54,1,0,0,0,5,1,0,61,1,0,1,0,1,0,0,1,1,0,0,0,1
6214,15,91,1,0,10,61,1,0,0,2,4,0,1,65,1,0,1,0,0,1,0,1,1,0,0,1,0
6215,10,94,1,2,9,65,1,3,0,0,2,0,1,65,0,1,0,1,1,0,0,1,1,0,1,0,0
6216,20,91,2,1,6,64,2,0,2,1,3,0,1,69,0,1,0,1,0,1,0,1,0,1,0,0,1
6217,13,85,2,2,7,61,2,3,1,2,2,0,1,69,0,1,1,0,0,1,0,1,1,0,0,0,1
6218,18,81,0,1,9,73,1,1,2,1,2,0,0,65,1,0,1,0,1,0,0,1,1,0,1,0,0
6219,28,88,0,2,8,93,1,3,0,1,1,2,1,72,0,1,1,0,0,1,0,1,1,0,1,0,0
6220,27,76,2,2,9,55,1,3,0,1,0,0,1,69,0,1,0,1,0,1,0,1,1,0,0,1,0
6221,20,94,2,1,8,93,0,1,1,1,3,1,1,71,0,1,1,0,0,1,0,1,1,0,0,1,0
6222,19,87,1,1,7,75,1,2,0,0,3,0,1,67,0,1,1,0,0,1,0,1,1,0,1,0,0
6223,31,88,1,2,7,83,1,0,0,1,2,0,0,72,1,0,0,1,1,0,0,1,1,0,0,1,0
6224,23,81,2,2,5,91,0,0,2,2,3,0,0,70,0,1,1,0,1,0,0,1,0,1,0,0,1
6225,18,95,0,1,6,65,2,1,0,2,3,0,0,68,0,1,1,0,0,1,0,1,1,0,1,0,0
6226,11,70,1,1,6,98,1,3,2,1,4,2,0,66,0,1,0,1,1,0,0,1,1,0,0,1,0
6227,22,75,1,2,6,54,0,4,0,2,4,0,0,68,1,0,1,0,1,0,0,1,1,0,0,0,1
6228,25,91,2,0,7,76,0,1,0,2,3,1,0,71,0,1,0,1,0,1,0,1,1,0,0,0,1
6229,16,80,0,1,7,63,2,2,0,1,3,0,2,63,1,0,0,1,0,1,0,1,1,0,0,1,0
6230,22,96,1,2,7,70,1,2,1,1,4,1,1,70,1,0,0,1,1,0,1,0,1,0,1,0,0
6231,18,74,1,2,8,72,2,1,0,2,2,1,1,65,1,0,1,0,1,0,0,1,1,0,1,0,0
6232,19,75,2,2,6,96,1,2,1,1,4,0,0,70,0,1,1,0,0,1,0,1,1,0,0,0,1
6233,5,96,1,0,8,72,0,3,1,1,5,0,0,65,1,0,1,0,0,1,0,1,1,0,1,0,0
6234,19,79,2,2,9,85,1,0,1,1,2,0,1,68,1,0,1,0,0,1,0,1,1,0,0,0,1
6235,26,81,2,1,8,98,0,1,1,0,2,0,0,69,0,1,0,1,0,1,0,1,0,1,0,1,0
6236,16,73,1,1,6,75,2,3,1,1,3,0,1,66,0,1,1,0,0,1,0,1,1,0,0,0,1
6237,20,71,0,1,8,70,1,0,1,2,3,0,2,62,0,1,0,1,1,0,0,1,1,0,0,1,0
6238,15,86,1,2,8,99,2,2,1,1,5,0,0,70,1,0,1,0,1,0,0,1,1,0,0,1,0
6239,22,65,2,0,8,91,1,2,2,1,2,1,1,65,0,1,1,0,1,0,0,1,1,0,1,0,0
6240,19,95,0,2,9,97,0,0,1,1,2,2,0,71,1,0,1,0,0,1,0,1,1,0,0,1,0
6241,14,91,1,2,8,70,1,2,0,1,0,2,1,68,1,0,0,1,0,1,0,1,1,0,0,1,0
6242,28,68,0,0,9,85,1,0,1,1,3,2,0,65,1,0,1,0,0,1,0,1,1,0,1,0,0
6243,26,88,0,2,7,62,2,1,2,2,2,0,0,70,0,1,0,1,0,1,1,0,1,0,0,0,1
6244,16,84,1,2,6,93,1,0,2,1,3,0,1,69,1,0,1,0,0,1,0,1,1,0,0,0,1
6245,23,67,1,0,9,97,1,1,1,1,3,1,1,66,1,0,0,1,0,1,0,1,1,0,0,0,1
6246,23,71,1,1,6,63,0,1,0,2,5,0,1,66,1,0,1,0,0,1,0,1,1,0,0,0,1
6247,24,76,2,1,10,55,0,2,0,1,4,0,0,67,1,0,1,0,1,0,0,1,1,0,0,0,1
6248,10,88,0,1,9,60,1,1,0,1,3,0,1,63,0,1,1,0,1,0,0,1,1,0,0,0,1
6249,26,86,0,2,7,82,1,2,0,1,3,0,1,70,0,1,0,1,0,1,0,1,1,0,0,0,1
6250,17,81,2,1,9,64,1,0,2,1,3,0,2,65,1,0,1,0,1,0,0,1,0,1,0,0,1
6251,18,91,1,2,8,82,1,3,1,1,2,0,1,70,1,0,0,1,1,0,0,1,1,0,0,0,1
6252,36,90,1,2,5,68,0,1,0,2,2,0,1,74,1,0,1,0,0,1,0,1,1,0,0,0,1
6253,22,85,2,1,6,96,1,0,0,1,3,0,1,69,0,1,1,0,0,1,0,1,1,0,0,1,0
6254,18,91,2,1,7,73,0,0,0,1,4,1,0,68,1,0,1,0,1,0,0,1,1,0,1,0,0
6255,7,73,1,1,7,75,1,1,2,2,3,1,0,64,1,0,0,1,0,1,0,1,1,0,0,0,1
6256,28,95,2,1,9,67,0,2,1,1,3,0,0,73,1,0,1,0,1,0,0,1,1,0,0,1,0
6257,12,85,1,1,7,54,1,4,0,2,3,1,1,66,1,0,1,0,0,1,0,1,1,0,0,0,1
6258,14,93,1,0,5,75,0,0,1,2,3,0,1,65,1,0,1,0,0,1,0,1,1,0,1,0,0
6259,18,82,2,0,6,89,2,0,1,1,1,1,1,66,1,0,0,1,0,1,0,1,0,1,0,0,1
6260,28,69,1,0,8,98,1,0,1,1,5,0,0,67,1,0,1,0,1,0,0,1,1,0,0,0,1
6261,25,82,1,2,4,54,1,0,1,1,3,0,0,67,1,0,1,0,1,0,0,1,1,0,0,1,0
6262,19,75,1,1,5,90,2,0,1,1,3,2,0,66,0,1,0,1,0,1,0,1,1,0,1,0,0
6263,22,88,1,0,6,63,0,3,0,1,3,2,0,69,1,0,1,0,0,1,0,1,1,0,0,0,1
6264,16,79,1,1,8,91,1,4,2,1,1,2,0,69,1,0,0,1,0,1,0,1,1,0,0,0,1
6265,21,93,1,0,7,67,2,2,0,1,3,1,2,68,0,1,1,0,1,0,0,1,1,0,0,1,0
6266,20,87,0,0,8,56,1,1,2,1,1,1,0,64,0,1,1,0,1,0,1,0,1,0,1,0,0
6267,26,87,1,1,7,81,1,1,2,1,2,0,0,70,1,0,1,0,0,1,0,1,1,0,1,0,0
6268,26,69,1,1,7,95,1,1,0,1,4,2,0,67,0,1,1,0,1,0,0,1,1,0,1,0,0
6269,23,99,0,0,6,59,1,1,1,1,3,0,2,68,1,0,1,0,1,0,0,1,1,0,0,0,1
6270,18,94,1,1,8,51,1,0,2,1,3,1,1,67,0,1,1,0,0,1,0,1,0,1,0,0,1
6271,24,92,2,1,5,94,0,1,1,1,2,2,0,73,0,1,1,0,0,1,0,1,1,0,0,1,0
6272,19,73,1,1,7,85,1,1,1,1,3,0,2,65,1,0,1,0,0,1,0,1,1,0,0,1,0
6273,14,81,1,2,9,90,1,3,2,2,3,2,0,69,1,0,1,0,1,0,0,1,1,0,0,1,0
6274,18,65,1,1,6,53,1,1,1,1,3,2,0,63,1,0,0,1,0,1,0,1,0,1,0,0,1
6275,21,82,1,1,5,95,1,3,0,0,4,0,0,68,0,1,1,0,1,0,0,1,1,0,0,0,1
6276,25,66,1,2,4,71,2,0,1,1,3,0,0,64,0,1,1,0,1,0,0,1,0,1,1,0,0
6277,19,82,0,2,8,95,1,2,0,2,4,2,1,68,0,1,1,0,1,0,0,1,0,1,0,1,0
6278,13,86,1,2,8,53,1,2,0,2,4,0,2,66,1,0,1,0,0,1,0,1,1,0,0,0,1
6279,20,76,1,1,6,94,0,2,0,2,3,0,1,65,1,0,1,0,1,0,0,1,0,1,0,1,0
6280,21,80,1,1,5,84,0,4,0,1,2,2,0,69,0,1,0,1,0,1,0,1,1,0,0,1,0
6281,21,95,0,1,7,78,2,2,0,2,2,0,0,69,1,0,1,0,1,0,0,1,0,1,0,1,0
6282,26,64,0,2,9,53,1,2,0,2,4,1,0,64,1,0,1,0,0,1,1,0,1,0,1,0,0
6283,26,92,2,2,5,84,2,0,1,2,2,2,0,74,1,0,1,0,1,0,0,1,1,0,0,1,0
6284,16,67,2,1,9,80,1,1,0,2,3,0,0,64,0,1,1,0,1,0,0,1,1,0,0,1,0
6285,16,61,1,0,4,86,1,3,1,2,4,0,0,63,0,1,1,0,1,0,0,1,1,0,0,0,1
6286,14,67,2,1,5,86,1,0,2,1,4,1,1,64,0,1,1,0,0,1,1,0,1,0,0,0,1
6287,24,91,1,1,7,72,1,3,1,2,3,0,1,71,1,0,1,0,0,1,0,1,1,0,0,1,0
6288,29,76,0,2,8,60,1,2,1,1,3,0,0,68,0,1,1,0,0,1,0,1,1,0,1,0,0
6289,18,95,1,1,9,96,0,4,1,1,4,1,0,72,0,1,1,0,0,1,0,1,1,0,1,0,0
6290,19,81,1,0,8,96,2,1,0,1,4,2,0,67,1,0,0,1,0,1,0,1,1,0,1,0,0
6291,29,61,1,2,9,61,1,0,0,1,3,0,0,64,1,0,0,1,1,0,0,1,1,0,1,0,0
6292,23,89,1,0,7,82,1,2,2,2,1,1,0,70,1,0,1,0,1,0,0,1,1,0,0,0,1
6293,23,64,2,1,6,60,0,2,1,1,3,1,0,65,0,1,1,0,0,1,0,1,1,0,1,0,0
6294,13,92,2,1,9,93,2,2,2,1,2,1,1,69,1,0,1,0,1,0,0,1,1,0,1,0,0
6295,24,67,2,1,9,55,2,2,0,0,2,1,1,65,1,0,1,0,1,0,0,1,1,0,0,0,1
6296,14,74,2,1,8,100,1,1,0,1,3,1,0,66,1,0,1,0,1,0,0,1,1,0,0,1,0
6297,13,90,2,1,8,81,1,0,1,1,3,0,1,67,0,1,1,0,1,0,0,1,1,0,0,0,1
6298,18,98,1,0,9,51,1,1,2,1,4,1,0,68,1,0,1,0,1,0,0,1,1,0,0,1,0
6299,16,75,1,1,8,94,1,0,1,1,3,0,1,65,1,0,0,1,0,1,0,1,1,0,0,0,1
6300,19,93,1,1,7,84,2,0,1,0,2,1,0,68,1,0,1,0,1,0,1,0,1,0,0,1,0
6301,11,68,1,2,8,85,2,2,1,1,2,1,0,63,1,0,1,0,0,1,1,0,1,0,1,0,0
6302,26,92,1,1,8,64,1,1,1,1,5,0,0,71,1,0,0,1,1,0,0,1,1,0,0,0,1
6303,27,86,2,1,8,67,1,1,0,1,4,1,0,71,1,0,1,0,1,0,0,1,1,0,0,0,1
6304,8,68,2,1,7,96,1,2,0,2,3,2,0,65,0,1,1,0,0,1,0,1,1,0,0,0,1
6305,26,72,1,0,8,82,1,2,1,0,2,2,2,65,0,1,1,0,1,0,0,1,1,0,1,0,0
6306,15,65,1,0,8,51,1,1,2,1,3,0,1,61,0,1,1,0,0,1,0,1,1,0,0,0,1
6307,25,75,2,2,7,66,0,0,0,2,4,0,0,68,1,0,1,0,0,1,0,1,1,0,1,0,0
6308,20,68,0,1,6,80,0,4,0,1,4,1,0,65,0,1,0,1,0,1,0,1,1,0,0,1,0
6309,20,86,0,1,9,57,1,0,1,2,4,0,1,66,1,0,1,0,1,0,0,1,1,0,0,0,1
6310,19,100,2,0,5,55,0,2,0,1,4,0,1,69,1,0,1,0,0,1,0,1,1,0,0,0,1
6311,27,60,2,2,6,53,0,3,0,0,2,0,1,65,0,1,0,1,1,0,0,1,1,0,0,0,1
6312,13,82,1,2,7,82,1,1,0,0,3,0,0,65,0,1,1,0,1,0,0,1,1,0,0,0,1
6313,24,83,2,1,4,66,2,2,1,2,4,2,1,70,1,0,0,1,1,0,0,1,0,1,0,0,1
6314,27,97,1,1,9,69,1,1,0,1,2,0,1,70,0,1,0,1,1,0,0,1,1,0,0,1,0
6315,24,80,1,1,7,53,1,2,0,1,4,0,0,67,0,1,1,0,0,1,0,1,0,1,0,0,1
6316,34,82,1,2,9,87,2,3,0,1,4,0,0,75,0,1,1,0,0,1,0,1,1,0,0,0,1
6317,17,79,0,0,10,88,0,3,1,2,3,0,1,65,0,1,0,1,0,1,0,1,1,0,0,1,0
6318,26,71,1,1,7,91,1,2,0,1,3,0,1,66,0,1,0,1,0,1,1,0,1,0,0,1,0
6319,19,62,2,1,9,83,2,2,1,1,3,1,0,67,1,0,1,0,0,1,0,1,1,0,0,0,1
6320,27,76,0,1,5,89,0,0,0,1,4,2,2,67,1,0,0,1,0,1,0,1,1,0,0,0,1
6321,20,62,0,1,8,79,2,2,0,1,1,0,0,62,0,1,1,0,1,0,0,1,1,0,0,0,1
6322,18,82,1,1,6,75,1,0,0,1,4,1,0,66,1,0,0,1,0,1,0,1,1,0,1,0,0
6323,28,72,0,2,8,63,0,1,0,2,2,0,0,66,1,0,1,0,1,0,0,1,1,0,0,1,0
6324,17,81,2,0,8,53,2,0,1,1,2,0,2,64,1,0,1,0,0,1,0,1,1,0,0,1,0
6325,12,65,0,1,7,65,1,2,1,1,2,0,0,60,1,0,1,0,1,0,0,1,1,0,0,1,0
6326,17,97,1,1,8,84,1,3,0,0,3,2,0,70,0,1,0,1,0,1,1,0,1,0,0,1,0
6327,24,96,1,1,8,96,1,2,0,0,3,1,0,72,0,1,1,0,1,0,0,1,1,0,0,0,1
6328,28,68,2,1,7,63,1,0,0,2,2,1,0,67,1,0,1,0,0,1,0,1,1,0,1,0,0
6329,21,74,1,2,10,83,0,1,2,1,3,0,1,67,0,1,1,0,0,1,0,1,1,0,0,1,0
6330,28,85,1,1,7,74,1,1,1,2,3,2,0,72,0,1,1,0,0,1,0,1,1,0,0,0,1
6331,12,64,2,2,9,81,1,1,2,2,3,0,1,63,1,0,1,0,0,1,1,0,1,0,0,1,0
6332,17,74,0,1,9,50,1,0,0,2,2,0,2,60,0,1,1,0,1,0,0,1,1,0,1,0,0
6333,18,70,1,1,4,56,1,1,2,2,4,0,0,65,1,0,1,0,0,1,0,1,1,0,0,1,0
6334,19,97,2,1,9,61,2,2,1,2,1,2,1,72,1,0,1,0,0,1,0,1,1,0,0,1,0
6335,21,94,1,2,9,95,0,0,1,2,3,0,0,70,1,0,0,1,1,0,0,1,1,0,1,0,0
6336,24,83,2,1,7,52,2,1,1,2,4,1,0,71,0,1,1,0,0,1,0,1,1,0,0,0,1
6337,17,81,0,1,8,78,0,1,0,2,4,1,1,66,1,0,0,1,0,1,0,1,1,0,0,0,1
6338,21,97,0,1,8,96,2,2,0,2,4,1,1,72,0,1,1,0,0,1,0,1,1,0,0,0,1
6339,20,97,0,1,9,83,2,3,1,2,3,2,0,73,0,1,1,0,0,1,0,1,1,0,0,0,1
6340,14,99,2,1,6,74,1,2,1,1,3,1,0,71,1,0,1,0,0,1,0,1,1,0,0,1,0
6341,19,65,2,0,9,69,1,4,0,2,2,1,2,64,1,0,1,0,1,0,0,1,1,0,0,1,0
6342,19,66,1,2,5,81,1,1,2,1,3,1,1,66,1,0,0,1,0,1,0,1,1,0,0,0,1
6343,19,87,1,1,4,74,2,1,2,1,3,1,0,69,1,0,1,0,1,0,0,1,1,0,0,0,1
6344,20,82,0,1,8,85,0,1,1,2,3,2,0,66,0,1,0,1,1,0,0,1,0,1,0,1,0
6345,20,61,1,2,9,81,1,0,2,2,2,0,0,63,1,0,1,0,1,0,0,1,0,1,0,1,0
6346,17,62,1,1,7,78,1,0,1,2,3,0,0,62,1,0,1,0,0,1,0,1,1,0,1,0,0
6348,13,95,2,2,5,92,0,1,1,1,2,1,0,71,0,1,0,1,0,1,0,1,1,0,0,0,1
6349,16,74,2,1,8,80,1,0,0,1,4,2,0,66,0,1,1,0,1,0,0,1,1,0,0,0,1
6350,37,96,1,1,7,77,1,2,1,1,3,0,1,75,0,1,1,0,1,0,0,1,1,0,0,0,1
6351,14,84,2,1,9,86,2,1,0,1,4,0,0,68,0,1,0,1,0,1,0,1,1,0,0,0,1
6352,12,92,2,1,7,90,1,2,1,2,5,0,0,69,1,0,1,0,1,0,0,1,1,0,1,0,0
6353,24,77,1,0,6,65,2,2,1,2,3,0,0,68,1,0,0,1,0,1,0,1,1,0,0,0,1
6354,8,65,1,1,7,83,0,3,1,1,4,0,0,60,0,1,1,0,1,0,0,1,1,0,1,0,0
6355,19,77,1,0,9,57,0,4,1,1,3,0,0,64,0,1,1,0,1,0,0,1,0,1,0,1,0
6356,33,78,1,1,9,72,1,4,1,1,3,0,1,71,1,0,1,0,1,0,0,1,1,0,0,0,1
6357,11,82,2,2,7,97,0,2,2,1,3,1,0,69,1,0,1,0,1,0,0,1,1,0,0,0,1
6358,8,64,1,1,7,66,1,1,0,1,3,1,0,60,1,0,0,1,0,1,0,1,1,0,0,0,1
6359,11,100,2,2,8,58,2,1,0,1,3,1,0,70,0,1,0,1,0,1,0,1,1,0,0,0,1
6360,25,70,0,1,6,57,1,4,1,1,3,0,0,66,1,0,0,1,0,1,0,1,1,0,0,1,0
6361,27,68,2,1,8,70,2,0,1,1,3,2,0,68,1,0,0,1,1,0,0,1,1,0,0,0,1
6362,17,81,2,0,7,61,1,2,2,1,2,1,0,67,0,1,1,0,1,0,0,1,1,0,0,0,1
6363,24,81,1,1,7,71,2,1,1,2,3,1,0,70,1,0,1,0,0,1,0,1,1,0,0,1,0
6364,28,78,2,1,7,86,0,0,0,2,2,1,1,69,1,0,1,0,0,1,0,1,1,0,0,1,0
6365,31,91,1,2,7,94,2,2,2,2,3,0,2,75,1,0,1,0,0,1,0,1,1,0,1,0,0
6366,19,81,1,0,10,56,0,1,1,2,3,0,0,65,1,0,1,0,0,1,0,1,1,0,0,0,1
6367,6,84,1,1,6,88,1,1,0,1,5,2,1,65,1,0,0,1,0,1,0,1,1,0,0,0,1
6368,15,89,1,0,6,55,1,1,1,1,4,2,1,66,1,0,1,0,1,0,0,1,1,0,0,0,1
6369,17,61,2,1,9,69,2,1,1,2,3,0,2,64,1,0,1,0,0,1,0,1,1,0,0,0,1
6370,18,83,0,1,8,100,1,1,0,2,2,0,0,66,0,1,0,1,1,0,0,1,1,0,1,0,0
6371,19,95,1,2,8,53,1,3,0,1,1,0,1,70,0,1,1,0,0,1,0,1,1,0,0,0,1
6372,27,61,2,0,5,51,2,1,0,1,1,1,2,63,1,0,0,1,1,0,0,1,1,0,0,0,1
6373,28,76,0,0,7,67,2,1,2,0,4,1,0,66,1,0,1,0,1,0,0,1,1,0,1,0,0
6374,19,97,0,1,8,98,0,1,1,1,3,1,0,71,0,1,1,0,0,1,0,1,1,0,0,0,1
6375,27,74,1,2,6,51,2,2,1,1,4,0,2,68,1,0,0,1,1,0,0,1,1,0,0,0,1
6376,22,78,1,1,8,61,1,2,2,1,5,0,1,68,1,0,1,0,0,1,0,1,1,0,0,0,1
6377,20,99,0,1,7,80,2,0,1,2,3,2,0,71,1,0,1,0,1,0,0,1,1,0,1,0,0
6378,25,68,0,1,6,62,0,1,0,2,4,1,1,63,0,1,0,1,1,0,0,1,1,0,1,0,0
6379,20,63,0,0,9,53,0,1,1,1,4,0,0,60,1,0,1,0,1,0,0,1,1,0,0,0,1
6380,32,94,1,2,9,53,1,1,1,1,3,0,0,73,0,1,1,0,0,1,0,1,1,0,0,1,0
6381,11,95,1,1,7,78,0,4,1,1,4,0,0,68,0,1,0,1,0,1,0,1,1,0,1,0,0
6382,17,79,2,2,8,78,1,2,2,1,5,0,0,70,0,1,1,0,0,1,0,1,1,0,0,0,1
6383,19,81,1,1,9,85,1,1,0,1,1,0,1,66,1,0,1,0,0,1,0,1,1,0,0,1,0
6384,23,93,2,1,6,57,1,1,2,1,2,2,0,72,0,1,1,0,1,0,0,1,1,0,0,0,1
6385,28,90,2,0,8,75,1,1,0,2,3,0,1,70,1,0,1,0,0,1,0,1,0,1,0,1,0
6386,20,71,2,2,6,80,1,2,2,0,3,0,0,68,1,0,1,0,0,1,0,1,1,0,0,0,1
6387,11,61,1,1,5,61,1,3,1,2,0,2,0,60,1,0,1,0,0,1,0,1,0,1,0,1,0
6388,25,79,2,1,6,77,0,2,0,2,3,0,0,68,1,0,1,0,1,0,1,0,1,0,0,1,0
6389,25,94,2,2,5,85,2,1,1,1,2,1,0,74,0,1,1,0,1,0,0,1,1,0,0,1,0
6390,8,96,1,1,8,100,2,1,2,1,4,0,1,68,1,0,1,0,0,1,0,1,1,0,1,0,0
6391,20,98,0,1,6,80,0,4,1,1,4,1,0,72,1,0,1,0,0,1,0,1,1,0,0,0,1
6392,10,95,1,2,5,93,2,0,0,2,3,0,1,69,1,0,1,0,0,1,0,1,1,0,0,0,1
6394,15,78,1,2,8,97,1,1,1,1,4,2,0,68,1,0,1,0,1,0,0,1,1,0,0,1,0
6395,25,91,1,0,7,86,1,0,1,1,5,0,0,70,0,1,1,0,1,0,0,1,1,0,0,1,0
6396,21,90,1,1,8,61,1,1,2,1,4,2,1,69,0,1,1,0,1,0,0,1,1,0,0,0,1
6397,12,82,2,0,6,65,0,3,1,1,3,0,0,64,0,1,0,1,1,0,0,1,1,0,1,0,0
6398,25,63,1,0,6,89,2,1,1,2,4,0,1,65,1,0,0,1,1,0,0,1,1,0,0,1,0
6399,11,97,1,1,8,76,2,2,1,2,2,0,1,69,0,1,1,0,1,0,0,1,1,0,0,0,1
6400,22,78,1,0,9,63,2,2,1,2,4,0,0,67,1,0,1,0,1,0,0,1,1,0,0,1,0
6401,15,75,1,2,6,83,0,1,2,1,2,0,0,65,0,1,0,1,1,0,0,1,1,0,1,0,0
6402,18,85,1,2,6,95,2,2,0,0,4,1,0,70,0,1,0,1,0,1,0,1,1,0,0,0,1
6403,23,87,2,0,8,68,1,0,2,2,3,1,2,68,1,0,0,1,1,0,0,1,1,0,0,1,0
6404,23,68,1,1,8,80,1,1,1,0,1,0,0,65,0,1,1,0,0,1,0,1,1,0,0,1,0
6405,28,93,1,1,7,79,2,0,1,1,4,2,0,74,1,0,1,0,1,0,0,1,1,0,0,0,1
6406,20,72,1,1,9,56,1,4,2,1,2,0,0,65,1,0,1,0,0,1,0,1,1,0,1,0,0
6407,22,67,2,2,10,55,1,1,0,1,2,0,1,65,1,0,1,0,0,1,0,1,1,0,0,0,1
6408,17,76,2,1,8,94,1,3,1,1,4,0,1,68,0,1,1,0,0,1,0,1,1,0,0,1,0
6409,21,89,1,1,6,97,1,1,0,1,3,2,2,68,0,1,0,1,1,0,1,0,1,0,1,0,0
6410,23,99,1,1,8,95,2,5,1,1,4,0,1,74,0,1,1,0,1,0,0,1,1,0,0,1,0
6411,19,92,2,1,6,70,2,2,1,1,3,0,0,71,0,1,0,1,1,0,0,1,1,0,1,0,0
6412,9,98,2,1,9,64,1,1,0,1,3,0,0,67,1,0,0,1,0,1,0,1,1,0,1,0,0
6413,22,66,1,1,6,97,0,0,2,0,3,0,1,64,0,1,1,0,0,1,0,1,1,0,0,1,0
6414,22,63,0,0,7,94,1,0,1,1,3,0,2,61,1,0,1,0,0,1,0,1,0,1,1,0,0
6415,16,82,1,1,6,91,1,0,0,1,3,0,0,66,0,1,1,0,1,0,0,1,1,0,0,0,1
6416,12,72,1,1,7,67,0,0,0,1,2,0,0,61,0,1,1,0,1,0,0,1,1,0,0,0,1
6417,29,93,1,2,7,82,1,5,0,1,3,0,1,73,1,0,1,0,1,0,0,1,1,0,1,0,0
6418,23,87,0,1,8,88,2,2,1,2,3,0,0,70,1,0,1,0,1,0,0,1,1,0,0,1,0
6419,19,99,0,1,7,79,1,2,0,1,2,2,0,70,1,0,0,1,1,0,0,1,1,0,0,1,0
6420,13,70,1,0,7,80,2,1,2,1,4,1,2,63,0,1,1,0,0,1,0,1,1,0,0,0,1
6421,15,79,2,1,6,88,1,3,2,1,3,2,1,69,1,0,1,0,0,1,0,1,1,0,0,1,0
6422,28,80,2,2,7,88,1,2,2,1,2,0,0,72,1,0,1,0,1,0,0,1,1,0,1,0,0
6423,21,70,1,2,5,62,1,2,0,2,2,0,0,66,0,1,1,0,0,1,0,1,1,0,0,1,0
6424,17,84,2,2,9,70,1,1,2,1,4,0,0,68,1,0,1,0,1,0,0,1,1,0,1,0,0
6425,23,78,1,2,7,89,1,1,1,0,3,0,2,67,1,0,1,0,1,0,0,1,1,0,0,1,0
6426,15,78,1,2,9,63,1,2,1,1,3,2,2,65,0,1,0,1,0,1,1,0,1,0,0,0,1
6427,29,75,0,1,7,96,0,2,0,1,3,0,1,68,1,0,1,0,0,1,0,1,1,0,0,0,1
6428,28,61,2,1,4,92,0,1,1,2,4,1,0,68,0,1,0,1,0,1,0,1,1,0,0,1,0
6429,17,81,2,1,6,95,2,2,1,1,3,0,0,69,1,0,0,1,1,0,0,1,1,0,0,0,1
6430,16,73,2,2,7,65,0,1,1,1,4,1,1,66,1,0,0,1,0,1,0,1,1,0,0,0,1
6432,11,72,2,0,8,55,2,0,1,0,3,1,0,60,1,0,1,0,1,0,0,1,0,1,0,1,0
6433,12,71,2,2,7,78,2,3,0,1,4,1,1,67,0,1,1,0,0,1,0,1,1,0,0,0,1
6434,21,76,1,1,6,65,0,2,0,2,2,0,0,65,0,1,1,0,0,1,0,1,1,0,1,0,0
6435,18,65,2,1,6,63,2,1,0,1,2,0,2,62,1,0,1,0,0,1,0,1,1,0,1,0,0
6436,12,80,1,2,6,61,1,0,2,2,2,0,0,65,1,0,0,1,0,1,0,1,1,0,0,1,0
6437,18,88,2,2,8,78,1,0,1,1,2,1,1,69,1,0,1,0,1,0,0,1,1,0,0,1,0
6438,23,85,0,2,8,77,1,0,2,1,4,1,0,70,1,0,1,0,1,0,0,1,1,0,0,0,1
6439,23,92,0,2,6,71,2,2,0,1,2,0,1,70,1,0,1,0,0,1,0,1,1,0,0,0,1
6440,9,78,2,1,9,57,0,1,0,2,5,0,1,63,0,1,1,0,1,0,0,1,1,0,0,0,1
6441,19,81,0,1,8,96,2,0,1,2,4,2,0,69,1,0,1,0,0,1,0,1,1,0,0,1,0
6442,12,92,0,1,6,71,0,0,1,2,4,0,0,64,1,0,0,1,1,0,0,1,1,0,1,0,0
6443,25,77,1,2,7,56,1,1,0,1,3,2,0,69,1,0,1,0,1,0,0,1,1,0,0,0,1
6444,25,88,2,1,8,52,0,1,1,1,2,0,0,70,1,0,1,0,0,1,0,1,1,0,0,0,1
6445,15,77,1,1,5,58,1,1,0,1,3,1,1,64,0,1,1,0,0,1,0,1,1,0,0,0,1
6446,15,77,2,1,5,65,0,2,0,1,4,2,0,65,1,0,1,0,0,1,1,0,0,1,0,0,1
6447,17,90,2,1,8,82,1,0,1,2,4,1,0,70,1,0,1,0,1,0,0,1,1,0,0,1,0
6448,6,67,1,0,6,99,0,0,1,1,2,1,0,60,1,0,0,1,0,1,0,1,1,0,0,1,0
6449,22,74,1,2,9,64,2,3,1,1,3,0,0,68,0,1,1,0,0,1,0,1,1,0,0,1,0
6450,18,69,0,0,10,89,0,2,0,2,1,0,1,61,1,0,1,0,0,1,0,1,0,1,0,1,0
6451,26,74,1,0,8,96,1,2,1,2,3,0,0,68,0,1,0,1,0,1,0,1,1,0,0,1,0
6452,13,69,1,0,8,70,1,1,2,2,3,0,1,61,1,0,0,1,1,0,0,1,1,0,0,1,0
6453,16,83,0,1,5,63,0,2,2,1,3,0,1,64,0,1,0,1,1,0,0,1,0,1,0,0,1
6454,11,92,1,1,5,75,1,2,1,1,3,0,0,66,0,1,1,0,1,0,0,1,1,0,1,0,0
6455,14,91,1,1,7,95,1,2,2,2,2,0,1,70,1,0,1,0,0,1,0,1,1,0,0,0,1
6456,13,75,2,2,5,51,1,3,1,1,3,0,0,65,0,1,0,1,0,1,0,1,1,0,1,0,0
6457,26,100,1,2,7,74,2,1,1,1,2,0,0,74,0,1,1,0,0,1,0,1,1,0,0,1,0
6458,16,84,2,2,6,88,0,1,1,1,1,0,0,66,1,0,0,1,1,0,0,1,0,1,1,0,0
6459,21,76,0,1,7,80,2,3,0,1,2,1,0,65,1,0,1,0,0,1,0,1,0,1,1,0,0
6460,18,93,0,2,7,75,2,1,2,1,1,1,1,69,0,1,0,1,1,0,0,1,1,0,0,0,1
6461,12,89,1,2,8,78,0,4,0,1,5,2,0,69,0,1,1,0,0,1,0,1,1,0,0,1,0
6462,19,90,0,2,7,81,1,2,1,1,2,0,0,69,0,1,0,1,1,0,0,1,1,0,0,0,1
6463,24,68,2,0,6,84,1,1,0,2,4,0,0,66,0,1,1,0,1,0,0,1,1,0,0,0,1
6464,13,79,1,0,5,68,1,2,2,1,3,0,0,63,0,1,0,1,1,0,1,0,1,0,0,0,1
6465,25,94,1,0,7,76,1,1,0,2,2,0,1,69,0,1,0,1,0,1,0,1,0,1,0,1,0
6466,15,80,1,2,4,64,1,1,1,1,1,0,0,65,1,0,1,0,0,1,0,1,1,0,0,1,0
6467,17,87,1,1,9,99,1,1,1,0,3,0,1,67,1,0,0,1,1,0,0,1,1,0,0,1,0
6468,23,84,1,1,8,59,0,1,0,2,4,2,2,66,0,1,1,0,1,0,0,1,0,1,0,0,1
6469,16,94,0,1,8,58,1,2,0,1,3,1,0,67,1,0,1,0,0,1,0,1,0,1,0,0,1
6470,20,71,0,2,6,63,2,1,0,1,2,1,1,65,1,0,1,0,0,1,0,1,1,0,0,0,1
6471,18,83,1,2,8,96,0,0,1,2,4,2,0,69,0,1,1,0,1,0,0,1,0,1,0,0,1
6472,21,65,0,2,6,83,1,3,0,2,5,0,0,65,1,0,1,0,1,0,0,1,1,0,0,1,0
6473,6,88,2,2,7,73,1,3,0,1,3,1,0,67,1,0,0,1,0,1,0,1,1,0,0,1,0
6474,9,89,1,1,6,96,1,0,2,0,4,0,0,66,1,0,1,0,0,1,0,1,1,0,1,0,0
6475,24,62,0,1,7,95,1,1,2,0,3,1,2,64,0,1,1,0,1,0,0,1,1,0,0,0,1
6476,26,87,1,2,5,70,0,1,0,1,2,0,0,70,0,1,0,1,1,0,0,1,1,0,0,0,1
6477,15,77,1,2,7,78,1,0,0,2,3,0,1,65,1,0,1,0,0,1,0,1,1,0,0,1,0
6478,19,65,0,1,5,95,1,2,1,2,4,1,0,65,1,0,0,1,0,1,0,1,1,0,0,1,0
6479,22,77,0,0,10,66,1,2,0,1,3,1,1,64,1,0,1,0,1,0,0,1,1,0,0,0,1
6480,24,68,1,0,7,70,0,1,0,0,3,1,0,64,1,0,1,0,0,1,0,1,1,0,0,1,0
6481,8,77,1,0,7,90,0,1,1,1,0,0,1,61,1,0,1,0,0,1,0,1,1,0,0,1,0
6482,15,75,2,1,8,85,1,1,0,2,3,0,0,65,1,0,1,0,1,0,0,1,1,0,0,1,0
6483,18,90,2,1,5,52,0,5,1,1,3,0,1,68,1,0,0,1,0,1,0,1,0,1,0,0,1
6484,24,91,0,2,6,56,1,1,0,2,2,1,1,70,1,0,1,0,0,1,0,1,1,0,0,0,1
6485,35,84,0,1,8,92,2,6,0,2,4,0,1,74,1,0,1,0,0,1,0,1,1,0,1,0,0
6486,19,61,1,1,7,51,0,1,0,2,1,0,0,60,0,1,1,0,1,0,0,1,1,0,0,1,0
6487,12,97,2,0,6,96,1,2,0,2,2,2,0,71,0,1,1,0,0,1,0,1,1,0,0,0,1
6488,22,87,2,2,8,64,1,2,1,2,3,0,1,70,0,1,1,0,0,1,1,0,1,0,1,0,0
6489,28,61,0,1,7,80,0,2,1,1,4,2,0,67,0,1,1,0,0,1,0,1,1,0,0,0,1
6490,21,93,1,1,8,78,1,0,0,1,3,0,0,68,1,0,0,1,0,1,1,0,1,0,0,1,0
6491,15,68,2,1,8,70,1,3,1,2,3,0,0,64,0,1,1,0,1,0,0,1,1,0,1,0,0
6492,26,83,2,0,6,52,1,0,0,2,3,0,0,67,1,0,1,0,1,0,0,1,1,0,1,0,0
6493,24,79,0,0,7,60,0,0,0,2,3,2,0,65,0,1,1,0,1,0,0,1,1,0,0,1,0
6494,14,77,1,1,4,81,0,3,1,1,3,1,0,66,0,1,0,1,0,1,0,1,1,0,0,1,0
6495,22,96,1,1,6,72,0,1,2,1,4,1,0,72,0,1,1,0,0,1,0,1,1,0,0,0,1
6496,26,77,0,1,7,71,2,3,2,1,3,0,0,69,0,1,1,0,0,1,0,1,1,0,0,1,0
6497,27,63,1,1,8,55,0,1,1,1,3,2,0,65,0,1,0,1,0,1,0,1,1,0,0,1,0
6498,20,98,0,2,8,67,1,0,2,1,3,0,0,71,0,1,1,0,0,1,0,1,1,0,0,0,1
6499,18,97,2,2,6,76,1,0,1,2,5,0,1,72,1,0,1,0,0,1,0,1,1,0,0,1,0
6500,27,87,2,1,6,54,1,0,1,1,2,0,0,70,0,1,0,1,1,0,0,1,1,0,0,0,1
6501,13,79,2,1,9,53,1,1,1,1,2,1,1,63,1,0,0,1,1,0,1,0,1,0,0,0,1
6502,23,64,1,1,7,75,1,2,1,2,2,0,0,66,0,1,1,0,1,0,0,1,1,0,0,0,1
6503,12,92,0,0,7,78,2,3,1,2,2,1,0,67,1,0,1,0,0,1,0,1,1,0,1,0,0
6504,26,63,1,2,8,63,0,1,2,2,3,2,0,67,1,0,1,0,1,0,0,1,1,0,0,1,0
6505,18,63,1,1,7,66,0,2,1,1,2,1,0,62,0,1,0,1,0,1,0,1,1,0,1,0,0
6506,28,81,1,2,7,90,2,3,1,1,3,0,1,72,1,0,0,1,0,1,0,1,1,0,1,0,0
6507,23,66,1,2,7,93,2,1,2,2,1,0,0,69,0,1,1,0,0,1,0,1,1,0,0,0,1
6508,13,60,1,1,6,66,1,1,1,2,5,1,1,61,1,0,1,0,0,1,0,1,0,1,0,0,1
6509,29,77,1,0,7,68,2,1,1,1,3,0,2,67,0,1,1,0,0,1,0,1,1,0,0,0,1
6510,29,65,0,1,4,92,1,0,1,1,4,0,0,66,0,1,0,1,0,1,1,0,1,0,0,0,1
6511,25,66,1,1,6,99,1,2,1,1,3,1,0,68,0,1,1,0,0,1,0,1,1,0,0,0,1
6512,15,63,1,2,8,66,2,1,0,1,4,1,0,62,1,0,0,1,1,0,0,1,1,0,1,0,0
6513,18,68,2,0,8,89,1,0,1,0,3,1,2,63,1,0,1,0,0,1,0,1,1,0,1,0,0
6514,21,89,1,1,9,74,2,3,0,1,4,0,1,70,0,1,0,1,0,1,0,1,1,0,0,0,1
6515,16,92,0,2,8,63,1,2,0,1,4,1,1,68,1,0,1,0,0,1,0,1,1,0,0,1,0
6516,30,78,1,2,8,84,1,1,2,0,1,1,0,71,1,0,0,1,0,1,0,1,1,0,1,0,0
6517,21,80,2,0,7,73,1,0,1,0,2,0,1,65,0,1,0,1,1,0,0,1,1,0,0,1,0
6518,4,61,0,2,6,63,1,4,1,1,3,0,1,59,1,0,1,0,0,1,0,1,1,0,0,1,0
6519,22,63,2,0,8,55,1,2,1,1,4,0,0,64,1,0,0,1,0,1,0,1,1,0,0,1,0
6520,18,70,1,2,7,93,1,0,1,2,3,1,0,67,1,0,1,0,1,0,0,1,1,0,0,0,1
6521,20,82,1,1,6,94,1,3,0,1,2,0,0,68,1,0,0,1,1,0,0,1,1,0,0,0,1
6523,25,84,1,1,7,83,2,1,0,1,3,0,1,70,1,0,1,0,0,1,0,1,1,0,0,0,1
6524,27,76,1,1,9,58,1,1,1,1,3,1,0,68,0,1,1,0,1,0,0,1,1,0,0,0,1
6525,22,65,0,1,7,82,1,2,1,2,4,1,0,65,1,0,1,0,1,0,0,1,0,1,0,0,1
6526,18,91,0,1,7,95,1,2,0,2,2,2,0,70,1,0,1,0,1,0,0,1,1,0,0,0,1
6527,20,75,1,1,8,63,1,4,1,0,3,2,0,67,1,0,1,0,1,0,0,1,1,0,0,1,0
6528,20,89,1,2,8,67,1,2,0,2,2,1,0,69,1,0,1,0,1,0,0,1,0,1,0,1,0
6529,15,81,1,2,7,90,2,1,0,1,2,2,2,68,0,1,0,1,0,1,0,1,1,0,0,0,1
6530,23,90,2,2,7,87,2,1,0,1,2,0,0,72,0,1,1,0,1,0,0,1,1,0,0,1,0
6531,23,96,1,2,6,70,1,1,1,1,2,0,0,71,1,0,1,0,1,0,0,1,1,0,0,1,0
6532,29,97,1,2,9,92,1,2,0,1,4,0,1,75,0,1,1,0,0,1,0,1,1,0,0,0,1
6533,28,81,1,2,6,96,1,0,1,1,2,0,0,70,1,0,1,0,1,0,0,1,1,0,0,1,0
6534,16,80,1,1,9,73,1,2,1,1,4,1,0,66,1,0,0,1,1,0,0,1,1,0,1,0,0
6535,25,71,1,2,7,52,2,3,0,1,3,0,0,67,1,0,0,1,0,1,0,1,1,0,0,1,0
6536,14,97,1,1,7,75,2,1,1,1,4,1,0,70,0,1,1,0,0,1,0,1,1,0,0,0,1
6537,24,78,2,2,8,87,1,2,1,1,3,0,0,71,1,0,1,0,0,1,0,1,1,0,0,1,0
6538,17,65,1,1,6,61,1,5,0,1,4,0,0,64,0,1,1,0,1,0,0,1,1,0,0,0,1
6539,14,77,1,1,8,55,2,2,2,2,4,0,0,65,1,0,0,1,1,0,0,1,1,0,0,1,0
6540,22,65,1,1,7,64,2,1,1,2,2,0,1,64,1,0,0,1,0,1,0,1,1,0,1,0,0
6541,4,80,0,1,8,51,1,4,1,2,5,0,0,62,1,0,1,0,0,1,0,1,1,0,1,0,0
6542,9,82,2,0,6,86,1,2,0,2,2,1,2,64,0,1,0,1,0,1,0,1,1,0,1,0,0
6543,19,74,1,2,6,57,2,1,1,1,2,0,0,66,0,1,0,1,0,1,0,1,1,0,0,0,1
6544,20,63,1,1,4,86,0,0,2,1,3,1,0,64,1,0,1,0,0,1,0,1,1,0,0,1,0
6545,18,98,2,1,6,62,0,3,1,2,3,0,2,71,0,1,1,0,0,1,0,1,1,0,0,0,1
6546,11,91,2,0,6,100,0,4,0,1,2,2,0,68,1,0,1,0,0,1,0,1,1,0,1,0,0
6547,15,94,1,1,6,77,0,3,2,2,4,1,0,70,0,1,0,1,0,1,0,1,1,0,0,1,0
6548,22,75,2,1,7,52,2,0,0,1,3,1,0,66,0,1,0,1,1,0,0,1,1,0,0,1,0
6549,23,90,1,1,7,89,0,2,2,1,4,1,1,71,0,1,1,0,1,0,0,1,1,0,0,0,1
6550,20,79,1,1,8,71,1,1,1,2,3,1,0,68,0,1,1,0,0,1,0,1,1,0,0,1,0
6551,27,68,0,0,8,80,2,3,1,1,4,0,0,66,1,0,1,0,0,1,0,1,0,1,0,0,1
6552,22,65,0,1,8,98,2,4,1,1,3,0,0,66,0,1,0,1,1,0,0,1,1,0,0,1,0
6553,16,74,0,2,8,76,1,5,0,1,3,1,1,65,1,0,1,0,1,0,0,1,1,0,1,0,0
6554,18,66,1,1,7,90,1,0,1,1,4,2,0,64,1,0,1,0,0,1,0,1,1,0,1,0,0
6555,12,100,0,1,7,65,1,1,0,1,2,0,0,67,1,0,0,1,0,1,0,1,1,0,0,0,1
6556,19,62,1,1,8,86,0,1,2,1,3,1,0,65,1,0,1,0,0,1,0,1,1,0,0,0,1
6557,27,78,1,1,8,55,0,3,2,1,2,2,1,69,1,0,1,0,0,1,0,1,1,0,0,1,0
6558,24,78,2,1,5,95,0,1,0,1,2,1,0,69,1,0,0,1,0,1,0,1,1,0,0,0,1
6559,28,72,0,1,7,60,1,4,2,1,3,2,0,69,1,0,1,0,0,1,0,1,1,0,0,1,0
6560,18,83,1,2,4,65,0,3,0,1,4,1,1,68,1,0,1,0,1,0,0,1,1,0,0,0,1
6561,28,66,1,0,4,98,1,0,1,2,3,0,0,67,0,1,1,0,0,1,0,1,1,0,0,0,1
6562,19,91,1,0,6,58,2,2,0,2,3,1,1,68,1,0,1,0,1,0,0,1,1,0,0,0,1
6563,29,73,0,0,7,63,1,1,0,1,4,2,2,65,0,1,1,0,0,1,0,1,1,0,1,0,0
6564,20,84,2,1,6,79,1,3,1,1,3,1,1,69,1,0,1,0,0,1,0,1,1,0,1,0,0
6565,24,89,1,0,4,99,2,1,2,2,3,2,0,73,1,0,0,1,1,0,0,1,1,0,0,0,1
6567,19,93,1,2,6,56,1,0,0,2,3,1,0,69,1,0,0,1,0,1,0,1,1,0,1,0,0
6568,21,84,2,0,8,87,0,2,2,1,1,2,2,69,0,1,1,0,0,1,0,1,1,0,0,0,1
6569,28,76,1,1,6,71,1,3,0,1,2,0,2,68,0,1,0,1,0,1,0,1,1,0,0,0,1
6570,19,80,2,2,6,100,1,1,1,1,3,0,0,70,1,0,1,0,0,1,0,1,1,0,0,0,1
6571,12,91,1,0,8,81,0,0,0,0,4,0,1,64,1,0,1,0,0,1,0,1,1,0,0,0,1
6572,33,95,0,0,6,77,0,2,2,2,3,0,1,73,0,1,0,1,0,1,0,1,1,0,0,0,1
6573,17,64,1,1,7,78,2,1,1,1,3,0,0,64,1,0,1,0,0,1,0,1,1,0,0,0,1
6574,21,75,1,0,7,82,1,1,1,1,4,0,0,65,1,0,1,0,0,1,0,1,1,0,1,0,0
6575,27,91,0,2,5,87,1,0,1,1,3,0,0,69,0,1,1,0,1,0,1,0,1,0,1,0,0
6576,16,77,1,0,8,54,1,0,1,1,3,2,0,62,1,0,1,0,0,1,1,0,1,0,1,0,0
6577,14,73,2,1,6,57,2,2,1,1,4,0,1,64,0,1,1,0,0,1,0,1,1,0,0,1,0
6578,22,76,0,2,5,65,0,0,1,2,3,0,2,64,0,1,1,0,1,0,0,1,1,0,0,1,0
6579,9,84,1,1,6,74,1,5,2,1,2,0,0,67,1,0,1,0,1,0,0,1,1,0,0,1,0
6580,18,100,1,0,8,66,2,3,0,1,3,1,0,69,1,0,1,0,0,1,1,0,1,0,1,0,0
6581,21,80,1,0,5,61,1,2,2,1,3,0,0,67,1,0,1,0,0,1,0,1,1,0,0,0,1
6582,18,68,0,2,8,96,1,1,2,1,3,0,1,65,1,0,1,0,1,0,0,1,1,0,0,1,0
6583,11,67,1,2,8,52,2,3,2,2,3,1,1,63,0,1,1,0,1,0,0,1,1,0,1,0,0
6584,30,62,0,0,7,97,1,0,2,1,5,1,0,66,0,1,0,1,0,1,0,1,1,0,0,1,0
6585,21,82,1,2,7,95,2,1,2,1,3,0,0,70,1,0,1,0,1,0,0,1,1,0,1,0,0
6586,29,82,1,2,7,84,0,1,0,1,2,0,0,70,1,0,0,1,1,0,0,1,1,0,0,0,1
6587,18,68,2,2,8,52,2,0,2,2,3,1,0,67,1,0,1,0,0,1,0,1,1,0,0,0,1
6588,15,88,0,1,6,61,1,0,2,1,4,2,2,65,1,0,1,0,0,1,0,1,0,1,0,1,0
6589,22,90,0,2,5,99,1,1,0,0,2,1,0,70,0,1,0,1,1,0,0,1,1,0,0,0,1
6590,19,70,1,1,7,95,2,0,1,2,3,1,0,66,0,1,0,1,0,1,1,0,1,0,0,0,1
6591,13,74,1,2,8,98,2,1,2,2,2,0,0,66,1,0,1,0,0,1,0,1,1,0,1,0,0
6592,29,100,1,0,8,100,0,0,0,1,5,0,0,72,1,0,0,1,0,1,0,1,0,1,0,1,0
6593,16,75,2,0,10,53,2,0,0,0,4,1,0,64,0,1,1,0,0,1,0,1,1,0,0,0,1
6594,9,90,2,2,7,79,0,4,2,2,4,0,0,70,1,0,1,0,0,1,0,1,1,0,0,0,1
6595,28,78,1,2,7,92,0,1,1,2,3,2,1,71,0,1,1,0,1,0,0,1,1,0,0,0,1
6596,17,92,1,1,7,66,0,2,0,1,3,0,0,66,1,0,1,0,1,0,0,1,1,0,1,0,0
6597,16,91,2,1,6,72,2,0,2,2,2,2,0,70,0,1,1,0,0,1,0,1,1,0,1,0,0
6598,9,87,0,1,6,64,1,1,2,1,2,0,0,64,0,1,1,0,0,1,0,1,1,0,0,1,0
6599,30,94,1,0,5,52,0,3,2,1,2,2,1,70,0,1,0,1,1,0,1,0,1,0,0,1,0
6600,12,98,1,0,4,54,1,2,1,2,3,0,0,67,0,1,0,1,0,1,0,1,1,0,0,1,0
6601,20,83,1,0,6,51,0,2,1,1,4,0,1,65,0,1,1,0,1,0,0,1,1,0,0,1,0
6602,25,69,2,1,7,76,1,1,2,1,2,0,0,68,0,1,1,0,1,0,0,1,1,0,0,0,1
6603,23,76,2,1,8,81,1,3,0,2,2,0,0,69,0,1,1,0,1,0,0,1,1,0,0,0,1
6604,20,90,1,0,6,65,0,3,0,1,2,2,0,68,0,1,1,0,0,1,0,1,1,0,1,0,0
6605,10,86,2,2,6,91,2,2,0,1,3,0,2,68,0,1,0,1,0,1,0,1,1,0,0,0,1
6606,15,67,1,0,9,94,1,0,1,1,4,2,0,64,1,0,1,0,0,1,0,1,1,0,0,0,1
